,section,book,start,end,first_ms,book2,ms2,section2
0,### | ذكر بساتين الوزير,0845Maqrizi.Mawaciz,115,119,1467,0660IbnCadim.BughyatTalab,1959,### $ الحسين بن علي بن الحسين
1,### | ذكر بساتين الوزير,0845Maqrizi.Mawaciz,119,122,1467,0660IbnCadim.BughyatTalab,1959,### $ الحسين بن علي بن الحسين
2,### | ذكر بساتين الوزير,0845Maqrizi.Mawaciz,122,125,1467,0660IbnCadim.BughyatTalab,1959,### $ الحسين بن علي بن الحسين
3,### | ذكر بساتين الوزير,0845Maqrizi.Mawaciz,125,126,1467,0660IbnCadim.BughyatTalab,1959,### $ الحسين بن علي بن الحسين
4,### | ذكر بساتين الوزير,0845Maqrizi.Mawaciz,126,129,1467,0660IbnCadim.BughyatTalab,1959,### $ الحسين بن علي بن الحسين
5,### | ذكر بساتين الوزير,0845Maqrizi.Mawaciz,142,146,1467,0660IbnCadim.BughyatTalab,1959,### $ الحسين بن علي بن الحسين
6,### | ذكر بساتين الوزير,0845Maqrizi.Mawaciz,146,149,1467,0660IbnCadim.BughyatTalab,1959,### $ الحسين بن علي بن الحسين
7,### | ذكر بساتين الوزير,0845Maqrizi.Mawaciz,176,181,1467,0660IbnCadim.BughyatTalab,1959,### $ الحسين بن علي بن الحسين
8,### | ذكر بساتين الوزير,0845Maqrizi.Mawaciz,182,186,1467,0660IbnCadim.BughyatTalab,1959,### $ الحسين بن علي بن الحسين
9,### | ذكر بساتين الوزير,0845Maqrizi.Mawaciz,226,230,1467,0660IbnCadim.BughyatTalab,1959,### $ الحسين بن علي بن الحسين
10,### | ذكر بساتين الوزير,0845Maqrizi.Mawaciz,232,243,1467,0660IbnCadim.BughyatTalab,1959,### $ الحسين بن علي بن الحسين
11,### | ذكر بساتين الوزير,0845Maqrizi.Mawaciz,247,249,1467,0660IbnCadim.BughyatTalab,1959,### $ الحسين بن علي بن الحسين
12,### | ذكر بساتين الوزير,0845Maqrizi.Mawaciz,249,265,1467,0660IbnCadim.BughyatTalab,1959,### $ الحسين بن علي بن الحسين
13,### | ذكر بساتين الوزير,0845Maqrizi.Mawaciz,265,287,1467,0660IbnCadim.BughyatTalab,1959,### $ الحسين بن علي بن الحسين
14,### | ذكر بساتين الوزير,0845Maqrizi.Mawaciz,288,309,1467,0660IbnCadim.BughyatTalab,1959,### $ الحسين بن علي بن الحسين
15,### | ذكر بساتين الوزير,0845Maqrizi.Mawaciz,316,334,1467,0660IbnCadim.BughyatTalab,1959,### $ الحسين بن علي بن الحسين
16,### | ذكر بساتين الوزير,0845Maqrizi.Mawaciz,334,340,1467,0660IbnCadim.BughyatTalab,1959,### $ الحسين بن علي بن الحسين
17,### | ذكر بساتين الوزير,0845Maqrizi.Mawaciz,344,347,1467,0660IbnCadim.BughyatTalab,1959,### $ الحسين بن علي بن الحسين
18,### | ذكر بساتين الوزير,0845Maqrizi.Mawaciz,358,366,1467,0660IbnCadim.BughyatTalab,1959,### $ الحسين بن علي بن الحسين
19,### | ذكر بساتين الوزير,0845Maqrizi.Mawaciz,366,367,1467,0660IbnCadim.BughyatTalab,1959,### $ الحسين بن علي بن الحسين
20,### | ذكر بساتين الوزير,0845Maqrizi.Mawaciz,367,371,1467,0660IbnCadim.BughyatTalab,1959,### $ الحسين بن علي بن الحسين
21,### | ذكر بساتين الوزير,0845Maqrizi.Mawaciz,371,431,1467,0660IbnCadim.BughyatTalab,1959,### $ الحسين بن علي بن الحسين
22,### | ذكر بساتين الوزير,0845Maqrizi.Mawaciz,431,433,1467,0660IbnCadim.BughyatTalab,1959,### $ الحسين بن علي بن الحسين
23,### | ذكر بساتين الوزير,0845Maqrizi.Mawaciz,444,454,1467,0660IbnCadim.BughyatTalab,1959,### $ الحسين بن علي بن الحسين
24,### | ذكر بساتين الوزير,0845Maqrizi.Mawaciz,461,462,1467,0660IbnCadim.BughyatTalab,1959,### $ الحسين بن علي بن الحسين
25,### | ذكر بساتين الوزير,0845Maqrizi.Mawaciz,462,495,1467,0660IbnCadim.BughyatTalab,1959,### $ الحسين بن علي بن الحسين
26,### | ذكر بساتين الوزير,0845Maqrizi.Mawaciz,495,499,1467,0660IbnCadim.BughyatTalab,1959,### $ الحسين بن علي بن الحسين
27,### | ذكر بساتين الوزير,0845Maqrizi.Mawaciz,499,500,1467,0660IbnCadim.BughyatTalab,1959,### $ الحسين بن علي بن الحسين
28,### | ذكر بساتين الوزير,0845Maqrizi.Mawaciz,501,503,1467,0660IbnCadim.BughyatTalab,1959,### $ الحسين بن علي بن الحسين
29,### | ذكر بساتين الوزير,0845Maqrizi.Mawaciz,503,514,1467,0660IbnCadim.BughyatTalab,1959,### $ الحسين بن علي بن الحسين
30,### | ذكر بساتين الوزير,0845Maqrizi.Mawaciz,524,532,1467,0660IbnCadim.BughyatTalab,1959,### $ الحسين بن علي بن الحسين
31,### | ذكر بساتين الوزير,0845Maqrizi.Mawaciz,532,533,1467,0660IbnCadim.BughyatTalab,1959,### $ الحسين بن علي بن الحسين
32,### | ذكر بساتين الوزير,0845Maqrizi.Mawaciz,539,540,1467,0660IbnCadim.BughyatTalab,1959,### $ الحسين بن علي بن الحسين
33,### | ذكر بساتين الوزير,0845Maqrizi.Mawaciz,540,571,1467,0660IbnCadim.BughyatTalab,1959,### $ الحسين بن علي بن الحسين
34,### | ذكر بساتين الوزير,0845Maqrizi.Mawaciz,571,573,1467,0660IbnCadim.BughyatTalab,1959,### $ الحسين بن علي بن الحسين
35,### | ذكر بساتين الوزير,0845Maqrizi.Mawaciz,573,574,1467,0660IbnCadim.BughyatTalab,1959,### $ الحسين بن علي بن الحسين
36,### | ذكر بساتين الوزير,0845Maqrizi.Mawaciz,574,596,1467,0660IbnCadim.BughyatTalab,1959,### $ الحسين بن علي بن الحسين
37,### | ذكر بساتين الوزير,0845Maqrizi.Mawaciz,597,600,1467,0660IbnCadim.BughyatTalab,1959,### $ الحسين بن علي بن الحسين
38,### | ذكر بساتين الوزير,0845Maqrizi.Mawaciz,622,624,1467,0660IbnCadim.BughyatTalab,1959,### $ الحسين بن علي بن الحسين
39,### | ذكر بساتين الوزير,0845Maqrizi.Mawaciz,624,635,1467,0660IbnCadim.BughyatTalab,1959,### $ الحسين بن علي بن الحسين
40,### | ذكر بساتين الوزير,0845Maqrizi.Mawaciz,635,636,1467,0660IbnCadim.BughyatTalab,1959,### $ الحسين بن علي بن الحسين
41,### | ذكر بساتين الوزير,0845Maqrizi.Mawaciz,636,637,1467,0660IbnCadim.BughyatTalab,1959,### $ الحسين بن علي بن الحسين
42,### | ذكر بساتين الوزير,0845Maqrizi.Mawaciz,637,639,1467,0660IbnCadim.BughyatTalab,1959,### $ الحسين بن علي بن الحسين
43,### | ذكر بساتين الوزير,0845Maqrizi.Mawaciz,639,640,1467,0660IbnCadim.BughyatTalab,1959,### $ الحسين بن علي بن الحسين
44,### | ذكر بساتين الوزير,0845Maqrizi.Mawaciz,640,646,1467,0660IbnCadim.BughyatTalab,1959,### $ الحسين بن علي بن الحسين
45,### | ذكر بساتين الوزير,0845Maqrizi.Mawaciz,647,654,1467,0660IbnCadim.BughyatTalab,1959,### $ الحسين بن علي بن الحسين
46,### | ذكر بساتين الوزير,0845Maqrizi.Mawaciz,666,670,1467,0660IbnCadim.BughyatTalab,1959,### $ الحسين بن علي بن الحسين
47,### | ذكر بساتين الوزير,0845Maqrizi.Mawaciz,684,688,1467,0660IbnCadim.BughyatTalab,1959,### $ الحسين بن علي بن الحسين
48,### | ذكر بساتين الوزير,0845Maqrizi.Mawaciz,697,700,1467,0660IbnCadim.BughyatTalab,1959,### $ الحسين بن علي بن الحسين
49,### | ذكر بساتين الوزير,0845Maqrizi.Mawaciz,701,712,1467,0660IbnCadim.BughyatTalab,1959,### $ الحسين بن علي بن الحسين
50,### | ذكر بساتين الوزير,0845Maqrizi.Mawaciz,713,720,1467,0660IbnCadim.BughyatTalab,1959,### $ الحسين بن علي بن الحسين
51,### | ذكر بساتين الوزير,0845Maqrizi.Mawaciz,720,724,1467,0660IbnCadim.BughyatTalab,1959,### $ الحسين بن علي بن الحسين
52,### | ذكر بساتين الوزير,0845Maqrizi.Mawaciz,724,733,1467,0660IbnCadim.BughyatTalab,1959,### $ الحسين بن علي بن الحسين
53,### | ذكر بساتين الوزير,0845Maqrizi.Mawaciz,733,738,1467,0660IbnCadim.BughyatTalab,1959,### $ الحسين بن علي بن الحسين
54,### | ذكر بساتين الوزير,0845Maqrizi.Mawaciz,738,743,1467,0660IbnCadim.BughyatTalab,1959,### $ الحسين بن علي بن الحسين
55,### | ذكر بساتين الوزير,0845Maqrizi.Mawaciz,744,746,1467,0660IbnCadim.BughyatTalab,1959,### $ الحسين بن علي بن الحسين
56,### | ذكر بساتين الوزير,0845Maqrizi.Mawaciz,746,749,1467,0660IbnCadim.BughyatTalab,1959,### $ الحسين بن علي بن الحسين
57,### | ذكر بساتين الوزير,0845Maqrizi.Mawaciz,749,750,1467,0660IbnCadim.BughyatTalab,1959,### $ الحسين بن علي بن الحسين
58,### | ذكر بساتين الوزير,0845Maqrizi.Mawaciz,750,752,1467,0660IbnCadim.BughyatTalab,1959,### $ الحسين بن علي بن الحسين
59,### | ذكر بساتين الوزير,0845Maqrizi.Mawaciz,753,756,1467,0660IbnCadim.BughyatTalab,1959,### $ الحسين بن علي بن الحسين
60,### | ذكر بساتين الوزير,0845Maqrizi.Mawaciz,765,768,1467,0660IbnCadim.BughyatTalab,1959,### $ الحسين بن علي بن الحسين
61,### | ذكر بساتين الوزير,0845Maqrizi.Mawaciz,772,775,1467,0660IbnCadim.BughyatTalab,1959,### $ الحسين بن علي بن الحسين
62,### | ذكر بساتين الوزير,0845Maqrizi.Mawaciz,779,783,1467,0660IbnCadim.BughyatTalab,1959,### $ الحسين بن علي بن الحسين
63,### | ذكر بساتين الوزير,0845Maqrizi.Mawaciz,784,787,1467,0660IbnCadim.BughyatTalab,1959,### $ الحسين بن علي بن الحسين
64,### | ذكر بساتين الوزير,0845Maqrizi.Mawaciz,802,803,1467,0660IbnCadim.BughyatTalab,1959,### $ الحسين بن علي بن الحسين
65,### | ذكر بساتين الوزير,0845Maqrizi.Mawaciz,803,806,1467,0660IbnCadim.BughyatTalab,1959,### $ الحسين بن علي بن الحسين
66,### | ذكر بساتين الوزير,0845Maqrizi.Mawaciz,806,807,1467,0660IbnCadim.BughyatTalab,1959,### $ الحسين بن علي بن الحسين
67,### | ذكر بساتين الوزير,0845Maqrizi.Mawaciz,808,812,1467,0660IbnCadim.BughyatTalab,1959,### $ الحسين بن علي بن الحسين
68,### | ذكر بساتين الوزير,0845Maqrizi.Mawaciz,815,816,1467,0660IbnCadim.BughyatTalab,1959,### $ الحسين بن علي بن الحسين
69,### | ذكر بساتين الوزير,0845Maqrizi.Mawaciz,816,837,1467,0660IbnCadim.BughyatTalab,1959,### $ الحسين بن علي بن الحسين
70,### | ذكر بساتين الوزير,0845Maqrizi.Mawaciz,838,839,1467,0660IbnCadim.BughyatTalab,1959,### $ الحسين بن علي بن الحسين
71,### | ذكر بساتين الوزير,0845Maqrizi.Mawaciz,847,853,1467,0660IbnCadim.BughyatTalab,1959,### $ الحسين بن علي بن الحسين
72,### | ذكر بساتين الوزير,0845Maqrizi.Mawaciz,853,872,1467,0660IbnCadim.BughyatTalab,1959,### $ الحسين بن علي بن الحسين
73,### | ذكر بساتين الوزير,0845Maqrizi.Mawaciz,877,881,1467,0660IbnCadim.BughyatTalab,1959,### $ الحسين بن علي بن الحسين
74,### | ذكر بساتين الوزير,0845Maqrizi.Mawaciz,201,204,1467,0845Maqrizi.Muqaffa,1370,### $ 1246 - الوزير المغربي [370 - 418]
75,### | ذكر بساتين الوزير,0845Maqrizi.Mawaciz,208,212,1467,0845Maqrizi.Muqaffa,1370,### $ 1246 - الوزير المغربي [370 - 418]
76,### | ذكر بساتين الوزير,0845Maqrizi.Mawaciz,261,284,1467,0845Maqrizi.Muqaffa,1370,### $ 1246 - الوزير المغربي [370 - 418]
77,### | ذكر بساتين الوزير,0845Maqrizi.Mawaciz,285,306,1467,0845Maqrizi.Muqaffa,1370,### $ 1246 - الوزير المغربي [370 - 418]
78,### | ذكر بساتين الوزير,0845Maqrizi.Mawaciz,313,317,1467,0845Maqrizi.Muqaffa,1370,### $ 1246 - الوزير المغربي [370 - 418]
79,### | ذكر بساتين الوزير,0845Maqrizi.Mawaciz,317,331,1467,0845Maqrizi.Muqaffa,1370,### $ 1246 - الوزير المغربي [370 - 418]
80,### | ذكر بساتين الوزير,0845Maqrizi.Mawaciz,331,337,1467,0845Maqrizi.Muqaffa,1370,### $ 1246 - الوزير المغربي [370 - 418]
81,### | ذكر بساتين الوزير,0845Maqrizi.Mawaciz,337,338,1467,0845Maqrizi.Muqaffa,1370,### $ 1246 - الوزير المغربي [370 - 418]
82,### | ذكر بساتين الوزير,0845Maqrizi.Mawaciz,341,344,1467,0845Maqrizi.Muqaffa,1370,### $ 1246 - الوزير المغربي [370 - 418]
83,### | ذكر بساتين الوزير,0845Maqrizi.Mawaciz,355,363,1467,0845Maqrizi.Muqaffa,1370,### $ 1246 - الوزير المغربي [370 - 418]
84,### | ذكر بساتين الوزير,0845Maqrizi.Mawaciz,363,364,1467,0845Maqrizi.Muqaffa,1370,### $ 1246 - الوزير المغربي [370 - 418]
85,### | ذكر بساتين الوزير,0845Maqrizi.Mawaciz,364,368,1467,0845Maqrizi.Muqaffa,1370,### $ 1246 - الوزير المغربي [370 - 418]
86,### | ذكر بساتين الوزير,0845Maqrizi.Mawaciz,368,428,1467,0845Maqrizi.Muqaffa,1370,### $ 1246 - الوزير المغربي [370 - 418]
87,### | ذكر بساتين الوزير,0845Maqrizi.Mawaciz,428,430,1467,0845Maqrizi.Muqaffa,1370,### $ 1246 - الوزير المغربي [370 - 418]
88,### | ذكر بساتين الوزير,0845Maqrizi.Mawaciz,441,451,1467,0845Maqrizi.Muqaffa,1370,### $ 1246 - الوزير المغربي [370 - 418]
89,### | ذكر بساتين الوزير,0845Maqrizi.Mawaciz,458,459,1467,0845Maqrizi.Muqaffa,1370,### $ 1246 - الوزير المغربي [370 - 418]
90,### | ذكر بساتين الوزير,0845Maqrizi.Mawaciz,459,511,1467,0845Maqrizi.Muqaffa,1370,### $ 1246 - الوزير المغربي [370 - 418]
91,### | ذكر بساتين الوزير,0845Maqrizi.Mawaciz,521,529,1467,0845Maqrizi.Muqaffa,1370,### $ 1246 - الوزير المغربي [370 - 418]
92,### | ذكر بساتين الوزير,0845Maqrizi.Mawaciz,529,530,1467,0845Maqrizi.Muqaffa,1370,### $ 1246 - الوزير المغربي [370 - 418]
93,### | ذكر بساتين الوزير,0845Maqrizi.Mawaciz,536,537,1467,0845Maqrizi.Muqaffa,1370,### $ 1246 - الوزير المغربي [370 - 418]
94,### | ذكر بساتين الوزير,0845Maqrizi.Mawaciz,537,568,1467,0845Maqrizi.Muqaffa,1370,### $ 1246 - الوزير المغربي [370 - 418]
95,### | ذكر بساتين الوزير,0845Maqrizi.Mawaciz,568,570,1467,0845Maqrizi.Muqaffa,1370,### $ 1246 - الوزير المغربي [370 - 418]
96,### | ذكر بساتين الوزير,0845Maqrizi.Mawaciz,576,593,1467,0845Maqrizi.Muqaffa,1370,### $ 1246 - الوزير المغربي [370 - 418]
97,### | ذكر بساتين الوزير,0845Maqrizi.Mawaciz,594,597,1467,0845Maqrizi.Muqaffa,1370,### $ 1246 - الوزير المغربي [370 - 418]
98,### | ذكر بساتين الوزير,0845Maqrizi.Mawaciz,619,621,1467,0845Maqrizi.Muqaffa,1370,### $ 1246 - الوزير المغربي [370 - 418]
99,### | ذكر بساتين الوزير,0845Maqrizi.Mawaciz,621,632,1467,0845Maqrizi.Muqaffa,1370,### $ 1246 - الوزير المغربي [370 - 418]
100,### | ذكر بساتين الوزير,0845Maqrizi.Mawaciz,632,633,1467,0845Maqrizi.Muqaffa,1370,### $ 1246 - الوزير المغربي [370 - 418]
101,### | ذكر بساتين الوزير,0845Maqrizi.Mawaciz,633,634,1467,0845Maqrizi.Muqaffa,1370,### $ 1246 - الوزير المغربي [370 - 418]
102,### | ذكر بساتين الوزير,0845Maqrizi.Mawaciz,634,636,1467,0845Maqrizi.Muqaffa,1370,### $ 1246 - الوزير المغربي [370 - 418]
103,### | ذكر بساتين الوزير,0845Maqrizi.Mawaciz,636,637,1467,0845Maqrizi.Muqaffa,1370,### $ 1246 - الوزير المغربي [370 - 418]
104,### | ذكر بساتين الوزير,0845Maqrizi.Mawaciz,637,644,1467,0845Maqrizi.Muqaffa,1370,### $ 1246 - الوزير المغربي [370 - 418]
105,### | ذكر بساتين الوزير,0845Maqrizi.Mawaciz,644,651,1467,0845Maqrizi.Muqaffa,1370,### $ 1246 - الوزير المغربي [370 - 418]
106,### | ذكر بساتين الوزير,0845Maqrizi.Mawaciz,1550,1560,1467,0845Maqrizi.Muqaffa,1365,### $ 1246 - الوزير المغربي [370 - 418]
107,### | ذكر بساتين الوزير,0845Maqrizi.Mawaciz,1560,1561,1467,0845Maqrizi.Muqaffa,1365,### $ 1246 - الوزير المغربي [370 - 418]
108,### | ذكر بساتين الوزير,0845Maqrizi.Mawaciz,1561,1562,1467,0845Maqrizi.Muqaffa,1365,### $ 1246 - الوزير المغربي [370 - 418]
109,### | ذكر بساتين الوزير,0845Maqrizi.Mawaciz,1563,1564,1467,0845Maqrizi.Muqaffa,1365,### $ 1246 - الوزير المغربي [370 - 418]
110,### | ذكر بساتين الوزير,0845Maqrizi.Mawaciz,1564,1569,1467,0845Maqrizi.Muqaffa,1365,### $ 1246 - الوزير المغربي [370 - 418]
111,### | ذكر بساتين الوزير,0845Maqrizi.Mawaciz,1569,1571,1467,0845Maqrizi.Muqaffa,1365,### $ 1246 - الوزير المغربي [370 - 418]
112,### | ذكر بساتين الوزير,0845Maqrizi.Mawaciz,1571,1579,1467,0845Maqrizi.Muqaffa,1365,### $ 1246 - الوزير المغربي [370 - 418]
113,### | ذكر بساتين الوزير,0845Maqrizi.Mawaciz,1587,1594,1467,0845Maqrizi.Muqaffa,1365,### $ 1246 - الوزير المغربي [370 - 418]
114,### | ذكر بساتين الوزير,0845Maqrizi.Mawaciz,1626,1629,1467,0845Maqrizi.Muqaffa,1365,### $ 1246 - الوزير المغربي [370 - 418]
115,### | ذكر بساتين الوزير,0845Maqrizi.Mawaciz,1663,1667,1467,0845Maqrizi.Muqaffa,1365,### $ 1246 - الوزير المغربي [370 - 418]
116,### | ذكر بساتين الوزير,0845Maqrizi.Mawaciz,1677,1680,1467,0845Maqrizi.Muqaffa,1365,### $ 1246 - الوزير المغربي [370 - 418]
117,### | ذكر بساتين الوزير,0845Maqrizi.Mawaciz,1681,1684,1467,0845Maqrizi.Muqaffa,1365,### $ 1246 - الوزير المغربي [370 - 418]
118,### | ذكر بساتين الوزير,0845Maqrizi.Mawaciz,1690,1693,1467,0845Maqrizi.Muqaffa,1365,### $ 1246 - الوزير المغربي [370 - 418]
119,### | ذكر بساتين الوزير,0845Maqrizi.Mawaciz,1693,1695,1467,0845Maqrizi.Muqaffa,1365,### $ 1246 - الوزير المغربي [370 - 418]
120,### | ذكر بساتين الوزير,0845Maqrizi.Mawaciz,1695,1698,1467,0845Maqrizi.Muqaffa,1365,### $ 1246 - الوزير المغربي [370 - 418]
121,### | ذكر بساتين الوزير,0845Maqrizi.Mawaciz,1746,1749,1467,0845Maqrizi.Muqaffa,1365,### $ 1246 - الوزير المغربي [370 - 418]
122,### | ذكر بساتين الوزير,0845Maqrizi.Mawaciz,1753,1756,1467,0845Maqrizi.Muqaffa,1365,### $ 1246 - الوزير المغربي [370 - 418]
123,### | ذكر بساتين الوزير,0845Maqrizi.Mawaciz,1768,1771,1467,0845Maqrizi.Muqaffa,1365,### $ 1246 - الوزير المغربي [370 - 418]
124,### | ذكر بساتين الوزير,0845Maqrizi.Mawaciz,1807,1810,1467,0845Maqrizi.Muqaffa,1365,### $ 1246 - الوزير المغربي [370 - 418]
125,### | ذكر بساتين الوزير,0845Maqrizi.Mawaciz,1846,1869,1467,0845Maqrizi.Muqaffa,1365,### $ 1246 - الوزير المغربي [370 - 418]
126,### | ذكر بساتين الوزير,0845Maqrizi.Mawaciz,1869,1870,1467,0845Maqrizi.Muqaffa,1365,### $ 1246 - الوزير المغربي [370 - 418]
127,### | ذكر بساتين الوزير,0845Maqrizi.Mawaciz,1873,1875,1467,0845Maqrizi.Muqaffa,1365,### $ 1246 - الوزير المغربي [370 - 418]
128,### | ذكر بساتين الوزير,0845Maqrizi.Mawaciz,1875,1919,1467,0845Maqrizi.Muqaffa,1365,### $ 1246 - الوزير المغربي [370 - 418]
129,### | ذكر بساتين الوزير,0845Maqrizi.Mawaciz,1920,1949,1467,0845Maqrizi.Muqaffa,1365,### $ 1246 - الوزير المغربي [370 - 418]
130,### | ذكر بساتين الوزير,0845Maqrizi.Mawaciz,1955,1958,1467,0845Maqrizi.Muqaffa,1365,### $ 1246 - الوزير المغربي [370 - 418]
131,### | ذكر بساتين الوزير,0845Maqrizi.Mawaciz,1959,1962,1467,0845Maqrizi.Muqaffa,1365,### $ 1246 - الوزير المغربي [370 - 418]
132,### | ذكر بساتين الوزير,0845Maqrizi.Mawaciz,1963,1969,1467,0845Maqrizi.Muqaffa,1365,### $ 1246 - الوزير المغربي [370 - 418]
133,### | ذكر بساتين الوزير,0845Maqrizi.Mawaciz,1969,1970,1467,0845Maqrizi.Muqaffa,1365,### $ 1246 - الوزير المغربي [370 - 418]
134,### | ذكر بساتين الوزير,0845Maqrizi.Mawaciz,1975,1983,1467,0845Maqrizi.Muqaffa,1365,### $ 1246 - الوزير المغربي [370 - 418]
135,### | ذكر بساتين الوزير,0845Maqrizi.Mawaciz,1987,1992,1467,0845Maqrizi.Muqaffa,1365,### $ 1246 - الوزير المغربي [370 - 418]
136,### | ذكر بساتين الوزير,0845Maqrizi.Mawaciz,2001,2019,1467,0845Maqrizi.Muqaffa,1365,### $ 1246 - الوزير المغربي [370 - 418]
137,### | ذكر بساتين الوزير,0845Maqrizi.Mawaciz,2023,2024,1467,0845Maqrizi.Muqaffa,1365,### $ 1246 - الوزير المغربي [370 - 418]
138,### | ذكر بساتين الوزير,0845Maqrizi.Mawaciz,2024,2029,1467,0845Maqrizi.Muqaffa,1365,### $ 1246 - الوزير المغربي [370 - 418]
139,### | ذكر بساتين الوزير,0845Maqrizi.Mawaciz,2029,2042,1467,0845Maqrizi.Muqaffa,1365,### $ 1246 - الوزير المغربي [370 - 418]
140,### | ذكر بساتين الوزير,0845Maqrizi.Mawaciz,2042,2044,1467,0845Maqrizi.Muqaffa,1365,### $ 1246 - الوزير المغربي [370 - 418]
141,### | ذكر بساتين الوزير,0845Maqrizi.Mawaciz,2046,2047,1467,0845Maqrizi.Muqaffa,1365,### $ 1246 - الوزير المغربي [370 - 418]
142,### | ذكر بساتين الوزير,0845Maqrizi.Mawaciz,2047,2051,1467,0845Maqrizi.Muqaffa,1365,### $ 1246 - الوزير المغربي [370 - 418]
143,### | ذكر بساتين الوزير,0845Maqrizi.Mawaciz,2055,2059,1467,0845Maqrizi.Muqaffa,1365,### $ 1246 - الوزير المغربي [370 - 418]
144,### | ذكر بساتين الوزير,0845Maqrizi.Mawaciz,2060,2065,1467,0845Maqrizi.Muqaffa,1365,### $ 1246 - الوزير المغربي [370 - 418]
145,### | ذكر بساتين الوزير,0845Maqrizi.Mawaciz,2078,2082,1467,0845Maqrizi.Muqaffa,1365,### $ 1246 - الوزير المغربي [370 - 418]
146,### | ذكر بساتين الوزير,0845Maqrizi.Mawaciz,2089,2092,1467,0845Maqrizi.Muqaffa,1365,### $ 1246 - الوزير المغربي [370 - 418]
147,### | ذكر بساتين الوزير,0845Maqrizi.Mawaciz,2100,2138,1467,0845Maqrizi.Muqaffa,1365,### $ 1246 - الوزير المغربي [370 - 418]
148,### | ذكر بساتين الوزير,0845Maqrizi.Mawaciz,2138,2159,1467,0845Maqrizi.Muqaffa,1365,### $ 1246 - الوزير المغربي [370 - 418]
149,### | ذكر بساتين الوزير,0845Maqrizi.Mawaciz,3182,3186,1467,0660IbnCadim.BughyatTalab,1971,### $ الحسين بن علي بن الحسين
150,### | ذكر بساتين الوزير,0845Maqrizi.Mawaciz,3186,3188,1467,0660IbnCadim.BughyatTalab,1971,### $ الحسين بن علي بن الحسين
151,### | ذكر بساتين الوزير,0845Maqrizi.Mawaciz,3188,3189,1467,0660IbnCadim.BughyatTalab,1971,### $ الحسين بن علي بن الحسين
152,### | ذكر بساتين الوزير,0845Maqrizi.Mawaciz,3191,3196,1467,0660IbnCadim.BughyatTalab,1971,### $ الحسين بن علي بن الحسين
153,### | ذكر بساتين الوزير,0845Maqrizi.Mawaciz,3198,3201,1467,0660IbnCadim.BughyatTalab,1971,### $ الحسين بن علي بن الحسين
154,### | ذكر بساتين الوزير,0845Maqrizi.Mawaciz,3201,3202,1467,0660IbnCadim.BughyatTalab,1971,### $ الحسين بن علي بن الحسين
155,### | ذكر بساتين الوزير,0845Maqrizi.Mawaciz,3203,3208,1467,0660IbnCadim.BughyatTalab,1971,### $ الحسين بن علي بن الحسين
156,### | ذكر بساتين الوزير,0845Maqrizi.Mawaciz,3208,3213,1467,0660IbnCadim.BughyatTalab,1971,### $ الحسين بن علي بن الحسين
157,### | ذكر بساتين الوزير,0845Maqrizi.Mawaciz,3237,3242,1467,0660IbnCadim.BughyatTalab,1971,### $ الحسين بن علي بن الحسين
158,### | ذكر بساتين الوزير,0845Maqrizi.Mawaciz,3243,3247,1467,0660IbnCadim.BughyatTalab,1971,### $ الحسين بن علي بن الحسين
159,### | ذكر بساتين الوزير,0845Maqrizi.Mawaciz,3253,3259,1467,0660IbnCadim.BughyatTalab,1971,### $ الحسين بن علي بن الحسين
160,### | ذكر بساتين الوزير,0845Maqrizi.Mawaciz,3292,3295,1467,0660IbnCadim.BughyatTalab,1971,### $ الحسين بن علي بن الحسين
161,### | ذكر بساتين الوزير,0845Maqrizi.Mawaciz,3303,3306,1467,0660IbnCadim.BughyatTalab,1971,### $ الحسين بن علي بن الحسين
162,### | ذكر بساتين الوزير,0845Maqrizi.Mawaciz,3315,3321,1467,0660IbnCadim.BughyatTalab,1971,### $ الحسين بن علي بن الحسين
163,### | ذكر بساتين الوزير,0845Maqrizi.Mawaciz,3339,3346,1467,0660IbnCadim.BughyatTalab,1971,### $ الحسين بن علي بن الحسين
164,### | ذكر بساتين الوزير,0845Maqrizi.Mawaciz,3365,3370,1467,0660IbnCadim.BughyatTalab,1971,### $ الحسين بن علي بن الحسين
165,### | ذكر بساتين الوزير,0845Maqrizi.Mawaciz,3383,3387,1467,0660IbnCadim.BughyatTalab,1971,### $ الحسين بن علي بن الحسين
166,### | ذكر بساتين الوزير,0845Maqrizi.Mawaciz,3393,3396,1467,0660IbnCadim.BughyatTalab,1971,### $ الحسين بن علي بن الحسين
167,### | ذكر بساتين الوزير,0845Maqrizi.Mawaciz,3404,3408,1467,0660IbnCadim.BughyatTalab,1971,### $ الحسين بن علي بن الحسين
168,### | ذكر بساتين الوزير,0845Maqrizi.Mawaciz,3408,3409,1467,0660IbnCadim.BughyatTalab,1971,### $ الحسين بن علي بن الحسين
169,### | ذكر بساتين الوزير,0845Maqrizi.Mawaciz,3409,3413,1467,0660IbnCadim.BughyatTalab,1971,### $ الحسين بن علي بن الحسين
170,### | ذكر بساتين الوزير,0845Maqrizi.Mawaciz,3413,3414,1467,0660IbnCadim.BughyatTalab,1971,### $ الحسين بن علي بن الحسين
171,### | ذكر بساتين الوزير,0845Maqrizi.Mawaciz,3427,3438,1467,0660IbnCadim.BughyatTalab,1971,### $ الحسين بن علي بن الحسين
172,### | ذكر بساتين الوزير,0845Maqrizi.Mawaciz,3439,3441,1467,0660IbnCadim.BughyatTalab,1971,### $ الحسين بن علي بن الحسين
173,### | ذكر بساتين الوزير,0845Maqrizi.Mawaciz,3441,3471,1467,0660IbnCadim.BughyatTalab,1971,### $ الحسين بن علي بن الحسين
174,### | ذكر بساتين الوزير,0845Maqrizi.Mawaciz,3471,3472,1467,0660IbnCadim.BughyatTalab,1971,### $ الحسين بن علي بن الحسين
175,### | ذكر بساتين الوزير,0845Maqrizi.Mawaciz,3472,3478,1467,0660IbnCadim.BughyatTalab,1971,### $ الحسين بن علي بن الحسين
176,### | ذكر بساتين الوزير,0845Maqrizi.Mawaciz,3478,3479,1467,0660IbnCadim.BughyatTalab,1971,### $ الحسين بن علي بن الحسين
177,### | ذكر بساتين الوزير,0845Maqrizi.Mawaciz,3479,3493,1467,0660IbnCadim.BughyatTalab,1971,### $ الحسين بن علي بن الحسين
178,### | ذكر بساتين الوزير,0845Maqrizi.Mawaciz,3493,3494,1467,0660IbnCadim.BughyatTalab,1971,### $ الحسين بن علي بن الحسين
179,### | ذكر بساتين الوزير,0845Maqrizi.Mawaciz,3494,3497,1467,0660IbnCadim.BughyatTalab,1971,### $ الحسين بن علي بن الحسين
180,### | ذكر بساتين الوزير,0845Maqrizi.Mawaciz,3497,3498,1467,0660IbnCadim.BughyatTalab,1971,### $ الحسين بن علي بن الحسين
181,### | ذكر بساتين الوزير,0845Maqrizi.Mawaciz,3498,3499,1467,0660IbnCadim.BughyatTalab,1971,### $ الحسين بن علي بن الحسين
182,### | ذكر بساتين الوزير,0845Maqrizi.Mawaciz,3499,3500,1467,0660IbnCadim.BughyatTalab,1971,### $ الحسين بن علي بن الحسين
183,### | ذكر بساتين الوزير,0845Maqrizi.Mawaciz,3501,3517,1467,0660IbnCadim.BughyatTalab,1971,### $ الحسين بن علي بن الحسين
184,### | ذكر بساتين الوزير,0845Maqrizi.Mawaciz,3529,3537,1467,0660IbnCadim.BughyatTalab,1971,### $ الحسين بن علي بن الحسين
185,### | ذكر بساتين الوزير,0845Maqrizi.Mawaciz,3538,3542,1467,0660IbnCadim.BughyatTalab,1971,### $ الحسين بن علي بن الحسين
186,### | ذكر بساتين الوزير,0845Maqrizi.Mawaciz,3548,3552,1467,0660IbnCadim.BughyatTalab,1971,### $ الحسين بن علي بن الحسين
187,### | ذكر بساتين الوزير,0845Maqrizi.Mawaciz,3552,3555,1467,0660IbnCadim.BughyatTalab,1971,### $ الحسين بن علي بن الحسين
188,### | ذكر بساتين الوزير,0845Maqrizi.Mawaciz,3555,3556,1467,0660IbnCadim.BughyatTalab,1971,### $ الحسين بن علي بن الحسين
189,### | ذكر بساتين الوزير,0845Maqrizi.Mawaciz,3556,3681,1467,0660IbnCadim.BughyatTalab,1971,### $ الحسين بن علي بن الحسين
190,### | ذكر بساتين الوزير,0845Maqrizi.Mawaciz,3688,3700,1467,0660IbnCadim.BughyatTalab,1971,### $ الحسين بن علي بن الحسين
191,### | ذكر بساتين الوزير,0845Maqrizi.Mawaciz,3708,3715,1467,0660IbnCadim.BughyatTalab,1971,### $ الحسين بن علي بن الحسين
192,### | ذكر بساتين الوزير,0845Maqrizi.Mawaciz,3736,3739,1467,0660IbnCadim.BughyatTalab,1971,### $ الحسين بن علي بن الحسين
193,### | ذكر بساتين الوزير,0845Maqrizi.Mawaciz,3763,3766,1467,0660IbnCadim.BughyatTalab,1971,### $ الحسين بن علي بن الحسين
194,### | ذكر بساتين الوزير,0845Maqrizi.Mawaciz,3769,3772,1467,0660IbnCadim.BughyatTalab,1971,### $ الحسين بن علي بن الحسين
195,### | ذكر بساتين الوزير,0845Maqrizi.Mawaciz,3781,3785,1467,0660IbnCadim.BughyatTalab,1971,### $ الحسين بن علي بن الحسين
196,### | ذكر بساتين الوزير,0845Maqrizi.Mawaciz,3786,3791,1467,0660IbnCadim.BughyatTalab,1971,### $ الحسين بن علي بن الحسين
197,### | ذكر بساتين الوزير,0845Maqrizi.Mawaciz,3831,3836,1467,0660IbnCadim.BughyatTalab,1971,### $ الحسين بن علي بن الحسين
198,### | ذكر بساتين الوزير,0845Maqrizi.Mawaciz,3856,3861,1467,0660IbnCadim.BughyatTalab,1971,### $ الحسين بن علي بن الحسين
199,### | ذكر بساتين الوزير,0845Maqrizi.Mawaciz,3864,3867,1467,0660IbnCadim.BughyatTalab,1971,### $ الحسين بن علي بن الحسين
200,### | ذكر بساتين الوزير,0845Maqrizi.Mawaciz,3870,3875,1467,0660IbnCadim.BughyatTalab,1971,### $ الحسين بن علي بن الحسين
201,### | ذكر بساتين الوزير,0845Maqrizi.Mawaciz,3882,3887,1467,0660IbnCadim.BughyatTalab,1971,### $ الحسين بن علي بن الحسين
202,### | ذكر بساتين الوزير,0845Maqrizi.Mawaciz,3889,3892,1467,0660IbnCadim.BughyatTalab,1971,### $ الحسين بن علي بن الحسين
203,### | ذكر بساتين الوزير,0845Maqrizi.Mawaciz,3892,3895,1467,0660IbnCadim.BughyatTalab,1971,### $ الحسين بن علي بن الحسين
204,### | ذكر بساتين الوزير,0845Maqrizi.Mawaciz,3901,3906,1467,0660IbnCadim.BughyatTalab,1971,### $ الحسين بن علي بن الحسين
205,### | ذكر بساتين الوزير,0845Maqrizi.Mawaciz,3908,3911,1467,0660IbnCadim.BughyatTalab,1971,### $ الحسين بن علي بن الحسين
206,### | ذكر بساتين الوزير,0845Maqrizi.Mawaciz,3914,3917,1467,0660IbnCadim.BughyatTalab,1971,### $ الحسين بن علي بن الحسين
207,### | ذكر بساتين الوزير,0845Maqrizi.Mawaciz,3921,3924,1467,0660IbnCadim.BughyatTalab,1971,### $ الحسين بن علي بن الحسين
208,### | ذكر بساتين الوزير,0845Maqrizi.Mawaciz,3925,3928,1467,0660IbnCadim.BughyatTalab,1971,### $ الحسين بن علي بن الحسين
209,### | ذكر بساتين الوزير,0845Maqrizi.Mawaciz,3182,3183,1467,0660IbnCadim.BughyatTalab,1972,### $ الحسين بن علي بن الحسين
210,### | ذكر بساتين الوزير,0845Maqrizi.Mawaciz,3183,3184,1467,0660IbnCadim.BughyatTalab,1972,### $ الحسين بن علي بن الحسين
211,### | ذكر بساتين الوزير,0845Maqrizi.Mawaciz,3184,3188,1467,0660IbnCadim.BughyatTalab,1972,### $ الحسين بن علي بن الحسين
212,### | ذكر بساتين الوزير,0845Maqrizi.Mawaciz,3191,3194,1467,0660IbnCadim.BughyatTalab,1972,### $ الحسين بن علي بن الحسين
213,### | ذكر بساتين الوزير,0845Maqrizi.Mawaciz,3194,3195,1467,0660IbnCadim.BughyatTalab,1972,### $ الحسين بن علي بن الحسين
214,### | ذكر بساتين الوزير,0845Maqrizi.Mawaciz,3197,3200,1467,0660IbnCadim.BughyatTalab,1972,### $ الحسين بن علي بن الحسين
215,### | ذكر بساتين الوزير,0845Maqrizi.Mawaciz,3223,3228,1467,0660IbnCadim.BughyatTalab,1972,### $ الحسين بن علي بن الحسين
216,### | ذكر بساتين الوزير,0845Maqrizi.Mawaciz,3231,3235,1467,0660IbnCadim.BughyatTalab,1972,### $ الحسين بن علي بن الحسين
217,### | ذكر بساتين الوزير,0845Maqrizi.Mawaciz,3239,3245,1467,0660IbnCadim.BughyatTalab,1972,### $ الحسين بن علي بن الحسين
218,### | ذكر بساتين الوزير,0845Maqrizi.Mawaciz,3253,3257,1467,0660IbnCadim.BughyatTalab,1972,### $ الحسين بن علي بن الحسين
219,### | ذكر بساتين الوزير,0845Maqrizi.Mawaciz,3259,3262,1467,0660IbnCadim.BughyatTalab,1972,### $ الحسين بن علي بن الحسين
220,### | ذكر بساتين الوزير,0845Maqrizi.Mawaciz,3262,3265,1467,0660IbnCadim.BughyatTalab,1972,### $ الحسين بن علي بن الحسين
221,### | ذكر بساتين الوزير,0845Maqrizi.Mawaciz,3265,3266,1467,0660IbnCadim.BughyatTalab,1972,### $ الحسين بن علي بن الحسين
222,### | ذكر بساتين الوزير,0845Maqrizi.Mawaciz,3266,3270,1467,0660IbnCadim.BughyatTalab,1972,### $ الحسين بن علي بن الحسين
223,### | ذكر بساتين الوزير,0845Maqrizi.Mawaciz,3270,3271,1467,0660IbnCadim.BughyatTalab,1972,### $ الحسين بن علي بن الحسين
224,### | ذكر بساتين الوزير,0845Maqrizi.Mawaciz,3274,3277,1467,0660IbnCadim.BughyatTalab,1972,### $ الحسين بن علي بن الحسين
225,### | ذكر بساتين الوزير,0845Maqrizi.Mawaciz,3285,3289,1467,0660IbnCadim.BughyatTalab,1972,### $ الحسين بن علي بن الحسين
226,### | ذكر بساتين الوزير,0845Maqrizi.Mawaciz,3289,3296,1467,0660IbnCadim.BughyatTalab,1972,### $ الحسين بن علي بن الحسين
227,### | ذكر بساتين الوزير,0845Maqrizi.Mawaciz,3312,3316,1467,0660IbnCadim.BughyatTalab,1972,### $ الحسين بن علي بن الحسين
228,### | ذكر بساتين الوزير,0845Maqrizi.Mawaciz,3320,3325,1467,0660IbnCadim.BughyatTalab,1972,### $ الحسين بن علي بن الحسين
229,### | ذكر بساتين الوزير,0845Maqrizi.Mawaciz,3325,3328,1467,0660IbnCadim.BughyatTalab,1972,### $ الحسين بن علي بن الحسين
230,### | ذكر بساتين الوزير,0845Maqrizi.Mawaciz,3345,3348,1467,0660IbnCadim.BughyatTalab,1972,### $ الحسين بن علي بن الحسين
231,### | ذكر بساتين الوزير,0845Maqrizi.Mawaciz,3364,3367,1467,0660IbnCadim.BughyatTalab,1972,### $ الحسين بن علي بن الحسين
232,### | ذكر بساتين الوزير,0845Maqrizi.Mawaciz,3372,3375,1467,0660IbnCadim.BughyatTalab,1972,### $ الحسين بن علي بن الحسين
233,### | ذكر بساتين الوزير,0845Maqrizi.Mawaciz,3375,3379,1467,0660IbnCadim.BughyatTalab,1972,### $ الحسين بن علي بن الحسين
234,### | ذكر بساتين الوزير,0845Maqrizi.Mawaciz,3399,3402,1467,0660IbnCadim.BughyatTalab,1972,### $ الحسين بن علي بن الحسين
235,### | ذكر بساتين الوزير,0845Maqrizi.Mawaciz,3403,3407,1467,0660IbnCadim.BughyatTalab,1972,### $ الحسين بن علي بن الحسين
236,### | ذكر بساتين الوزير,0845Maqrizi.Mawaciz,3443,3446,1467,0660IbnCadim.BughyatTalab,1972,### $ الحسين بن علي بن الحسين
237,### | ذكر بساتين الوزير,0845Maqrizi.Mawaciz,3452,3453,1467,0660IbnCadim.BughyatTalab,1972,### $ الحسين بن علي بن الحسين
238,### | ذكر بساتين الوزير,0845Maqrizi.Mawaciz,3453,3460,1467,0660IbnCadim.BughyatTalab,1972,### $ الحسين بن علي بن الحسين
239,### | ذكر بساتين الوزير,0845Maqrizi.Mawaciz,3460,3461,1467,0660IbnCadim.BughyatTalab,1972,### $ الحسين بن علي بن الحسين
240,### | ذكر بساتين الوزير,0845Maqrizi.Mawaciz,3463,3464,1467,0660IbnCadim.BughyatTalab,1972,### $ الحسين بن علي بن الحسين
241,### | ذكر بساتين الوزير,0845Maqrizi.Mawaciz,3464,3492,1467,0660IbnCadim.BughyatTalab,1972,### $ الحسين بن علي بن الحسين
242,### | ذكر بساتين الوزير,0845Maqrizi.Mawaciz,3492,3496,1467,0660IbnCadim.BughyatTalab,1972,### $ الحسين بن علي بن الحسين
243,### | ذكر بساتين الوزير,0845Maqrizi.Mawaciz,3497,3500,1467,0660IbnCadim.BughyatTalab,1972,### $ الحسين بن علي بن الحسين
244,### | ذكر بساتين الوزير,0845Maqrizi.Mawaciz,3503,3513,1467,0660IbnCadim.BughyatTalab,1972,### $ الحسين بن علي بن الحسين
245,### | ذكر بساتين الوزير,0845Maqrizi.Mawaciz,3513,3514,1467,0660IbnCadim.BughyatTalab,1972,### $ الحسين بن علي بن الحسين
246,### | ذكر بساتين الوزير,0845Maqrizi.Mawaciz,3518,3549,1467,0660IbnCadim.BughyatTalab,1972,### $ الحسين بن علي بن الحسين
247,### | ذكر بساتين الوزير,0845Maqrizi.Mawaciz,3549,3551,1467,0660IbnCadim.BughyatTalab,1972,### $ الحسين بن علي بن الحسين
248,### | ذكر بساتين الوزير,0845Maqrizi.Mawaciz,3553,3554,1467,0660IbnCadim.BughyatTalab,1972,### $ الحسين بن علي بن الحسين
249,### | ذكر بساتين الوزير,0845Maqrizi.Mawaciz,3554,3557,1467,0660IbnCadim.BughyatTalab,1972,### $ الحسين بن علي بن الحسين
250,### | ذكر بساتين الوزير,0845Maqrizi.Mawaciz,3561,3565,1467,0660IbnCadim.BughyatTalab,1972,### $ الحسين بن علي بن الحسين
251,### | ذكر بساتين الوزير,0845Maqrizi.Mawaciz,3565,3582,1467,0660IbnCadim.BughyatTalab,1972,### $ الحسين بن علي بن الحسين
252,### | ذكر بساتين الوزير,0845Maqrizi.Mawaciz,3582,3585,1467,0660IbnCadim.BughyatTalab,1972,### $ الحسين بن علي بن الحسين
253,### | ذكر بساتين الوزير,0845Maqrizi.Mawaciz,3585,3586,1467,0660IbnCadim.BughyatTalab,1972,### $ الحسين بن علي بن الحسين
254,### | ذكر بساتين الوزير,0845Maqrizi.Mawaciz,3586,3596,1467,0660IbnCadim.BughyatTalab,1972,### $ الحسين بن علي بن الحسين
255,### | ذكر بساتين الوزير,0845Maqrizi.Mawaciz,3596,3597,1467,0660IbnCadim.BughyatTalab,1972,### $ الحسين بن علي بن الحسين
256,### | ذكر بساتين الوزير,0845Maqrizi.Mawaciz,3602,3603,1467,0660IbnCadim.BughyatTalab,1972,### $ الحسين بن علي بن الحسين
257,### | ذكر بساتين الوزير,0845Maqrizi.Mawaciz,3603,3611,1467,0660IbnCadim.BughyatTalab,1972,### $ الحسين بن علي بن الحسين
258,### | ذكر بساتين الوزير,0845Maqrizi.Mawaciz,3612,3614,1467,0660IbnCadim.BughyatTalab,1972,### $ الحسين بن علي بن الحسين
259,### | ذكر بساتين الوزير,0845Maqrizi.Mawaciz,3614,3616,1467,0660IbnCadim.BughyatTalab,1972,### $ الحسين بن علي بن الحسين
260,### | ذكر بساتين الوزير,0845Maqrizi.Mawaciz,3618,3620,1467,0660IbnCadim.BughyatTalab,1972,### $ الحسين بن علي بن الحسين
261,### | ذكر بساتين الوزير,0845Maqrizi.Mawaciz,3620,3636,1467,0660IbnCadim.BughyatTalab,1972,### $ الحسين بن علي بن الحسين
262,### | ذكر بساتين الوزير,0845Maqrizi.Mawaciz,3636,3653,1467,0660IbnCadim.BughyatTalab,1972,### $ الحسين بن علي بن الحسين
263,### | ذكر بساتين الوزير,0845Maqrizi.Mawaciz,3653,3655,1467,0660IbnCadim.BughyatTalab,1972,### $ الحسين بن علي بن الحسين
264,### | ذكر بساتين الوزير,0845Maqrizi.Mawaciz,3655,3708,1467,0660IbnCadim.BughyatTalab,1972,### $ الحسين بن علي بن الحسين
265,### | ذكر بساتين الوزير,0845Maqrizi.Mawaciz,3708,3714,1467,0660IbnCadim.BughyatTalab,1972,### $ الحسين بن علي بن الحسين
266,### | ذكر بساتين الوزير,0845Maqrizi.Mawaciz,3714,3719,1467,0660IbnCadim.BughyatTalab,1972,### $ الحسين بن علي بن الحسين
267,### | ذكر بساتين الوزير,0845Maqrizi.Mawaciz,3728,3729,1467,0660IbnCadim.BughyatTalab,1972,### $ الحسين بن علي بن الحسين
268,### | ذكر بساتين الوزير,0845Maqrizi.Mawaciz,3729,3731,1467,0660IbnCadim.BughyatTalab,1972,### $ الحسين بن علي بن الحسين
269,### | ذكر بساتين الوزير,0845Maqrizi.Mawaciz,3731,3745,1467,0660IbnCadim.BughyatTalab,1972,### $ الحسين بن علي بن الحسين
270,### | ذكر بساتين الوزير,0845Maqrizi.Mawaciz,3745,3754,1467,0660IbnCadim.BughyatTalab,1972,### $ الحسين بن علي بن الحسين
271,### | ذكر بساتين الوزير,0845Maqrizi.Mawaciz,3755,3762,1467,0660IbnCadim.BughyatTalab,1972,### $ الحسين بن علي بن الحسين
272,### | ذكر بساتين الوزير,0845Maqrizi.Mawaciz,3762,3764,1467,0660IbnCadim.BughyatTalab,1972,### $ الحسين بن علي بن الحسين
273,### | ذكر بساتين الوزير,0845Maqrizi.Mawaciz,3765,3766,1467,0660IbnCadim.BughyatTalab,1972,### $ الحسين بن علي بن الحسين
274,### | ذكر بساتين الوزير,0845Maqrizi.Mawaciz,3766,3776,1467,0660IbnCadim.BughyatTalab,1972,### $ الحسين بن علي بن الحسين
275,### | ذكر بساتين الوزير,0845Maqrizi.Mawaciz,3777,3803,1467,0660IbnCadim.BughyatTalab,1972,### $ الحسين بن علي بن الحسين
276,### | ذكر بساتين الوزير,0845Maqrizi.Mawaciz,3803,3805,1467,0660IbnCadim.BughyatTalab,1972,### $ الحسين بن علي بن الحسين
277,### | ذكر بساتين الوزير,0845Maqrizi.Mawaciz,3808,3812,1467,0660IbnCadim.BughyatTalab,1972,### $ الحسين بن علي بن الحسين
278,### | ذكر بساتين الوزير,0845Maqrizi.Mawaciz,3812,3817,1467,0660IbnCadim.BughyatTalab,1972,### $ الحسين بن علي بن الحسين
279,### | ذكر بساتين الوزير,0845Maqrizi.Mawaciz,3823,3824,1467,0660IbnCadim.BughyatTalab,1972,### $ الحسين بن علي بن الحسين
280,### | ذكر بساتين الوزير,0845Maqrizi.Mawaciz,3824,3829,1467,0660IbnCadim.BughyatTalab,1972,### $ الحسين بن علي بن الحسين
281,### | ذكر بساتين الوزير,0845Maqrizi.Mawaciz,3833,3836,1467,0660IbnCadim.BughyatTalab,1972,### $ الحسين بن علي بن الحسين
282,### | ذكر بساتين الوزير,0845Maqrizi.Mawaciz,3840,3843,1467,0660IbnCadim.BughyatTalab,1972,### $ الحسين بن علي بن الحسين
283,### | ذكر بساتين الوزير,0845Maqrizi.Mawaciz,3843,3846,1467,0660IbnCadim.BughyatTalab,1972,### $ الحسين بن علي بن الحسين
284,### | ذكر بساتين الوزير,0845Maqrizi.Mawaciz,3847,3850,1467,0660IbnCadim.BughyatTalab,1972,### $ الحسين بن علي بن الحسين
285,### | ذكر بساتين الوزير,0845Maqrizi.Mawaciz,3853,3856,1467,0660IbnCadim.BughyatTalab,1972,### $ الحسين بن علي بن الحسين
286,### | ذكر بساتين الوزير,0845Maqrizi.Mawaciz,3857,3860,1467,0660IbnCadim.BughyatTalab,1972,### $ الحسين بن علي بن الحسين
287,### | ذكر بساتين الوزير,0845Maqrizi.Mawaciz,3182,3184,1467,0660IbnCadim.BughyatTalab,1973,### $ الحسين بن علي بن الحسين
288,### | ذكر بساتين الوزير,0845Maqrizi.Mawaciz,3184,3185,1467,0660IbnCadim.BughyatTalab,1973,### $ الحسين بن علي بن الحسين
289,### | ذكر بساتين الوزير,0845Maqrizi.Mawaciz,3201,3206,1467,0660IbnCadim.BughyatTalab,1973,### $ الحسين بن علي بن الحسين
290,### | ذكر بساتين الوزير,0845Maqrizi.Mawaciz,3206,3207,1467,0660IbnCadim.BughyatTalab,1973,### $ الحسين بن علي بن الحسين
291,### | ذكر بساتين الوزير,0845Maqrizi.Mawaciz,3208,3211,1467,0660IbnCadim.BughyatTalab,1973,### $ الحسين بن علي بن الحسين
292,### | ذكر بساتين الوزير,0845Maqrizi.Mawaciz,3217,3220,1467,0660IbnCadim.BughyatTalab,1973,### $ الحسين بن علي بن الحسين
293,### | ذكر بساتين الوزير,0845Maqrizi.Mawaciz,3221,3224,1467,0660IbnCadim.BughyatTalab,1973,### $ الحسين بن علي بن الحسين
294,### | ذكر بساتين الوزير,0845Maqrizi.Mawaciz,3224,3240,1467,0660IbnCadim.BughyatTalab,1973,### $ الحسين بن علي بن الحسين
295,### | ذكر بساتين الوزير,0845Maqrizi.Mawaciz,3241,3243,1467,0660IbnCadim.BughyatTalab,1973,### $ الحسين بن علي بن الحسين
296,### | ذكر بساتين الوزير,0845Maqrizi.Mawaciz,3243,3245,1467,0660IbnCadim.BughyatTalab,1973,### $ الحسين بن علي بن الحسين
297,### | ذكر بساتين الوزير,0845Maqrizi.Mawaciz,3249,3254,1467,0660IbnCadim.BughyatTalab,1973,### $ الحسين بن علي بن الحسين
298,### | ذكر بساتين الوزير,0845Maqrizi.Mawaciz,3254,3258,1467,0660IbnCadim.BughyatTalab,1973,### $ الحسين بن علي بن الحسين
299,### | ذكر بساتين الوزير,0845Maqrizi.Mawaciz,3258,3259,1467,0660IbnCadim.BughyatTalab,1973,### $ الحسين بن علي بن الحسين
300,### | ذكر بساتين الوزير,0845Maqrizi.Mawaciz,3259,3266,1467,0660IbnCadim.BughyatTalab,1973,### $ الحسين بن علي بن الحسين
301,### | ذكر بساتين الوزير,0845Maqrizi.Mawaciz,3266,3272,1467,0660IbnCadim.BughyatTalab,1973,### $ الحسين بن علي بن الحسين
302,### | ذكر بساتين الوزير,0845Maqrizi.Mawaciz,3288,3328,1467,0660IbnCadim.BughyatTalab,1973,### $ الحسين بن علي بن الحسين
303,### | ذكر بساتين الوزير,0845Maqrizi.Mawaciz,3328,3330,1467,0660IbnCadim.BughyatTalab,1973,### $ الحسين بن علي بن الحسين
304,### | ذكر بساتين الوزير,0845Maqrizi.Mawaciz,3332,3334,1467,0660IbnCadim.BughyatTalab,1973,### $ الحسين بن علي بن الحسين
305,### | ذكر بساتين الوزير,0845Maqrizi.Mawaciz,3334,3376,1467,0660IbnCadim.BughyatTalab,1973,### $ الحسين بن علي بن الحسين
306,### | ذكر بساتين الوزير,0845Maqrizi.Mawaciz,3376,3410,1467,0660IbnCadim.BughyatTalab,1973,### $ الحسين بن علي بن الحسين
307,### | ذكر بساتين الوزير,0845Maqrizi.Mawaciz,3182,3192,1467,0845Maqrizi.Muqaffa,1237,### $ 1176 - أبو الفتوح الحسني [- 430]
308,### | ذكر بساتين الوزير,0845Maqrizi.Mawaciz,3192,3198,1467,0845Maqrizi.Muqaffa,1237,### $ 1176 - أبو الفتوح الحسني [- 430]
309,### | ذكر بساتين الوزير,0845Maqrizi.Mawaciz,3220,3223,1467,0845Maqrizi.Muqaffa,1237,### $ 1176 - أبو الفتوح الحسني [- 430]
310,### | ذكر بساتين الوزير,0845Maqrizi.Mawaciz,3240,3243,1467,0845Maqrizi.Muqaffa,1237,### $ 1176 - أبو الفتوح الحسني [- 430]
311,### | ذكر بساتين الوزير,0845Maqrizi.Mawaciz,3254,3258,1467,0845Maqrizi.Muqaffa,1237,### $ 1176 - أبو الفتوح الحسني [- 430]
312,### | ذكر بساتين الوزير,0845Maqrizi.Mawaciz,3277,3341,1467,0845Maqrizi.Muqaffa,1237,### $ 1176 - أبو الفتوح الحسني [- 430]
313,### | ذكر بساتين الوزير,0845Maqrizi.Mawaciz,3353,3357,1467,0845Maqrizi.Muqaffa,1237,### $ 1176 - أبو الفتوح الحسني [- 430]
314,### | ذكر بساتين الوزير,0845Maqrizi.Mawaciz,3357,3360,1467,0845Maqrizi.Muqaffa,1237,### $ 1176 - أبو الفتوح الحسني [- 430]
315,### | ذكر بساتين الوزير,0845Maqrizi.Mawaciz,3360,3361,1467,0845Maqrizi.Muqaffa,1237,### $ 1176 - أبو الفتوح الحسني [- 430]
316,### | ذكر بساتين الوزير,0845Maqrizi.Mawaciz,3361,3363,1467,0845Maqrizi.Muqaffa,1237,### $ 1176 - أبو الفتوح الحسني [- 430]
317,### | ذكر بساتين الوزير,0845Maqrizi.Mawaciz,3364,3367,1467,0845Maqrizi.Muqaffa,1237,### $ 1176 - أبو الفتوح الحسني [- 430]
318,### | ذكر بساتين الوزير,0845Maqrizi.Mawaciz,3372,3377,1467,0845Maqrizi.Muqaffa,1237,### $ 1176 - أبو الفتوح الحسني [- 430]
319,### | ذكر بساتين الوزير,0845Maqrizi.Mawaciz,3377,3381,1467,0845Maqrizi.Muqaffa,1237,### $ 1176 - أبو الفتوح الحسني [- 430]
320,### | ذكر بساتين الوزير,0845Maqrizi.Mawaciz,3384,3387,1467,0845Maqrizi.Muqaffa,1237,### $ 1176 - أبو الفتوح الحسني [- 430]
321,### | ذكر بساتين الوزير,0845Maqrizi.Mawaciz,3392,3393,1467,0845Maqrizi.Muqaffa,1237,### $ 1176 - أبو الفتوح الحسني [- 430]
322,### | ذكر بساتين الوزير,0845Maqrizi.Mawaciz,3393,3399,1467,0845Maqrizi.Muqaffa,1237,### $ 1176 - أبو الفتوح الحسني [- 430]
323,### | ذكر بساتين الوزير,0845Maqrizi.Mawaciz,3405,3418,1467,0845Maqrizi.Muqaffa,1237,### $ 1176 - أبو الفتوح الحسني [- 430]
324,### | ذكر بساتين الوزير,0845Maqrizi.Mawaciz,3419,3421,1467,0845Maqrizi.Muqaffa,1237,### $ 1176 - أبو الفتوح الحسني [- 430]
325,### | ذكر بساتين الوزير,0845Maqrizi.Mawaciz,3421,3425,1467,0845Maqrizi.Muqaffa,1237,### $ 1176 - أبو الفتوح الحسني [- 430]
326,### | ذكر بساتين الوزير,0845Maqrizi.Mawaciz,3425,3429,1467,0845Maqrizi.Muqaffa,1237,### $ 1176 - أبو الفتوح الحسني [- 430]
327,### | ذكر بساتين الوزير,0845Maqrizi.Mawaciz,3430,3432,1467,0845Maqrizi.Muqaffa,1237,### $ 1176 - أبو الفتوح الحسني [- 430]
328,### | ذكر بساتين الوزير,0845Maqrizi.Mawaciz,3432,3439,1467,0845Maqrizi.Muqaffa,1237,### $ 1176 - أبو الفتوح الحسني [- 430]
329,### | ذكر بساتين الوزير,0845Maqrizi.Mawaciz,3444,3447,1467,0845Maqrizi.Muqaffa,1237,### $ 1176 - أبو الفتوح الحسني [- 430]
330,### | ذكر بساتين الوزير,0845Maqrizi.Mawaciz,3447,3448,1467,0845Maqrizi.Muqaffa,1237,### $ 1176 - أبو الفتوح الحسني [- 430]
331,### | ذكر بساتين الوزير,0845Maqrizi.Mawaciz,3450,3452,1467,0845Maqrizi.Muqaffa,1237,### $ 1176 - أبو الفتوح الحسني [- 430]
332,### | ذكر بساتين الوزير,0845Maqrizi.Mawaciz,3452,3457,1467,0845Maqrizi.Muqaffa,1237,### $ 1176 - أبو الفتوح الحسني [- 430]
333,### | ذكر بساتين الوزير,0845Maqrizi.Mawaciz,3457,3460,1467,0845Maqrizi.Muqaffa,1237,### $ 1176 - أبو الفتوح الحسني [- 430]
334,### | ذكر بساتين الوزير,0845Maqrizi.Mawaciz,3460,3468,1467,0845Maqrizi.Muqaffa,1237,### $ 1176 - أبو الفتوح الحسني [- 430]
335,### | ذكر بساتين الوزير,0845Maqrizi.Mawaciz,3468,3469,1467,0845Maqrizi.Muqaffa,1237,### $ 1176 - أبو الفتوح الحسني [- 430]
336,### | ذكر بساتين الوزير,0845Maqrizi.Mawaciz,3474,3477,1467,0845Maqrizi.Muqaffa,1237,### $ 1176 - أبو الفتوح الحسني [- 430]
337,### | ذكر بساتين الوزير,0845Maqrizi.Mawaciz,3478,3486,1467,0845Maqrizi.Muqaffa,1237,### $ 1176 - أبو الفتوح الحسني [- 430]
338,### | ذكر بساتين الوزير,0845Maqrizi.Mawaciz,3486,3514,1467,0845Maqrizi.Muqaffa,1237,### $ 1176 - أبو الفتوح الحسني [- 430]
339,### | ذكر بساتين الوزير,0845Maqrizi.Mawaciz,3514,3529,1467,0845Maqrizi.Muqaffa,1237,### $ 1176 - أبو الفتوح الحسني [- 430]
340,### | ذكر بساتين الوزير,0845Maqrizi.Mawaciz,3529,3530,1467,0845Maqrizi.Muqaffa,1237,### $ 1176 - أبو الفتوح الحسني [- 430]
341,### | ذكر بساتين الوزير,0845Maqrizi.Mawaciz,3530,3531,1467,0845Maqrizi.Muqaffa,1237,### $ 1176 - أبو الفتوح الحسني [- 430]
342,### | ذكر بساتين الوزير,0845Maqrizi.Mawaciz,3531,3532,1467,0845Maqrizi.Muqaffa,1237,### $ 1176 - أبو الفتوح الحسني [- 430]
343,### | ذكر بساتين الوزير,0845Maqrizi.Mawaciz,3532,3534,1467,0845Maqrizi.Muqaffa,1237,### $ 1176 - أبو الفتوح الحسني [- 430]
344,### | ذكر بساتين الوزير,0845Maqrizi.Mawaciz,3534,3544,1467,0845Maqrizi.Muqaffa,1237,### $ 1176 - أبو الفتوح الحسني [- 430]
345,### | ذكر بساتين الوزير,0845Maqrizi.Mawaciz,3544,3547,1467,0845Maqrizi.Muqaffa,1237,### $ 1176 - أبو الفتوح الحسني [- 430]
346,### | ذكر بساتين الوزير,0845Maqrizi.Mawaciz,3547,3548,1467,0845Maqrizi.Muqaffa,1237,### $ 1176 - أبو الفتوح الحسني [- 430]
347,### | ذكر بساتين الوزير,0845Maqrizi.Mawaciz,3552,3553,1467,0845Maqrizi.Muqaffa,1237,### $ 1176 - أبو الفتوح الحسني [- 430]
348,### | ذكر بساتين الوزير,0845Maqrizi.Mawaciz,3553,3556,1467,0845Maqrizi.Muqaffa,1237,### $ 1176 - أبو الفتوح الحسني [- 430]
349,### | ذكر بساتين الوزير,0845Maqrizi.Mawaciz,3556,3571,1467,0845Maqrizi.Muqaffa,1237,### $ 1176 - أبو الفتوح الحسني [- 430]
350,### | ذكر بساتين الوزير,0845Maqrizi.Mawaciz,3577,3580,1467,0845Maqrizi.Muqaffa,1237,### $ 1176 - أبو الفتوح الحسني [- 430]
351,### | ذكر بساتين الوزير,0845Maqrizi.Mawaciz,3589,3592,1467,0845Maqrizi.Muqaffa,1237,### $ 1176 - أبو الفتوح الحسني [- 430]
352,### | ذكر بساتين الوزير,0845Maqrizi.Mawaciz,3595,3596,1467,0845Maqrizi.Muqaffa,1237,### $ 1176 - أبو الفتوح الحسني [- 430]
353,### | ذكر بساتين الوزير,0845Maqrizi.Mawaciz,3610,3617,1467,0845Maqrizi.Muqaffa,1237,### $ 1176 - أبو الفتوح الحسني [- 430]
354,### | ذكر بساتين الوزير,0845Maqrizi.Mawaciz,3617,3621,1467,0845Maqrizi.Muqaffa,1237,### $ 1176 - أبو الفتوح الحسني [- 430]
355,### | ذكر بساتين الوزير,0845Maqrizi.Mawaciz,3645,3648,1467,0845Maqrizi.Muqaffa,1237,### $ 1176 - أبو الفتوح الحسني [- 430]
356,### | ذكر بساتين الوزير,0845Maqrizi.Mawaciz,3648,3654,1467,0845Maqrizi.Muqaffa,1237,### $ 1176 - أبو الفتوح الحسني [- 430]
357,### | ذكر بساتين الوزير,0845Maqrizi.Mawaciz,3665,3668,1467,0845Maqrizi.Muqaffa,1237,### $ 1176 - أبو الفتوح الحسني [- 430]
358,### | ذكر بساتين الوزير,0845Maqrizi.Mawaciz,3679,3683,1467,0845Maqrizi.Muqaffa,1237,### $ 1176 - أبو الفتوح الحسني [- 430]
359,### | ذكر بساتين الوزير,0845Maqrizi.Mawaciz,3701,3704,1467,0845Maqrizi.Muqaffa,1237,### $ 1176 - أبو الفتوح الحسني [- 430]
360,### | ذكر بساتين الوزير,0845Maqrizi.Mawaciz,3714,3720,1467,0845Maqrizi.Muqaffa,1237,### $ 1176 - أبو الفتوح الحسني [- 430]
361,### | ذكر بساتين الوزير,0845Maqrizi.Mawaciz,3727,3730,1467,0845Maqrizi.Muqaffa,1237,### $ 1176 - أبو الفتوح الحسني [- 430]
362,### | ذكر بساتين الوزير,0845Maqrizi.Mawaciz,3739,3743,1467,0845Maqrizi.Muqaffa,1237,### $ 1176 - أبو الفتوح الحسني [- 430]
363,### | ذكر بساتين الوزير,0845Maqrizi.Mawaciz,3744,3748,1467,0845Maqrizi.Muqaffa,1237,### $ 1176 - أبو الفتوح الحسني [- 430]
364,### | ذكر بساتين الوزير,0845Maqrizi.Mawaciz,3797,3802,1467,0845Maqrizi.Muqaffa,1237,### $ 1176 - أبو الفتوح الحسني [- 430]
365,### | ذكر بساتين الوزير,0845Maqrizi.Mawaciz,3806,3810,1467,0845Maqrizi.Muqaffa,1237,### $ 1176 - أبو الفتوح الحسني [- 430]
366,### | ذكر بساتين الوزير,0845Maqrizi.Mawaciz,3834,3837,1467,0845Maqrizi.Muqaffa,1237,### $ 1176 - أبو الفتوح الحسني [- 430]
367,### | ذكر بساتين الوزير,0845Maqrizi.Mawaciz,3854,3859,1467,0845Maqrizi.Muqaffa,1237,### $ 1176 - أبو الفتوح الحسني [- 430]
368,### | ذكر بساتين الوزير,0845Maqrizi.Mawaciz,3884,3888,1467,0845Maqrizi.Muqaffa,1237,### $ 1176 - أبو الفتوح الحسني [- 430]
369,### | ذكر بساتين الوزير,0845Maqrizi.Mawaciz,3915,3918,1467,0845Maqrizi.Muqaffa,1237,### $ 1176 - أبو الفتوح الحسني [- 430]
370,### | ذكر بساتين الوزير,0845Maqrizi.Mawaciz,3924,3927,1467,0845Maqrizi.Muqaffa,1237,### $ 1176 - أبو الفتوح الحسني [- 430]
371,### | ذكر بساتين الوزير,0845Maqrizi.Mawaciz,3979,3982,1467,0845Maqrizi.Muqaffa,1237,### $ 1176 - أبو الفتوح الحسني [- 430]
372,### | ذكر بساتين الوزير,0845Maqrizi.Mawaciz,3989,3993,1467,0845Maqrizi.Muqaffa,1237,### $ 1176 - أبو الفتوح الحسني [- 430]
373,### | ذكر بساتين الوزير,0845Maqrizi.Mawaciz,4001,4004,1467,0845Maqrizi.Muqaffa,1237,### $ 1176 - أبو الفتوح الحسني [- 430]
374,### | ذكر بساتين الوزير,0845Maqrizi.Mawaciz,4006,4009,1467,0845Maqrizi.Muqaffa,1237,### $ 1176 - أبو الفتوح الحسني [- 430]
375,### | ذكر بساتين الوزير,0845Maqrizi.Mawaciz,4010,4013,1467,0845Maqrizi.Muqaffa,1237,### $ 1176 - أبو الفتوح الحسني [- 430]
376,### | ذكر بساتين الوزير,0845Maqrizi.Mawaciz,4030,4034,1467,0845Maqrizi.Muqaffa,1237,### $ 1176 - أبو الفتوح الحسني [- 430]
377,### | ذكر بساتين الوزير,0845Maqrizi.Mawaciz,4036,4039,1467,0845Maqrizi.Muqaffa,1237,### $ 1176 - أبو الفتوح الحسني [- 430]
378,### | ذكر بساتين الوزير,0845Maqrizi.Mawaciz,4043,4048,1467,0845Maqrizi.Muqaffa,1237,### $ 1176 - أبو الفتوح الحسني [- 430]
379,### | ذكر بساتين الوزير,0845Maqrizi.Mawaciz,3182,3187,1467,0845Maqrizi.Muqaffa,1368,### $ 1246 - الوزير المغربي [370 - 418]
380,### | ذكر بساتين الوزير,0845Maqrizi.Mawaciz,3191,3195,1467,0845Maqrizi.Muqaffa,1368,### $ 1246 - الوزير المغربي [370 - 418]
381,### | ذكر بساتين الوزير,0845Maqrizi.Mawaciz,3216,3220,1467,0845Maqrizi.Muqaffa,1368,### $ 1246 - الوزير المغربي [370 - 418]
382,### | ذكر بساتين الوزير,0845Maqrizi.Mawaciz,3225,3228,1467,0845Maqrizi.Muqaffa,1368,### $ 1246 - الوزير المغربي [370 - 418]
383,### | ذكر بساتين الوزير,0845Maqrizi.Mawaciz,3231,3234,1467,0845Maqrizi.Muqaffa,1368,### $ 1246 - الوزير المغربي [370 - 418]
384,### | ذكر بساتين الوزير,0845Maqrizi.Mawaciz,3251,3254,1467,0845Maqrizi.Muqaffa,1368,### $ 1246 - الوزير المغربي [370 - 418]
385,### | ذكر بساتين الوزير,0845Maqrizi.Mawaciz,3254,3255,1467,0845Maqrizi.Muqaffa,1368,### $ 1246 - الوزير المغربي [370 - 418]
386,### | ذكر بساتين الوزير,0845Maqrizi.Mawaciz,3260,3265,1467,0845Maqrizi.Muqaffa,1368,### $ 1246 - الوزير المغربي [370 - 418]
387,### | ذكر بساتين الوزير,0845Maqrizi.Mawaciz,3265,3266,1467,0845Maqrizi.Muqaffa,1368,### $ 1246 - الوزير المغربي [370 - 418]
388,### | ذكر بساتين الوزير,0845Maqrizi.Mawaciz,3277,3280,1467,0845Maqrizi.Muqaffa,1368,### $ 1246 - الوزير المغربي [370 - 418]
389,### | ذكر بساتين الوزير,0845Maqrizi.Mawaciz,3285,3290,1467,0845Maqrizi.Muqaffa,1368,### $ 1246 - الوزير المغربي [370 - 418]
390,### | ذكر بساتين الوزير,0845Maqrizi.Mawaciz,3304,3307,1467,0845Maqrizi.Muqaffa,1368,### $ 1246 - الوزير المغربي [370 - 418]
391,### | ذكر بساتين الوزير,0845Maqrizi.Mawaciz,3309,3313,1467,0845Maqrizi.Muqaffa,1368,### $ 1246 - الوزير المغربي [370 - 418]
392,### | ذكر بساتين الوزير,0845Maqrizi.Mawaciz,3316,3321,1467,0845Maqrizi.Muqaffa,1368,### $ 1246 - الوزير المغربي [370 - 418]
393,### | ذكر بساتين الوزير,0845Maqrizi.Mawaciz,3331,3334,1467,0845Maqrizi.Muqaffa,1368,### $ 1246 - الوزير المغربي [370 - 418]
394,### | ذكر بساتين الوزير,0845Maqrizi.Mawaciz,3337,3351,1467,0845Maqrizi.Muqaffa,1368,### $ 1246 - الوزير المغربي [370 - 418]
395,### | ذكر بساتين الوزير,0845Maqrizi.Mawaciz,3354,3357,1467,0845Maqrizi.Muqaffa,1368,### $ 1246 - الوزير المغربي [370 - 418]
396,### | ذكر بساتين الوزير,0845Maqrizi.Mawaciz,3362,3365,1467,0845Maqrizi.Muqaffa,1368,### $ 1246 - الوزير المغربي [370 - 418]
397,### | ذكر بساتين الوزير,0845Maqrizi.Mawaciz,3365,3368,1467,0845Maqrizi.Muqaffa,1368,### $ 1246 - الوزير المغربي [370 - 418]
398,### | ذكر بساتين الوزير,0845Maqrizi.Mawaciz,3374,3378,1467,0845Maqrizi.Muqaffa,1368,### $ 1246 - الوزير المغربي [370 - 418]
399,### | ذكر بساتين الوزير,0845Maqrizi.Mawaciz,3378,3381,1467,0845Maqrizi.Muqaffa,1368,### $ 1246 - الوزير المغربي [370 - 418]
400,### | ذكر بساتين الوزير,0845Maqrizi.Mawaciz,3382,3385,1467,0845Maqrizi.Muqaffa,1368,### $ 1246 - الوزير المغربي [370 - 418]
401,### | ذكر بساتين الوزير,0845Maqrizi.Mawaciz,3410,3416,1467,0845Maqrizi.Muqaffa,1368,### $ 1246 - الوزير المغربي [370 - 418]
402,### | ذكر بساتين الوزير,0845Maqrizi.Mawaciz,3395,3399,1467,0845Maqrizi.Muqaffa,1368,### $ 1246 - الوزير المغربي [370 - 418]
403,### | ذكر بساتين الوزير,0845Maqrizi.Mawaciz,3432,3435,1467,0845Maqrizi.Muqaffa,1368,### $ 1246 - الوزير المغربي [370 - 418]
404,### | ذكر بساتين الوزير,0845Maqrizi.Mawaciz,3435,3450,1467,0845Maqrizi.Muqaffa,1368,### $ 1246 - الوزير المغربي [370 - 418]
405,### | ذكر بساتين الوزير,0845Maqrizi.Mawaciz,3450,3461,1467,0845Maqrizi.Muqaffa,1368,### $ 1246 - الوزير المغربي [370 - 418]
406,### | ذكر بساتين الوزير,0845Maqrizi.Mawaciz,3461,3518,1467,0845Maqrizi.Muqaffa,1368,### $ 1246 - الوزير المغربي [370 - 418]
407,### | ذكر بساتين الوزير,0845Maqrizi.Mawaciz,3518,3520,1467,0845Maqrizi.Muqaffa,1368,### $ 1246 - الوزير المغربي [370 - 418]
408,### | ذكر بساتين الوزير,0845Maqrizi.Mawaciz,3520,3521,1467,0845Maqrizi.Muqaffa,1368,### $ 1246 - الوزير المغربي [370 - 418]
409,### | ذكر بساتين الوزير,0845Maqrizi.Mawaciz,3521,3528,1467,0845Maqrizi.Muqaffa,1368,### $ 1246 - الوزير المغربي [370 - 418]
410,### | ذكر بساتين الوزير,0845Maqrizi.Mawaciz,3528,3533,1467,0845Maqrizi.Muqaffa,1368,### $ 1246 - الوزير المغربي [370 - 418]
411,### | ذكر بساتين الوزير,0845Maqrizi.Mawaciz,3544,3545,1467,0845Maqrizi.Muqaffa,1368,### $ 1246 - الوزير المغربي [370 - 418]
412,### | ذكر بساتين الوزير,0845Maqrizi.Mawaciz,3545,3617,1467,0845Maqrizi.Muqaffa,1368,### $ 1246 - الوزير المغربي [370 - 418]
413,### | ذكر بساتين الوزير,0845Maqrizi.Mawaciz,3617,3618,1467,0845Maqrizi.Muqaffa,1368,### $ 1246 - الوزير المغربي [370 - 418]
414,### | ذكر بساتين الوزير,0845Maqrizi.Mawaciz,3618,3623,1467,0845Maqrizi.Muqaffa,1368,### $ 1246 - الوزير المغربي [370 - 418]
415,### | ذكر بساتين الوزير,0845Maqrizi.Mawaciz,3623,3625,1467,0845Maqrizi.Muqaffa,1368,### $ 1246 - الوزير المغربي [370 - 418]
416,### | ذكر بساتين الوزير,0845Maqrizi.Mawaciz,3625,3631,1467,0845Maqrizi.Muqaffa,1368,### $ 1246 - الوزير المغربي [370 - 418]
417,### | ذكر بساتين الوزير,0845Maqrizi.Mawaciz,3632,3635,1467,0845Maqrizi.Muqaffa,1368,### $ 1246 - الوزير المغربي [370 - 418]
418,### | ذكر بساتين الوزير,0845Maqrizi.Mawaciz,3643,3659,1467,0845Maqrizi.Muqaffa,1368,### $ 1246 - الوزير المغربي [370 - 418]
419,### | ذكر بساتين الوزير,0845Maqrizi.Mawaciz,3659,3664,1467,0845Maqrizi.Muqaffa,1368,### $ 1246 - الوزير المغربي [370 - 418]
420,### | ذكر بساتين الوزير,0845Maqrizi.Mawaciz,3664,3665,1467,0845Maqrizi.Muqaffa,1368,### $ 1246 - الوزير المغربي [370 - 418]
421,### | ذكر بساتين الوزير,0845Maqrizi.Mawaciz,3668,3673,1467,0845Maqrizi.Muqaffa,1368,### $ 1246 - الوزير المغربي [370 - 418]
422,### | ذكر بساتين الوزير,0845Maqrizi.Mawaciz,3673,3677,1467,0845Maqrizi.Muqaffa,1368,### $ 1246 - الوزير المغربي [370 - 418]
423,### | ذكر بساتين الوزير,0845Maqrizi.Mawaciz,3678,3691,1467,0845Maqrizi.Muqaffa,1368,### $ 1246 - الوزير المغربي [370 - 418]
424,### | ذكر بساتين الوزير,0845Maqrizi.Mawaciz,3702,3703,1467,0845Maqrizi.Muqaffa,1368,### $ 1246 - الوزير المغربي [370 - 418]
425,### | ذكر بساتين الوزير,0845Maqrizi.Mawaciz,3703,3708,1467,0845Maqrizi.Muqaffa,1368,### $ 1246 - الوزير المغربي [370 - 418]
426,### | ذكر بساتين الوزير,0845Maqrizi.Mawaciz,3708,3747,1467,0845Maqrizi.Muqaffa,1368,### $ 1246 - الوزير المغربي [370 - 418]
427,### | ذكر بساتين الوزير,0845Maqrizi.Mawaciz,3747,3749,1467,0845Maqrizi.Muqaffa,1368,### $ 1246 - الوزير المغربي [370 - 418]
428,### | ذكر بساتين الوزير,0845Maqrizi.Mawaciz,3751,3753,1467,0845Maqrizi.Muqaffa,1368,### $ 1246 - الوزير المغربي [370 - 418]
429,### | ذكر بساتين الوزير,0845Maqrizi.Mawaciz,3753,3790,1467,0845Maqrizi.Muqaffa,1368,### $ 1246 - الوزير المغربي [370 - 418]
430,### | ذكر بساتين الوزير,0845Maqrizi.Mawaciz,3792,3829,1467,0845Maqrizi.Muqaffa,1368,### $ 1246 - الوزير المغربي [370 - 418]
431,### | ذكر بساتين الوزير,0845Maqrizi.Mawaciz,3189,3193,1467,0845Maqrizi.Muqaffa,1366,### $ 1246 - الوزير المغربي [370 - 418]
432,### | ذكر بساتين الوزير,0845Maqrizi.Mawaciz,3211,3219,1467,0845Maqrizi.Muqaffa,1366,### $ 1246 - الوزير المغربي [370 - 418]
433,### | ذكر بساتين الوزير,0845Maqrizi.Mawaciz,3231,3234,1467,0845Maqrizi.Muqaffa,1366,### $ 1246 - الوزير المغربي [370 - 418]
434,### | ذكر بساتين الوزير,0845Maqrizi.Mawaciz,3242,3247,1467,0845Maqrizi.Muqaffa,1366,### $ 1246 - الوزير المغربي [370 - 418]
435,### | ذكر بساتين الوزير,0845Maqrizi.Mawaciz,3250,3255,1467,0845Maqrizi.Muqaffa,1366,### $ 1246 - الوزير المغربي [370 - 418]
436,### | ذكر بساتين الوزير,0845Maqrizi.Mawaciz,3287,3291,1467,0845Maqrizi.Muqaffa,1366,### $ 1246 - الوزير المغربي [370 - 418]
437,### | ذكر بساتين الوزير,0845Maqrizi.Mawaciz,3301,3304,1467,0845Maqrizi.Muqaffa,1366,### $ 1246 - الوزير المغربي [370 - 418]
438,### | ذكر بساتين الوزير,0845Maqrizi.Mawaciz,3313,3318,1467,0845Maqrizi.Muqaffa,1366,### $ 1246 - الوزير المغربي [370 - 418]
439,### | ذكر بساتين الوزير,0845Maqrizi.Mawaciz,3318,3322,1467,0845Maqrizi.Muqaffa,1366,### $ 1246 - الوزير المغربي [370 - 418]
440,### | ذكر بساتين الوزير,0845Maqrizi.Mawaciz,3346,3353,1467,0845Maqrizi.Muqaffa,1366,### $ 1246 - الوزير المغربي [370 - 418]
441,### | ذكر بساتين الوزير,0845Maqrizi.Mawaciz,3357,3361,1467,0845Maqrizi.Muqaffa,1366,### $ 1246 - الوزير المغربي [370 - 418]
442,### | ذكر بساتين الوزير,0845Maqrizi.Mawaciz,3364,3368,1467,0845Maqrizi.Muqaffa,1366,### $ 1246 - الوزير المغربي [370 - 418]
443,### | ذكر بساتين الوزير,0845Maqrizi.Mawaciz,3384,3390,1467,0845Maqrizi.Muqaffa,1366,### $ 1246 - الوزير المغربي [370 - 418]
444,### | ذكر بساتين الوزير,0845Maqrizi.Mawaciz,3393,3396,1467,0845Maqrizi.Muqaffa,1366,### $ 1246 - الوزير المغربي [370 - 418]
445,### | ذكر بساتين الوزير,0845Maqrizi.Mawaciz,3397,3402,1467,0845Maqrizi.Muqaffa,1366,### $ 1246 - الوزير المغربي [370 - 418]
446,### | ذكر بساتين الوزير,0845Maqrizi.Mawaciz,3410,3416,1467,0845Maqrizi.Muqaffa,1366,### $ 1246 - الوزير المغربي [370 - 418]
447,### | ذكر بساتين الوزير,0845Maqrizi.Mawaciz,3417,3418,1467,0845Maqrizi.Muqaffa,1366,### $ 1246 - الوزير المغربي [370 - 418]
448,### | ذكر بساتين الوزير,0845Maqrizi.Mawaciz,3418,3420,1467,0845Maqrizi.Muqaffa,1366,### $ 1246 - الوزير المغربي [370 - 418]
449,### | ذكر بساتين الوزير,0845Maqrizi.Mawaciz,3420,3421,1467,0845Maqrizi.Muqaffa,1366,### $ 1246 - الوزير المغربي [370 - 418]
450,### | ذكر بساتين الوزير,0845Maqrizi.Mawaciz,3423,3429,1467,0845Maqrizi.Muqaffa,1366,### $ 1246 - الوزير المغربي [370 - 418]
451,### | ذكر بساتين الوزير,0845Maqrizi.Mawaciz,3447,3451,1467,0845Maqrizi.Muqaffa,1366,### $ 1246 - الوزير المغربي [370 - 418]
452,### | ذكر بساتين الوزير,0845Maqrizi.Mawaciz,3451,3452,1467,0845Maqrizi.Muqaffa,1366,### $ 1246 - الوزير المغربي [370 - 418]
453,### | ذكر بساتين الوزير,0845Maqrizi.Mawaciz,3452,3453,1467,0845Maqrizi.Muqaffa,1366,### $ 1246 - الوزير المغربي [370 - 418]
454,### | ذكر بساتين الوزير,0845Maqrizi.Mawaciz,3453,3454,1467,0845Maqrizi.Muqaffa,1366,### $ 1246 - الوزير المغربي [370 - 418]
455,### | ذكر بساتين الوزير,0845Maqrizi.Mawaciz,3455,3468,1467,0845Maqrizi.Muqaffa,1366,### $ 1246 - الوزير المغربي [370 - 418]
456,### | ذكر بساتين الوزير,0845Maqrizi.Mawaciz,3468,3470,1467,0845Maqrizi.Muqaffa,1366,### $ 1246 - الوزير المغربي [370 - 418]
457,### | ذكر بساتين الوزير,0845Maqrizi.Mawaciz,3473,3476,1467,0845Maqrizi.Muqaffa,1366,### $ 1246 - الوزير المغربي [370 - 418]
458,### | ذكر بساتين الوزير,0845Maqrizi.Mawaciz,3481,3489,1467,0845Maqrizi.Muqaffa,1366,### $ 1246 - الوزير المغربي [370 - 418]
459,### | ذكر بساتين الوزير,0845Maqrizi.Mawaciz,3489,3490,1467,0845Maqrizi.Muqaffa,1366,### $ 1246 - الوزير المغربي [370 - 418]
460,### | ذكر بساتين الوزير,0845Maqrizi.Mawaciz,3500,3503,1467,0845Maqrizi.Muqaffa,1366,### $ 1246 - الوزير المغربي [370 - 418]
461,### | ذكر بساتين الوزير,0845Maqrizi.Mawaciz,3503,3506,1467,0845Maqrizi.Muqaffa,1366,### $ 1246 - الوزير المغربي [370 - 418]
462,### | ذكر بساتين الوزير,0845Maqrizi.Mawaciz,3526,3530,1467,0845Maqrizi.Muqaffa,1366,### $ 1246 - الوزير المغربي [370 - 418]
463,### | ذكر بساتين الوزير,0845Maqrizi.Mawaciz,3535,3539,1467,0845Maqrizi.Muqaffa,1366,### $ 1246 - الوزير المغربي [370 - 418]
464,### | ذكر بساتين الوزير,0845Maqrizi.Mawaciz,3539,3541,1467,0845Maqrizi.Muqaffa,1366,### $ 1246 - الوزير المغربي [370 - 418]
465,### | ذكر بساتين الوزير,0845Maqrizi.Mawaciz,3544,3547,1467,0845Maqrizi.Muqaffa,1366,### $ 1246 - الوزير المغربي [370 - 418]
466,### | ذكر بساتين الوزير,0845Maqrizi.Mawaciz,3556,3559,1467,0845Maqrizi.Muqaffa,1366,### $ 1246 - الوزير المغربي [370 - 418]
467,### | ذكر بساتين الوزير,0845Maqrizi.Mawaciz,3560,3564,1467,0845Maqrizi.Muqaffa,1366,### $ 1246 - الوزير المغربي [370 - 418]
468,### | ذكر بساتين الوزير,0845Maqrizi.Mawaciz,3564,3565,1467,0845Maqrizi.Muqaffa,1366,### $ 1246 - الوزير المغربي [370 - 418]
469,### | ذكر بساتين الوزير,0845Maqrizi.Mawaciz,3568,3571,1467,0845Maqrizi.Muqaffa,1366,### $ 1246 - الوزير المغربي [370 - 418]
470,### | ذكر بساتين الوزير,0845Maqrizi.Mawaciz,3590,3593,1467,0845Maqrizi.Muqaffa,1366,### $ 1246 - الوزير المغربي [370 - 418]
471,### | ذكر بساتين الوزير,0845Maqrizi.Mawaciz,3594,3601,1467,0845Maqrizi.Muqaffa,1366,### $ 1246 - الوزير المغربي [370 - 418]
472,### | ذكر بساتين الوزير,0845Maqrizi.Mawaciz,3621,3630,1467,0845Maqrizi.Muqaffa,1366,### $ 1246 - الوزير المغربي [370 - 418]
473,### | ذكر بساتين الوزير,0845Maqrizi.Mawaciz,3641,3644,1467,0845Maqrizi.Muqaffa,1366,### $ 1246 - الوزير المغربي [370 - 418]
474,### | ذكر بساتين الوزير,0845Maqrizi.Mawaciz,3644,3645,1467,0845Maqrizi.Muqaffa,1366,### $ 1246 - الوزير المغربي [370 - 418]
475,### | ذكر بساتين الوزير,0845Maqrizi.Mawaciz,3655,3658,1467,0845Maqrizi.Muqaffa,1366,### $ 1246 - الوزير المغربي [370 - 418]
476,### | ذكر بساتين الوزير,0845Maqrizi.Mawaciz,3662,3665,1467,0845Maqrizi.Muqaffa,1366,### $ 1246 - الوزير المغربي [370 - 418]
477,### | ذكر بساتين الوزير,0845Maqrizi.Mawaciz,3665,3668,1467,0845Maqrizi.Muqaffa,1366,### $ 1246 - الوزير المغربي [370 - 418]
478,### | ذكر بساتين الوزير,0845Maqrizi.Mawaciz,3669,3675,1467,0845Maqrizi.Muqaffa,1366,### $ 1246 - الوزير المغربي [370 - 418]
479,### | ذكر بساتين الوزير,0845Maqrizi.Mawaciz,3684,3689,1467,0845Maqrizi.Muqaffa,1366,### $ 1246 - الوزير المغربي [370 - 418]
480,### | ذكر بساتين الوزير,0845Maqrizi.Mawaciz,3710,3731,1467,0845Maqrizi.Muqaffa,1366,### $ 1246 - الوزير المغربي [370 - 418]
481,### | ذكر بساتين الوزير,0845Maqrizi.Mawaciz,3731,3733,1467,0845Maqrizi.Muqaffa,1366,### $ 1246 - الوزير المغربي [370 - 418]
482,### | ذكر بساتين الوزير,0845Maqrizi.Mawaciz,3733,3734,1467,0845Maqrizi.Muqaffa,1366,### $ 1246 - الوزير المغربي [370 - 418]
483,### | ذكر بساتين الوزير,0845Maqrizi.Mawaciz,3734,3737,1467,0845Maqrizi.Muqaffa,1366,### $ 1246 - الوزير المغربي [370 - 418]
484,### | ذكر بساتين الوزير,0845Maqrizi.Mawaciz,3737,3738,1467,0845Maqrizi.Muqaffa,1366,### $ 1246 - الوزير المغربي [370 - 418]
485,### | ذكر بساتين الوزير,0845Maqrizi.Mawaciz,3743,3746,1467,0845Maqrizi.Muqaffa,1366,### $ 1246 - الوزير المغربي [370 - 418]
486,### | ذكر بساتين الوزير,0845Maqrizi.Mawaciz,3750,3762,1467,0845Maqrizi.Muqaffa,1366,### $ 1246 - الوزير المغربي [370 - 418]
487,### | ذكر بساتين الوزير,0845Maqrizi.Mawaciz,3762,3765,1467,0845Maqrizi.Muqaffa,1366,### $ 1246 - الوزير المغربي [370 - 418]
488,### | ذكر بساتين الوزير,0845Maqrizi.Mawaciz,3765,3768,1467,0845Maqrizi.Muqaffa,1366,### $ 1246 - الوزير المغربي [370 - 418]
489,### | ذكر بساتين الوزير,0845Maqrizi.Mawaciz,3768,3769,1467,0845Maqrizi.Muqaffa,1366,### $ 1246 - الوزير المغربي [370 - 418]
490,### | ذكر بساتين الوزير,0845Maqrizi.Mawaciz,3769,3770,1467,0845Maqrizi.Muqaffa,1366,### $ 1246 - الوزير المغربي [370 - 418]
491,### | ذكر بساتين الوزير,0845Maqrizi.Mawaciz,3770,3874,1467,0845Maqrizi.Muqaffa,1366,### $ 1246 - الوزير المغربي [370 - 418]
492,### | ذكر بساتين الوزير,0845Maqrizi.Mawaciz,3874,3875,1467,0845Maqrizi.Muqaffa,1366,### $ 1246 - الوزير المغربي [370 - 418]
493,### | ذكر بساتين الوزير,0845Maqrizi.Mawaciz,3876,3883,1467,0845Maqrizi.Muqaffa,1366,### $ 1246 - الوزير المغربي [370 - 418]
494,### | ذكر بساتين الوزير,0845Maqrizi.Mawaciz,3883,3895,1467,0845Maqrizi.Muqaffa,1366,### $ 1246 - الوزير المغربي [370 - 418]
495,### | ذكر بساتين الوزير,0845Maqrizi.Mawaciz,3918,3921,1467,0845Maqrizi.Muqaffa,1366,### $ 1246 - الوزير المغربي [370 - 418]
496,### | ذكر بساتين الوزير,0845Maqrizi.Mawaciz,3921,3927,1467,0845Maqrizi.Muqaffa,1366,### $ 1246 - الوزير المغربي [370 - 418]
497,### | ذكر بساتين الوزير,0845Maqrizi.Mawaciz,3927,3934,1467,0845Maqrizi.Muqaffa,1366,### $ 1246 - الوزير المغربي [370 - 418]
498,### | ذكر بساتين الوزير,0845Maqrizi.Mawaciz,3934,3936,1467,0845Maqrizi.Muqaffa,1366,### $ 1246 - الوزير المغربي [370 - 418]
499,### | ذكر بساتين الوزير,0845Maqrizi.Mawaciz,3937,3940,1467,0845Maqrizi.Muqaffa,1366,### $ 1246 - الوزير المغربي [370 - 418]
500,### | ذكر بساتين الوزير,0845Maqrizi.Mawaciz,3940,3944,1467,0845Maqrizi.Muqaffa,1366,### $ 1246 - الوزير المغربي [370 - 418]
501,### | ذكر بساتين الوزير,0845Maqrizi.Mawaciz,3953,3956,1467,0845Maqrizi.Muqaffa,1366,### $ 1246 - الوزير المغربي [370 - 418]
502,### | ذكر بساتين الوزير,0845Maqrizi.Mawaciz,3956,3957,1467,0845Maqrizi.Muqaffa,1366,### $ 1246 - الوزير المغربي [370 - 418]
503,### | ذكر بساتين الوزير,0845Maqrizi.Mawaciz,3957,3958,1467,0845Maqrizi.Muqaffa,1366,### $ 1246 - الوزير المغربي [370 - 418]
504,### | ذكر بساتين الوزير,0845Maqrizi.Mawaciz,3959,3960,1467,0845Maqrizi.Muqaffa,1366,### $ 1246 - الوزير المغربي [370 - 418]
505,### | ذكر بساتين الوزير,0845Maqrizi.Mawaciz,3960,3967,1467,0845Maqrizi.Muqaffa,1366,### $ 1246 - الوزير المغربي [370 - 418]
506,### | ذكر بساتين الوزير,0845Maqrizi.Mawaciz,3977,3981,1467,0845Maqrizi.Muqaffa,1366,### $ 1246 - الوزير المغربي [370 - 418]
507,### | ذكر بساتين الوزير,0845Maqrizi.Mawaciz,3994,3998,1467,0845Maqrizi.Muqaffa,1366,### $ 1246 - الوزير المغربي [370 - 418]
508,### | ذكر بساتين الوزير,0845Maqrizi.Mawaciz,3999,4005,1467,0845Maqrizi.Muqaffa,1366,### $ 1246 - الوزير المغربي [370 - 418]
509,### | ذكر بساتين الوزير,0845Maqrizi.Mawaciz,4033,4037,1467,0845Maqrizi.Muqaffa,1366,### $ 1246 - الوزير المغربي [370 - 418]
510,### | ذكر بساتين الوزير,0845Maqrizi.Mawaciz,4038,4041,1467,0845Maqrizi.Muqaffa,1366,### $ 1246 - الوزير المغربي [370 - 418]
511,### | ذكر بساتين الوزير,0845Maqrizi.Mawaciz,4051,4060,1467,0845Maqrizi.Muqaffa,1366,### $ 1246 - الوزير المغربي [370 - 418]
512,### | ذكر بساتين الوزير,0845Maqrizi.Mawaciz,4060,4061,1467,0845Maqrizi.Muqaffa,1366,### $ 1246 - الوزير المغربي [370 - 418]
513,### | ذكر بساتين الوزير,0845Maqrizi.Mawaciz,4070,4073,1467,0845Maqrizi.Muqaffa,1366,### $ 1246 - الوزير المغربي [370 - 418]
514,### | ذكر بساتين الوزير,0845Maqrizi.Mawaciz,4074,4078,1467,0845Maqrizi.Muqaffa,1366,### $ 1246 - الوزير المغربي [370 - 418]
515,### | ذكر بساتين الوزير,0845Maqrizi.Mawaciz,4093,4100,1467,0845Maqrizi.Muqaffa,1366,### $ 1246 - الوزير المغربي [370 - 418]
516,### | ذكر بساتين الوزير,0845Maqrizi.Mawaciz,4114,4120,1467,0845Maqrizi.Muqaffa,1366,### $ 1246 - الوزير المغربي [370 - 418]
517,### | ذكر بساتين الوزير,0845Maqrizi.Mawaciz,4120,4123,1467,0845Maqrizi.Muqaffa,1366,### $ 1246 - الوزير المغربي [370 - 418]
518,### | ذكر بساتين الوزير,0845Maqrizi.Mawaciz,4172,4176,1467,0845Maqrizi.Muqaffa,1366,### $ 1246 - الوزير المغربي [370 - 418]
519,### | ذكر بساتين الوزير,0845Maqrizi.Mawaciz,4186,4189,1467,0845Maqrizi.Muqaffa,1366,### $ 1246 - الوزير المغربي [370 - 418]
520,### | ذكر بساتين الوزير,0845Maqrizi.Mawaciz,4203,4207,1467,0845Maqrizi.Muqaffa,1366,### $ 1246 - الوزير المغربي [370 - 418]
521,### | ذكر بساتين الوزير,0845Maqrizi.Mawaciz,4223,4228,1467,0845Maqrizi.Muqaffa,1366,### $ 1246 - الوزير المغربي [370 - 418]
522,### | ذكر بساتين الوزير,0845Maqrizi.Mawaciz,4239,4243,1467,0845Maqrizi.Muqaffa,1366,### $ 1246 - الوزير المغربي [370 - 418]
523,### | ذكر بساتين الوزير,0845Maqrizi.Mawaciz,4254,4257,1467,0845Maqrizi.Muqaffa,1366,### $ 1246 - الوزير المغربي [370 - 418]
524,### | ذكر بساتين الوزير,0845Maqrizi.Mawaciz,4316,4319,1467,0845Maqrizi.Muqaffa,1366,### $ 1246 - الوزير المغربي [370 - 418]
525,### | ذكر بساتين الوزير,0845Maqrizi.Mawaciz,4319,4322,1467,0845Maqrizi.Muqaffa,1366,### $ 1246 - الوزير المغربي [370 - 418]
526,### | ذكر بساتين الوزير,0845Maqrizi.Mawaciz,4324,4329,1467,0845Maqrizi.Muqaffa,1366,### $ 1246 - الوزير المغربي [370 - 418]
527,### | ذكر بساتين الوزير,0845Maqrizi.Mawaciz,4330,4333,1467,0845Maqrizi.Muqaffa,1366,### $ 1246 - الوزير المغربي [370 - 418]
528,### | ذكر بساتين الوزير,0845Maqrizi.Mawaciz,4340,4344,1467,0845Maqrizi.Muqaffa,1366,### $ 1246 - الوزير المغربي [370 - 418]
529,### | ذكر بساتين الوزير,0845Maqrizi.Mawaciz,4348,4351,1467,0845Maqrizi.Muqaffa,1366,### $ 1246 - الوزير المغربي [370 - 418]
530,### | ذكر بساتين الوزير,0845Maqrizi.Mawaciz,4393,4396,1467,0845Maqrizi.Muqaffa,1366,### $ 1246 - الوزير المغربي [370 - 418]
531,### | ذكر بساتين الوزير,0845Maqrizi.Mawaciz,4399,4403,1467,0845Maqrizi.Muqaffa,1366,### $ 1246 - الوزير المغربي [370 - 418]
532,### | ذكر بساتين الوزير,0845Maqrizi.Mawaciz,4418,4421,1467,0845Maqrizi.Muqaffa,1366,### $ 1246 - الوزير المغربي [370 - 418]
533,### | ذكر بساتين الوزير,0845Maqrizi.Mawaciz,4431,4434,1467,0845Maqrizi.Muqaffa,1366,### $ 1246 - الوزير المغربي [370 - 418]
534,### | ذكر بساتين الوزير,0845Maqrizi.Mawaciz,4757,4814,1467,0660IbnCadim.BughyatTalab,1973,### $ الحسين بن علي بن الحسين
535,### | ذكر بساتين الوزير,0845Maqrizi.Mawaciz,4814,4815,1467,0660IbnCadim.BughyatTalab,1973,### $ الحسين بن علي بن الحسين
536,### | ذكر بساتين الوزير,0845Maqrizi.Mawaciz,4819,4820,1467,0660IbnCadim.BughyatTalab,1973,### $ الحسين بن علي بن الحسين
537,### | ذكر بساتين الوزير,0845Maqrizi.Mawaciz,4820,4877,1467,0660IbnCadim.BughyatTalab,1973,### $ الحسين بن علي بن الحسين
538,### | ذكر بساتين الوزير,0845Maqrizi.Mawaciz,4877,4885,1467,0660IbnCadim.BughyatTalab,1973,### $ الحسين بن علي بن الحسين
539,### | ذكر بساتين الوزير,0845Maqrizi.Mawaciz,4886,4888,1467,0660IbnCadim.BughyatTalab,1973,### $ الحسين بن علي بن الحسين
540,### | ذكر بساتين الوزير,0845Maqrizi.Mawaciz,4888,4896,1467,0660IbnCadim.BughyatTalab,1973,### $ الحسين بن علي بن الحسين
541,### | ذكر بساتين الوزير,0845Maqrizi.Mawaciz,4903,4904,1467,0660IbnCadim.BughyatTalab,1973,### $ الحسين بن علي بن الحسين
542,### | ذكر بساتين الوزير,0845Maqrizi.Mawaciz,4904,4912,1467,0660IbnCadim.BughyatTalab,1973,### $ الحسين بن علي بن الحسين
543,### | ذكر بساتين الوزير,0845Maqrizi.Mawaciz,4912,4940,1467,0660IbnCadim.BughyatTalab,1973,### $ الحسين بن علي بن الحسين
544,### | ذكر بساتين الوزير,0845Maqrizi.Mawaciz,4940,4944,1467,0660IbnCadim.BughyatTalab,1973,### $ الحسين بن علي بن الحسين
545,### | ذكر بساتين الوزير,0845Maqrizi.Mawaciz,4944,4951,1467,0660IbnCadim.BughyatTalab,1973,### $ الحسين بن علي بن الحسين
546,### | ذكر بساتين الوزير,0845Maqrizi.Mawaciz,4951,4952,1467,0660IbnCadim.BughyatTalab,1973,### $ الحسين بن علي بن الحسين
547,### | ذكر بساتين الوزير,0845Maqrizi.Mawaciz,4952,4953,1467,0660IbnCadim.BughyatTalab,1973,### $ الحسين بن علي بن الحسين
548,### | ذكر بساتين الوزير,0845Maqrizi.Mawaciz,4953,4956,1467,0660IbnCadim.BughyatTalab,1973,### $ الحسين بن علي بن الحسين
549,### | ذكر بساتين الوزير,0845Maqrizi.Mawaciz,4956,4963,1467,0660IbnCadim.BughyatTalab,1973,### $ الحسين بن علي بن الحسين
550,### | ذكر بساتين الوزير,0845Maqrizi.Mawaciz,4964,4971,1467,0660IbnCadim.BughyatTalab,1973,### $ الحسين بن علي بن الحسين
551,### | ذكر بساتين الوزير,0845Maqrizi.Mawaciz,4981,4986,1467,0660IbnCadim.BughyatTalab,1973,### $ الحسين بن علي بن الحسين
552,### | ذكر بساتين الوزير,0845Maqrizi.Mawaciz,4986,4991,1467,0660IbnCadim.BughyatTalab,1973,### $ الحسين بن علي بن الحسين
553,### | ذكر بساتين الوزير,0845Maqrizi.Mawaciz,4991,4996,1467,0660IbnCadim.BughyatTalab,1973,### $ الحسين بن علي بن الحسين
554,### | ذكر بساتين الوزير,0845Maqrizi.Mawaciz,4996,5000,1467,0660IbnCadim.BughyatTalab,1973,### $ الحسين بن علي بن الحسين
555,### | ذكر بساتين الوزير,0845Maqrizi.Mawaciz,5001,5004,1467,0660IbnCadim.BughyatTalab,1973,### $ الحسين بن علي بن الحسين
556,### | ذكر بساتين الوزير,0845Maqrizi.Mawaciz,5004,5005,1467,0660IbnCadim.BughyatTalab,1973,### $ الحسين بن علي بن الحسين
557,### | ذكر بساتين الوزير,0845Maqrizi.Mawaciz,5007,5013,1467,0660IbnCadim.BughyatTalab,1973,### $ الحسين بن علي بن الحسين
558,### | ذكر بساتين الوزير,0845Maqrizi.Mawaciz,5013,5021,1467,0660IbnCadim.BughyatTalab,1973,### $ الحسين بن علي بن الحسين
559,### | ذكر بساتين الوزير,0845Maqrizi.Mawaciz,5021,5024,1467,0660IbnCadim.BughyatTalab,1973,### $ الحسين بن علي بن الحسين
560,### | ذكر بساتين الوزير,0845Maqrizi.Mawaciz,5024,5122,1467,0660IbnCadim.BughyatTalab,1973,### $ الحسين بن علي بن الحسين
561,### | ذكر بساتين الوزير,0845Maqrizi.Mawaciz,5122,5123,1467,0660IbnCadim.BughyatTalab,1973,### $ الحسين بن علي بن الحسين
562,### | ذكر بساتين الوزير,0845Maqrizi.Mawaciz,5123,5125,1467,0660IbnCadim.BughyatTalab,1973,### $ الحسين بن علي بن الحسين
563,### | ذكر بساتين الوزير,0845Maqrizi.Mawaciz,5128,5129,1467,0660IbnCadim.BughyatTalab,1973,### $ الحسين بن علي بن الحسين
564,### | ذكر بساتين الوزير,0845Maqrizi.Mawaciz,5129,5144,1467,0660IbnCadim.BughyatTalab,1973,### $ الحسين بن علي بن الحسين
565,### | ذكر بساتين الوزير,0845Maqrizi.Mawaciz,5144,5146,1467,0660IbnCadim.BughyatTalab,1973,### $ الحسين بن علي بن الحسين
566,### | ذكر بساتين الوزير,0845Maqrizi.Mawaciz,5146,5149,1467,0660IbnCadim.BughyatTalab,1973,### $ الحسين بن علي بن الحسين
567,### | ذكر بساتين الوزير,0845Maqrizi.Mawaciz,5149,5150,1467,0660IbnCadim.BughyatTalab,1973,### $ الحسين بن علي بن الحسين
568,### | ذكر بساتين الوزير,0845Maqrizi.Mawaciz,5150,5153,1467,0660IbnCadim.BughyatTalab,1973,### $ الحسين بن علي بن الحسين
569,### | ذكر بساتين الوزير,0845Maqrizi.Mawaciz,5153,5154,1467,0660IbnCadim.BughyatTalab,1973,### $ الحسين بن علي بن الحسين
570,### | ذكر بساتين الوزير,0845Maqrizi.Mawaciz,5154,5155,1467,0660IbnCadim.BughyatTalab,1973,### $ الحسين بن علي بن الحسين
571,### | ذكر بساتين الوزير,0845Maqrizi.Mawaciz,5155,5156,1467,0660IbnCadim.BughyatTalab,1973,### $ الحسين بن علي بن الحسين
572,### | ذكر بساتين الوزير,0845Maqrizi.Mawaciz,5156,5157,1467,0660IbnCadim.BughyatTalab,1973,### $ الحسين بن علي بن الحسين
573,### | ذكر بساتين الوزير,0845Maqrizi.Mawaciz,5157,5158,1467,0660IbnCadim.BughyatTalab,1973,### $ الحسين بن علي بن الحسين
574,### | ذكر بساتين الوزير,0845Maqrizi.Mawaciz,5158,5159,1467,0660IbnCadim.BughyatTalab,1973,### $ الحسين بن علي بن الحسين
575,### | ذكر بساتين الوزير,0845Maqrizi.Mawaciz,5159,5162,1467,0660IbnCadim.BughyatTalab,1973,### $ الحسين بن علي بن الحسين
576,### | ذكر بساتين الوزير,0845Maqrizi.Mawaciz,5169,5175,1467,0660IbnCadim.BughyatTalab,1973,### $ الحسين بن علي بن الحسين
577,### | ذكر بساتين الوزير,0845Maqrizi.Mawaciz,5175,5181,1467,0660IbnCadim.BughyatTalab,1973,### $ الحسين بن علي بن الحسين
578,### | ذكر بساتين الوزير,0845Maqrizi.Mawaciz,5181,5186,1467,0660IbnCadim.BughyatTalab,1973,### $ الحسين بن علي بن الحسين
579,### | ذكر بساتين الوزير,0845Maqrizi.Mawaciz,5193,5221,1467,0660IbnCadim.BughyatTalab,1973,### $ الحسين بن علي بن الحسين
580,### | ذكر بساتين الوزير,0845Maqrizi.Mawaciz,5222,5228,1467,0660IbnCadim.BughyatTalab,1973,### $ الحسين بن علي بن الحسين
581,### | ذكر بساتين الوزير,0845Maqrizi.Mawaciz,5228,5265,1467,0660IbnCadim.BughyatTalab,1973,### $ الحسين بن علي بن الحسين
582,### | ذكر بساتين الوزير,0845Maqrizi.Mawaciz,5265,5271,1467,0660IbnCadim.BughyatTalab,1973,### $ الحسين بن علي بن الحسين
583,### | ذكر بساتين الوزير,0845Maqrizi.Mawaciz,5271,5441,1467,0660IbnCadim.BughyatTalab,1973,### $ الحسين بن علي بن الحسين
584,### | ذكر بساتين الوزير,0845Maqrizi.Mawaciz,5451,5454,1467,0660IbnCadim.BughyatTalab,1973,### $ الحسين بن علي بن الحسين
585,### | ذكر بساتين الوزير,0845Maqrizi.Mawaciz,5455,5458,1467,0660IbnCadim.BughyatTalab,1973,### $ الحسين بن علي بن الحسين
586,### | ذكر بساتين الوزير,0845Maqrizi.Mawaciz,5458,5461,1467,0660IbnCadim.BughyatTalab,1973,### $ الحسين بن علي بن الحسين
587,### | ذكر بساتين الوزير,0845Maqrizi.Mawaciz,5463,5469,1467,0660IbnCadim.BughyatTalab,1973,### $ الحسين بن علي بن الحسين
588,### | ذكر بساتين الوزير,0845Maqrizi.Mawaciz,5472,5476,1467,0660IbnCadim.BughyatTalab,1973,### $ الحسين بن علي بن الحسين
589,### | ذكر بساتين الوزير,0845Maqrizi.Mawaciz,5498,5501,1467,0660IbnCadim.BughyatTalab,1973,### $ الحسين بن علي بن الحسين
590,### | ذكر بساتين الوزير,0845Maqrizi.Mawaciz,5501,5507,1467,0660IbnCadim.BughyatTalab,1973,### $ الحسين بن علي بن الحسين
591,### | ذكر بساتين الوزير,0845Maqrizi.Mawaciz,5513,5518,1467,0660IbnCadim.BughyatTalab,1973,### $ الحسين بن علي بن الحسين
592,### | ذكر بساتين الوزير,0845Maqrizi.Mawaciz,5526,5530,1467,0660IbnCadim.BughyatTalab,1973,### $ الحسين بن علي بن الحسين
593,### | ذكر بساتين الوزير,0845Maqrizi.Mawaciz,5531,5534,1467,0660IbnCadim.BughyatTalab,1973,### $ الحسين بن علي بن الحسين
594,### | ذكر بساتين الوزير,0845Maqrizi.Mawaciz,5534,5540,1467,0660IbnCadim.BughyatTalab,1973,### $ الحسين بن علي بن الحسين
595,### | ذكر بساتين الوزير,0845Maqrizi.Mawaciz,5560,5566,1467,0660IbnCadim.BughyatTalab,1973,### $ الحسين بن علي بن الحسين
596,### | ذكر بساتين الوزير,0845Maqrizi.Mawaciz,5567,5571,1467,0660IbnCadim.BughyatTalab,1973,### $ الحسين بن علي بن الحسين
597,### | ذكر بساتين الوزير,0845Maqrizi.Mawaciz,5581,5584,1467,0660IbnCadim.BughyatTalab,1973,### $ الحسين بن علي بن الحسين
598,### | ذكر بساتين الوزير,0845Maqrizi.Mawaciz,5586,5589,1467,0660IbnCadim.BughyatTalab,1973,### $ الحسين بن علي بن الحسين
599,### | ذكر بساتين الوزير,0845Maqrizi.Mawaciz,5593,5600,1467,0660IbnCadim.BughyatTalab,1973,### $ الحسين بن علي بن الحسين
600,### | ذكر بساتين الوزير,0845Maqrizi.Mawaciz,5722,5727,1467,0660IbnCadim.BughyatTalab,1973,### $ الحسين بن علي بن الحسين
601,### | ذكر بساتين الوزير,0845Maqrizi.Mawaciz,5602,5605,1467,0660IbnCadim.BughyatTalab,1973,### $ الحسين بن علي بن الحسين
602,### | ذكر بساتين الوزير,0845Maqrizi.Mawaciz,5676,5681,1467,0660IbnCadim.BughyatTalab,1973,### $ الحسين بن علي بن الحسين
603,### | ذكر بساتين الوزير,0845Maqrizi.Mawaciz,5705,5708,1467,0660IbnCadim.BughyatTalab,1973,### $ الحسين بن علي بن الحسين
604,### | ذكر بساتين الوزير,0845Maqrizi.Mawaciz,5727,5730,1467,0660IbnCadim.BughyatTalab,1973,### $ الحسين بن علي بن الحسين
605,### | ذكر بساتين الوزير,0845Maqrizi.Mawaciz,5735,5739,1467,0660IbnCadim.BughyatTalab,1973,### $ الحسين بن علي بن الحسين
606,### | ذكر بساتين الوزير,0845Maqrizi.Mawaciz,5741,5745,1467,0660IbnCadim.BughyatTalab,1973,### $ الحسين بن علي بن الحسين
607,### | ذكر بساتين الوزير,0845Maqrizi.Mawaciz,5750,5756,1467,0660IbnCadim.BughyatTalab,1973,### $ الحسين بن علي بن الحسين
608,### | ذكر بساتين الوزير,0845Maqrizi.Mawaciz,5756,5761,1467,0660IbnCadim.BughyatTalab,1973,### $ الحسين بن علي بن الحسين
609,### | ذكر بساتين الوزير,0845Maqrizi.Mawaciz,5761,5769,1467,0660IbnCadim.BughyatTalab,1973,### $ الحسين بن علي بن الحسين
610,### | ذكر بساتين الوزير,0845Maqrizi.Mawaciz,5769,5770,1467,0660IbnCadim.BughyatTalab,1973,### $ الحسين بن علي بن الحسين
611,### | ذكر بساتين الوزير,0845Maqrizi.Mawaciz,5771,5815,1467,0660IbnCadim.BughyatTalab,1973,### $ الحسين بن علي بن الحسين
612,### | ذكر بساتين الوزير,0845Maqrizi.Mawaciz,5816,5817,1467,0660IbnCadim.BughyatTalab,1973,### $ الحسين بن علي بن الحسين
613,### | ذكر بساتين الوزير,0845Maqrizi.Mawaciz,5817,5820,1467,0660IbnCadim.BughyatTalab,1973,### $ الحسين بن علي بن الحسين
614,### | ذكر بساتين الوزير,0845Maqrizi.Mawaciz,5820,5875,1467,0660IbnCadim.BughyatTalab,1973,### $ الحسين بن علي بن الحسين
615,### | ذكر بساتين الوزير,0845Maqrizi.Mawaciz,5901,5904,1467,0660IbnCadim.BughyatTalab,1973,### $ الحسين بن علي بن الحسين
616,### | ذكر بساتين الوزير,0845Maqrizi.Mawaciz,5911,5914,1467,0660IbnCadim.BughyatTalab,1973,### $ الحسين بن علي بن الحسين
617,### | ذكر بساتين الوزير,0845Maqrizi.Mawaciz,5914,5917,1467,0660IbnCadim.BughyatTalab,1973,### $ الحسين بن علي بن الحسين
618,### | ذكر بساتين الوزير,0845Maqrizi.Mawaciz,5918,5921,1467,0660IbnCadim.BughyatTalab,1973,### $ الحسين بن علي بن الحسين
619,### | ذكر بساتين الوزير,0845Maqrizi.Mawaciz,5933,5936,1467,0660IbnCadim.BughyatTalab,1973,### $ الحسين بن علي بن الحسين
620,### | ذكر بساتين الوزير,0845Maqrizi.Mawaciz,5937,5940,1467,0660IbnCadim.BughyatTalab,1973,### $ الحسين بن علي بن الحسين
621,### | ذكر بساتين الوزير,0845Maqrizi.Mawaciz,5964,5967,1467,0660IbnCadim.BughyatTalab,1973,### $ الحسين بن علي بن الحسين
622,### | ذكر بساتين الوزير,0845Maqrizi.Mawaciz,5981,5987,1467,0660IbnCadim.BughyatTalab,1973,### $ الحسين بن علي بن الحسين
623,### | ذكر بساتين الوزير,0845Maqrizi.Mawaciz,4757,4763,1467,0660IbnCadim.BughyatTalab,1965,### $ الحسين بن علي بن الحسين
624,### | ذكر بساتين الوزير,0845Maqrizi.Mawaciz,4763,4766,1467,0660IbnCadim.BughyatTalab,1965,### $ الحسين بن علي بن الحسين
625,### | ذكر بساتين الوزير,0845Maqrizi.Mawaciz,4766,4767,1467,0660IbnCadim.BughyatTalab,1965,### $ الحسين بن علي بن الحسين
626,### | ذكر بساتين الوزير,0845Maqrizi.Mawaciz,4774,4775,1467,0660IbnCadim.BughyatTalab,1965,### $ الحسين بن علي بن الحسين
627,### | ذكر بساتين الوزير,0845Maqrizi.Mawaciz,4775,4778,1467,0660IbnCadim.BughyatTalab,1965,### $ الحسين بن علي بن الحسين
628,### | ذكر بساتين الوزير,0845Maqrizi.Mawaciz,4780,4782,1467,0660IbnCadim.BughyatTalab,1965,### $ الحسين بن علي بن الحسين
629,### | ذكر بساتين الوزير,0845Maqrizi.Mawaciz,4782,4787,1467,0660IbnCadim.BughyatTalab,1965,### $ الحسين بن علي بن الحسين
630,### | ذكر بساتين الوزير,0845Maqrizi.Mawaciz,4787,4795,1467,0660IbnCadim.BughyatTalab,1965,### $ الحسين بن علي بن الحسين
631,### | ذكر بساتين الوزير,0845Maqrizi.Mawaciz,4795,4796,1467,0660IbnCadim.BughyatTalab,1965,### $ الحسين بن علي بن الحسين
632,### | ذكر بساتين الوزير,0845Maqrizi.Mawaciz,4796,4797,1467,0660IbnCadim.BughyatTalab,1965,### $ الحسين بن علي بن الحسين
633,### | ذكر بساتين الوزير,0845Maqrizi.Mawaciz,4797,4798,1467,0660IbnCadim.BughyatTalab,1965,### $ الحسين بن علي بن الحسين
634,### | ذكر بساتين الوزير,0845Maqrizi.Mawaciz,4798,4799,1467,0660IbnCadim.BughyatTalab,1965,### $ الحسين بن علي بن الحسين
635,### | ذكر بساتين الوزير,0845Maqrizi.Mawaciz,4800,4837,1467,0660IbnCadim.BughyatTalab,1965,### $ الحسين بن علي بن الحسين
636,### | ذكر بساتين الوزير,0845Maqrizi.Mawaciz,4837,4841,1467,0660IbnCadim.BughyatTalab,1965,### $ الحسين بن علي بن الحسين
637,### | ذكر بساتين الوزير,0845Maqrizi.Mawaciz,4842,4843,1467,0660IbnCadim.BughyatTalab,1965,### $ الحسين بن علي بن الحسين
638,### | ذكر بساتين الوزير,0845Maqrizi.Mawaciz,4843,4846,1467,0660IbnCadim.BughyatTalab,1965,### $ الحسين بن علي بن الحسين
639,### | ذكر بساتين الوزير,0845Maqrizi.Mawaciz,4846,4850,1467,0660IbnCadim.BughyatTalab,1965,### $ الحسين بن علي بن الحسين
640,### | ذكر بساتين الوزير,0845Maqrizi.Mawaciz,4851,4901,1467,0660IbnCadim.BughyatTalab,1965,### $ الحسين بن علي بن الحسين
641,### | ذكر بساتين الوزير,0845Maqrizi.Mawaciz,4931,4934,1467,0660IbnCadim.BughyatTalab,1965,### $ الحسين بن علي بن الحسين
642,### | ذكر بساتين الوزير,0845Maqrizi.Mawaciz,4934,4939,1467,0660IbnCadim.BughyatTalab,1965,### $ الحسين بن علي بن الحسين
643,### | ذكر بساتين الوزير,0845Maqrizi.Mawaciz,4940,4943,1467,0660IbnCadim.BughyatTalab,1965,### $ الحسين بن علي بن الحسين
644,### | ذكر بساتين الوزير,0845Maqrizi.Mawaciz,4963,4966,1467,0660IbnCadim.BughyatTalab,1965,### $ الحسين بن علي بن الحسين
645,### | ذكر بساتين الوزير,0845Maqrizi.Mawaciz,4966,4971,1467,0660IbnCadim.BughyatTalab,1965,### $ الحسين بن علي بن الحسين
646,### | ذكر بساتين الوزير,0845Maqrizi.Mawaciz,6341,6394,1467,0845Maqrizi.Muqaffa,2338,### $ 1996 - ابن المارستاني [354 - 427]
647,### | ذكر بساتين الوزير,0845Maqrizi.Mawaciz,6394,6395,1467,0845Maqrizi.Muqaffa,2338,### $ 1996 - ابن المارستاني [354 - 427]
648,### | ذكر بساتين الوزير,0845Maqrizi.Mawaciz,6395,6397,1467,0845Maqrizi.Muqaffa,2338,### $ 1996 - ابن المارستاني [354 - 427]
649,### | ذكر بساتين الوزير,0845Maqrizi.Mawaciz,6397,6398,1467,0845Maqrizi.Muqaffa,2338,### $ 1996 - ابن المارستاني [354 - 427]
650,### | ذكر بساتين الوزير,0845Maqrizi.Mawaciz,6398,6403,1467,0845Maqrizi.Muqaffa,2338,### $ 1996 - ابن المارستاني [354 - 427]
651,### | ذكر بساتين الوزير,0845Maqrizi.Mawaciz,6403,6408,1467,0845Maqrizi.Muqaffa,2338,### $ 1996 - ابن المارستاني [354 - 427]
652,### | ذكر بساتين الوزير,0845Maqrizi.Mawaciz,6408,6412,1467,0845Maqrizi.Muqaffa,2338,### $ 1996 - ابن المارستاني [354 - 427]
653,### | ذكر بساتين الوزير,0845Maqrizi.Mawaciz,6416,6420,1467,0845Maqrizi.Muqaffa,2338,### $ 1996 - ابن المارستاني [354 - 427]
654,### | ذكر بساتين الوزير,0845Maqrizi.Mawaciz,6420,6421,1467,0845Maqrizi.Muqaffa,2338,### $ 1996 - ابن المارستاني [354 - 427]
655,### | ذكر بساتين الوزير,0845Maqrizi.Mawaciz,6424,6427,1467,0845Maqrizi.Muqaffa,2338,### $ 1996 - ابن المارستاني [354 - 427]
656,### | ذكر بساتين الوزير,0845Maqrizi.Mawaciz,6427,6430,1467,0845Maqrizi.Muqaffa,2338,### $ 1996 - ابن المارستاني [354 - 427]
657,### | ذكر بساتين الوزير,0845Maqrizi.Mawaciz,6430,6431,1467,0845Maqrizi.Muqaffa,2338,### $ 1996 - ابن المارستاني [354 - 427]
658,### | ذكر بساتين الوزير,0845Maqrizi.Mawaciz,6431,6432,1467,0845Maqrizi.Muqaffa,2338,### $ 1996 - ابن المارستاني [354 - 427]
659,### | ذكر بساتين الوزير,0845Maqrizi.Mawaciz,6432,6443,1467,0845Maqrizi.Muqaffa,2338,### $ 1996 - ابن المارستاني [354 - 427]
660,### | ذكر بساتين الوزير,0845Maqrizi.Mawaciz,6443,6444,1467,0845Maqrizi.Muqaffa,2338,### $ 1996 - ابن المارستاني [354 - 427]
661,### | ذكر بساتين الوزير,0845Maqrizi.Mawaciz,6444,6447,1467,0845Maqrizi.Muqaffa,2338,### $ 1996 - ابن المارستاني [354 - 427]
662,### | ذكر بساتين الوزير,0845Maqrizi.Mawaciz,6450,6457,1467,0845Maqrizi.Muqaffa,2338,### $ 1996 - ابن المارستاني [354 - 427]
663,### | ذكر بساتين الوزير,0845Maqrizi.Mawaciz,6457,6458,1467,0845Maqrizi.Muqaffa,2338,### $ 1996 - ابن المارستاني [354 - 427]
664,### | ذكر بساتين الوزير,0845Maqrizi.Mawaciz,6458,6461,1467,0845Maqrizi.Muqaffa,2338,### $ 1996 - ابن المارستاني [354 - 427]
665,### | ذكر بساتين الوزير,0845Maqrizi.Mawaciz,6469,6470,1467,0845Maqrizi.Muqaffa,2338,### $ 1996 - ابن المارستاني [354 - 427]
666,### | ذكر بساتين الوزير,0845Maqrizi.Mawaciz,6470,6477,1467,0845Maqrizi.Muqaffa,2338,### $ 1996 - ابن المارستاني [354 - 427]
667,### | ذكر بساتين الوزير,0845Maqrizi.Mawaciz,6488,6525,1467,0845Maqrizi.Muqaffa,2338,### $ 1996 - ابن المارستاني [354 - 427]
668,### | ذكر بساتين الوزير,0845Maqrizi.Mawaciz,6525,6530,1467,0845Maqrizi.Muqaffa,2338,### $ 1996 - ابن المارستاني [354 - 427]
669,### | ذكر بساتين الوزير,0845Maqrizi.Mawaciz,6530,6532,1467,0845Maqrizi.Muqaffa,2338,### $ 1996 - ابن المارستاني [354 - 427]
670,### | ذكر بساتين الوزير,0845Maqrizi.Mawaciz,6534,6558,1467,0845Maqrizi.Muqaffa,2338,### $ 1996 - ابن المارستاني [354 - 427]
671,### | ذكر بساتين الوزير,0845Maqrizi.Mawaciz,6558,6569,1467,0845Maqrizi.Muqaffa,2338,### $ 1996 - ابن المارستاني [354 - 427]
672,### | ذكر بساتين الوزير,0845Maqrizi.Mawaciz,6569,6570,1467,0845Maqrizi.Muqaffa,2338,### $ 1996 - ابن المارستاني [354 - 427]
673,### | ذكر بساتين الوزير,0845Maqrizi.Mawaciz,6570,6573,1467,0845Maqrizi.Muqaffa,2338,### $ 1996 - ابن المارستاني [354 - 427]
674,### | ذكر بساتين الوزير,0845Maqrizi.Mawaciz,6573,6574,1467,0845Maqrizi.Muqaffa,2338,### $ 1996 - ابن المارستاني [354 - 427]
675,### | ذكر بساتين الوزير,0845Maqrizi.Mawaciz,6579,6582,1467,0845Maqrizi.Muqaffa,2338,### $ 1996 - ابن المارستاني [354 - 427]
676,### | ذكر بساتين الوزير,0845Maqrizi.Mawaciz,6586,6597,1467,0845Maqrizi.Muqaffa,2338,### $ 1996 - ابن المارستاني [354 - 427]
677,### | ذكر بساتين الوزير,0845Maqrizi.Mawaciz,6597,6606,1467,0845Maqrizi.Muqaffa,2338,### $ 1996 - ابن المارستاني [354 - 427]
678,### | ذكر بساتين الوزير,0845Maqrizi.Mawaciz,6606,6609,1467,0845Maqrizi.Muqaffa,2338,### $ 1996 - ابن المارستاني [354 - 427]
679,### | ذكر بساتين الوزير,0845Maqrizi.Mawaciz,6610,6614,1467,0845Maqrizi.Muqaffa,2338,### $ 1996 - ابن المارستاني [354 - 427]
680,### | ذكر بساتين الوزير,0845Maqrizi.Mawaciz,6618,6621,1467,0845Maqrizi.Muqaffa,2338,### $ 1996 - ابن المارستاني [354 - 427]
681,### | ذكر بساتين الوزير,0845Maqrizi.Mawaciz,6630,6646,1467,0845Maqrizi.Muqaffa,2338,### $ 1996 - ابن المارستاني [354 - 427]
682,### | ذكر بساتين الوزير,0845Maqrizi.Mawaciz,6646,6648,1467,0845Maqrizi.Muqaffa,2338,### $ 1996 - ابن المارستاني [354 - 427]
683,### | ذكر بساتين الوزير,0845Maqrizi.Mawaciz,6655,6662,1467,0845Maqrizi.Muqaffa,2338,### $ 1996 - ابن المارستاني [354 - 427]
684,### | ذكر بساتين الوزير,0845Maqrizi.Mawaciz,6667,6670,1467,0845Maqrizi.Muqaffa,2338,### $ 1996 - ابن المارستاني [354 - 427]
685,### | ذكر بساتين الوزير,0845Maqrizi.Mawaciz,6670,6671,1467,0845Maqrizi.Muqaffa,2338,### $ 1996 - ابن المارستاني [354 - 427]
686,### | ذكر بساتين الوزير,0845Maqrizi.Mawaciz,6674,6680,1467,0845Maqrizi.Muqaffa,2338,### $ 1996 - ابن المارستاني [354 - 427]
687,### | ذكر بساتين الوزير,0845Maqrizi.Mawaciz,6680,6684,1467,0845Maqrizi.Muqaffa,2338,### $ 1996 - ابن المارستاني [354 - 427]
688,### | ذكر بساتين الوزير,0845Maqrizi.Mawaciz,6690,6693,1467,0845Maqrizi.Muqaffa,2338,### $ 1996 - ابن المارستاني [354 - 427]
689,### | ذكر بساتين الوزير,0845Maqrizi.Mawaciz,6695,6708,1467,0845Maqrizi.Muqaffa,2338,### $ 1996 - ابن المارستاني [354 - 427]
690,### | ذكر بساتين الوزير,0845Maqrizi.Mawaciz,6708,6710,1467,0845Maqrizi.Muqaffa,2338,### $ 1996 - ابن المارستاني [354 - 427]
691,### | ذكر بساتين الوزير,0845Maqrizi.Mawaciz,6710,6711,1467,0845Maqrizi.Muqaffa,2338,### $ 1996 - ابن المارستاني [354 - 427]
692,### | ذكر بساتين الوزير,0845Maqrizi.Mawaciz,6711,6712,1467,0845Maqrizi.Muqaffa,2338,### $ 1996 - ابن المارستاني [354 - 427]
693,### | ذكر بساتين الوزير,0845Maqrizi.Mawaciz,6712,6713,1467,0845Maqrizi.Muqaffa,2338,### $ 1996 - ابن المارستاني [354 - 427]
694,### | ذكر بساتين الوزير,0845Maqrizi.Mawaciz,6713,6718,1467,0845Maqrizi.Muqaffa,2338,### $ 1996 - ابن المارستاني [354 - 427]
695,### | ذكر بساتين الوزير,0845Maqrizi.Mawaciz,6731,6735,1467,0845Maqrizi.Muqaffa,2338,### $ 1996 - ابن المارستاني [354 - 427]
696,### | ذكر بساتين الوزير,0845Maqrizi.Mawaciz,6745,6749,1467,0845Maqrizi.Muqaffa,2338,### $ 1996 - ابن المارستاني [354 - 427]
697,### | ذكر بساتين الوزير,0845Maqrizi.Mawaciz,6749,6750,1467,0845Maqrizi.Muqaffa,2338,### $ 1996 - ابن المارستاني [354 - 427]
698,### | ذكر بساتين الوزير,0845Maqrizi.Mawaciz,6752,6762,1467,0845Maqrizi.Muqaffa,2338,### $ 1996 - ابن المارستاني [354 - 427]
699,### | ذكر بساتين الوزير,0845Maqrizi.Mawaciz,6762,6789,1467,0845Maqrizi.Muqaffa,2338,### $ 1996 - ابن المارستاني [354 - 427]
700,### | ذكر بساتين الوزير,0845Maqrizi.Mawaciz,6790,6791,1467,0845Maqrizi.Muqaffa,2338,### $ 1996 - ابن المارستاني [354 - 427]
701,### | ذكر بساتين الوزير,0845Maqrizi.Mawaciz,6791,6794,1467,0845Maqrizi.Muqaffa,2338,### $ 1996 - ابن المارستاني [354 - 427]
702,### | ذكر بساتين الوزير,0845Maqrizi.Mawaciz,6803,6804,1467,0845Maqrizi.Muqaffa,2338,### $ 1996 - ابن المارستاني [354 - 427]
703,### | ذكر بساتين الوزير,0845Maqrizi.Mawaciz,6804,6807,1467,0845Maqrizi.Muqaffa,2338,### $ 1996 - ابن المارستاني [354 - 427]
704,### | ذكر بساتين الوزير,0845Maqrizi.Mawaciz,6807,6811,1467,0845Maqrizi.Muqaffa,2338,### $ 1996 - ابن المارستاني [354 - 427]
705,### | ذكر بساتين الوزير,0845Maqrizi.Mawaciz,6823,6827,1467,0845Maqrizi.Muqaffa,2338,### $ 1996 - ابن المارستاني [354 - 427]
706,### | ذكر بساتين الوزير,0845Maqrizi.Mawaciz,6837,6841,1467,0845Maqrizi.Muqaffa,2338,### $ 1996 - ابن المارستاني [354 - 427]
707,### | ذكر بساتين الوزير,0845Maqrizi.Mawaciz,6879,6884,1467,0845Maqrizi.Muqaffa,2338,### $ 1996 - ابن المارستاني [354 - 427]
708,### | ذكر بساتين الوزير,0845Maqrizi.Mawaciz,6903,6907,1467,0845Maqrizi.Muqaffa,2338,### $ 1996 - ابن المارستاني [354 - 427]
709,### | ذكر بساتين الوزير,0845Maqrizi.Mawaciz,6913,6916,1467,0845Maqrizi.Muqaffa,2338,### $ 1996 - ابن المارستاني [354 - 427]
710,### | ذكر بساتين الوزير,0845Maqrizi.Mawaciz,6947,6950,1467,0845Maqrizi.Muqaffa,2338,### $ 1996 - ابن المارستاني [354 - 427]
711,### | ذكر بساتين الوزير,0845Maqrizi.Mawaciz,6933,6938,1467,0845Maqrizi.Muqaffa,2338,### $ 1996 - ابن المارستاني [354 - 427]
712,### | ذكر بساتين الوزير,0845Maqrizi.Mawaciz,6943,6947,1467,0845Maqrizi.Muqaffa,2338,### $ 1996 - ابن المارستاني [354 - 427]
713,### | ذكر بساتين الوزير,0845Maqrizi.Mawaciz,6953,6959,1467,0845Maqrizi.Muqaffa,2338,### $ 1996 - ابن المارستاني [354 - 427]
714,### | ذكر بساتين الوزير,0845Maqrizi.Mawaciz,6959,6962,1467,0845Maqrizi.Muqaffa,2338,### $ 1996 - ابن المارستاني [354 - 427]
715,### | ذكر بساتين الوزير,0845Maqrizi.Mawaciz,6962,6965,1467,0845Maqrizi.Muqaffa,2338,### $ 1996 - ابن المارستاني [354 - 427]
716,### | ذكر بساتين الوزير,0845Maqrizi.Mawaciz,6975,6976,1467,0845Maqrizi.Muqaffa,2338,### $ 1996 - ابن المارستاني [354 - 427]
717,### | ذكر بساتين الوزير,0845Maqrizi.Mawaciz,6976,6979,1467,0845Maqrizi.Muqaffa,2338,### $ 1996 - ابن المارستاني [354 - 427]
718,### | ذكر بساتين الوزير,0845Maqrizi.Mawaciz,6989,6994,1467,0845Maqrizi.Muqaffa,2338,### $ 1996 - ابن المارستاني [354 - 427]
719,### | ذكر بساتين الوزير,0845Maqrizi.Mawaciz,6995,6997,1467,0845Maqrizi.Muqaffa,2338,### $ 1996 - ابن المارستاني [354 - 427]
720,### | ذكر بساتين الوزير,0845Maqrizi.Mawaciz,6997,6999,1467,0845Maqrizi.Muqaffa,2338,### $ 1996 - ابن المارستاني [354 - 427]
721,### | ذكر بساتين الوزير,0845Maqrizi.Mawaciz,7001,7005,1467,0845Maqrizi.Muqaffa,2338,### $ 1996 - ابن المارستاني [354 - 427]
722,### | ذكر بساتين الوزير,0845Maqrizi.Mawaciz,7005,7006,1467,0845Maqrizi.Muqaffa,2338,### $ 1996 - ابن المارستاني [354 - 427]
723,### | ذكر بساتين الوزير,0845Maqrizi.Mawaciz,7012,7016,1467,0845Maqrizi.Muqaffa,2338,### $ 1996 - ابن المارستاني [354 - 427]
724,### | ذكر بساتين الوزير,0845Maqrizi.Mawaciz,7028,7033,1467,0845Maqrizi.Muqaffa,2338,### $ 1996 - ابن المارستاني [354 - 427]
725,### | ذكر بساتين الوزير,0845Maqrizi.Mawaciz,7034,7038,1467,0845Maqrizi.Muqaffa,2338,### $ 1996 - ابن المارستاني [354 - 427]
726,### | ذكر بساتين الوزير,0845Maqrizi.Mawaciz,7043,7046,1467,0845Maqrizi.Muqaffa,2338,### $ 1996 - ابن المارستاني [354 - 427]
727,### | ذكر بساتين الوزير,0845Maqrizi.Mawaciz,7046,7049,1467,0845Maqrizi.Muqaffa,2338,### $ 1996 - ابن المارستاني [354 - 427]
728,### | ذكر بساتين الوزير,0845Maqrizi.Mawaciz,7051,7055,1467,0845Maqrizi.Muqaffa,2338,### $ 1996 - ابن المارستاني [354 - 427]
729,### | ذكر بساتين الوزير,0845Maqrizi.Mawaciz,7056,7059,1467,0845Maqrizi.Muqaffa,2338,### $ 1996 - ابن المارستاني [354 - 427]
730,### | ذكر بساتين الوزير,0845Maqrizi.Mawaciz,6344,6348,1467,0845Maqrizi.Muqaffa,2338,### $ 1996 - ابن المارستاني [354 - 427]
731,### | ذكر بساتين الوزير,0845Maqrizi.Mawaciz,6399,6404,1467,0845Maqrizi.Muqaffa,2338,### $ 1996 - ابن المارستاني [354 - 427]
732,### | ذكر بساتين الوزير,0845Maqrizi.Mawaciz,6419,6425,1467,0845Maqrizi.Muqaffa,2338,### $ 1996 - ابن المارستاني [354 - 427]
733,### | ذكر بساتين الوزير,0845Maqrizi.Mawaciz,6432,6451,1467,0845Maqrizi.Muqaffa,2338,### $ 1996 - ابن المارستاني [354 - 427]
734,### | ذكر بساتين الوزير,0845Maqrizi.Mawaciz,6459,6471,1467,0845Maqrizi.Muqaffa,2338,### $ 1996 - ابن المارستاني [354 - 427]
735,### | ذكر بساتين الوزير,0845Maqrizi.Mawaciz,6471,6474,1467,0845Maqrizi.Muqaffa,2338,### $ 1996 - ابن المارستاني [354 - 427]
736,### | ذكر بساتين الوزير,0845Maqrizi.Mawaciz,6475,6484,1467,0845Maqrizi.Muqaffa,2338,### $ 1996 - ابن المارستاني [354 - 427]
737,### | ذكر بساتين الوزير,0845Maqrizi.Mawaciz,6484,6490,1467,0845Maqrizi.Muqaffa,2338,### $ 1996 - ابن المارستاني [354 - 427]
738,### | ذكر بساتين الوزير,0845Maqrizi.Mawaciz,6490,6492,1467,0845Maqrizi.Muqaffa,2338,### $ 1996 - ابن المارستاني [354 - 427]
739,### | ذكر بساتين الوزير,0845Maqrizi.Mawaciz,6496,6497,1467,0845Maqrizi.Muqaffa,2338,### $ 1996 - ابن المارستاني [354 - 427]
740,### | ذكر بساتين الوزير,0845Maqrizi.Mawaciz,6497,6540,1467,0845Maqrizi.Muqaffa,2338,### $ 1996 - ابن المارستاني [354 - 427]
741,### | ذكر بساتين الوزير,0845Maqrizi.Mawaciz,6540,6606,1467,0845Maqrizi.Muqaffa,2338,### $ 1996 - ابن المارستاني [354 - 427]
