parent_cl_book,level_1_book,level_2_book,level_3_book,ms,row_id
['0930IbnIyas.NuzhatUmam'],['0845Maqrizi.MusawwadatMawaciz'],No Cluster,No Cluster,1,0
['0845Maqrizi.MusawwadatMawaciz'],['0845Maqrizi.MusawwadatMawaciz'],No Cluster,No Cluster,7,11
['0845Maqrizi.MusawwadatMawaciz'],['0845Maqrizi.MusawwadatMawaciz'],No Cluster,No Cluster,7,12
['0845Maqrizi.MusawwadatMawaciz'],['0845Maqrizi.MusawwadatMawaciz'],No Cluster,No Cluster,7,13
['0845Maqrizi.MusawwadatMawaciz'],['0845Maqrizi.MusawwadatMawaciz'],No Cluster,No Cluster,7,14
['0375IkhwanSafa.Rasail'],No Cluster,No Cluster,No Cluster,10,16
['0375IkhwanSafa.Rasail'],No Cluster,No Cluster,No Cluster,11,17
['0276IbnQutaybaDinawari.AdabKatib'],['0276IbnQutaybaDinawari.AdabKatib'],No Cluster,No Cluster,12,18
['0845Maqrizi.KhabarCanBashar'],['0375IkhwanSafa.Rasail'],No Cluster,No Cluster,16,23
['0845Maqrizi.KhabarCanBashar'],['0375IkhwanSafa.Rasail'],No Cluster,No Cluster,17,24
['0845Maqrizi.KhabarCanBashar'],['0733Nuwayri.NihayatArab'],No Cluster,No Cluster,17,25
['0845Maqrizi.KhabarCanBashar'],['0930IbnIyas.NuzhatUmam'],['0733Nuwayri.NihayatArab'],No Cluster,17,26
['0845Maqrizi.KhabarCanBashar'],['0845Maqrizi.KhabarCanBashar'],No Cluster,No Cluster,19,29
['0845Maqrizi.KhabarCanBashar'],['0375AnonymousTranslator.TarikhCalamUrusiyus'],No Cluster,No Cluster,20,30
['0845Maqrizi.KhabarCanBashar'],['0375AnonymousTranslator.TarikhCalamUrusiyus'],No Cluster,No Cluster,20,31
['0845Maqrizi.KhabarCanBashar'],['0845Maqrizi.KhabarCanBashar'],No Cluster,No Cluster,20,32
['0845Maqrizi.KhabarCanBashar'],['0375IkhwanSafa.Rasail'],No Cluster,No Cluster,20,33
['0930IbnIyas.NuzhatUmam'],['0375IkhwanSafa.Rasail'],No Cluster,No Cluster,21,34
['0375IkhwanSafa.Rasail'],['0292Yacqubi.Tarikh'],No Cluster,No Cluster,21,35
['0845Maqrizi.KhabarCanBashar'],['0300IbnRusta.AclaqNafisa'],No Cluster,No Cluster,23,37
['0845Maqrizi.KhabarCanBashar'],['0300IbnRusta.AclaqNafisa'],No Cluster,No Cluster,23,38
['0845Maqrizi.KhabarCanBashar'],['0218HajjajIbnYusufIbnMatar.Majisti'],No Cluster,No Cluster,24,39
['0845Maqrizi.KhabarCanBashar'],['0300IbnRusta.AclaqNafisa'],No Cluster,No Cluster,25,40
['0930IbnIyas.NuzhatUmam'],['0845Maqrizi.KhabarCanBashar'],['0733Nuwayri.NihayatArab'],No Cluster,34,44
['0930IbnIyas.NuzhatUmam'],['0733Nuwayri.NihayatArab'],No Cluster,No Cluster,34,45
['0930IbnIyas.NuzhatUmam'],['0845Maqrizi.KhabarCanBashar'],['0845Maqrizi.KhabarCanBashar'],No Cluster,35,46
['0930IbnIyas.NuzhatUmam'],['0845Maqrizi.KhabarCanBashar'],No Cluster,No Cluster,35,47
['0874IbnTaghribirdi.NujumZahira'],['0733Nuwayri.NihayatArab'],No Cluster,No Cluster,37,50
['0874IbnTaghribirdi.NujumZahira'],['0600PseudoMascudi.AkhbarZaman'],No Cluster,No Cluster,37,51
['0874IbnTaghribirdi.NujumZahira'],['0596IbnWasifShah.MukhtasarCajaibDunya'],No Cluster,No Cluster,37,52
['0487AbuCubaydBakri.MasalikWaMamalik'],['0596IbnWasifShah.MukhtasarCajaibDunya'],No Cluster,No Cluster,39,56
['0213IbnHisham.Tijan'],['0845Maqrizi.KhabarCanBashar'],No Cluster,No Cluster,40,57
['0213IbnHisham.Tijan'],['0213IbnHisham.Tijan'],No Cluster,No Cluster,40,58
['0930IbnIyas.NuzhatUmam'],['0749IbnFadlAllahCumari.MasalikAbsar'],No Cluster,No Cluster,59,85
['0930IbnIyas.NuzhatUmam'],['0733Nuwayri.NihayatArab'],No Cluster,No Cluster,60,86
['0821Qalqashandi.SubhAcsha'],['0821Qalqashandi.SubhAcsha'],No Cluster,No Cluster,67,102
['0930IbnIyas.NuzhatUmam'],['0350MuhammadKindi.FadailMisr'],No Cluster,No Cluster,67,103
['0930IbnIyas.NuzhatUmam'],['0814IbnZayyat.KawakibSayyara'],['0692IbnCabdZahir.RawdaBahiyya'],['0350MuhammadKindi.FadailMisr'],68,104
['0930IbnIyas.NuzhatUmam'],['0911Suyuti.HusnMuhadara'],No Cluster,No Cluster,68,105
['0930IbnIyas.NuzhatUmam'],['0733Nuwayri.NihayatArab'],No Cluster,No Cluster,72,114
['0930IbnIyas.NuzhatUmam'],['0733Nuwayri.NihayatArab'],No Cluster,No Cluster,72,115
['0930IbnIyas.NuzhatUmam'],['0600PseudoMascudi.AkhbarZaman'],No Cluster,No Cluster,72,116
['0930IbnIyas.NuzhatUmam'],['0596IbnWasifShah.MukhtasarCajaibDunya'],No Cluster,No Cluster,74,120
['0930IbnIyas.NuzhatUmam'],['0733Nuwayri.NihayatArab'],No Cluster,No Cluster,74,121
['0733Nuwayri.NihayatArab'],['0930IbnIyas.NuzhatUmam'],No Cluster,No Cluster,77,127
['0733Nuwayri.NihayatArab'],['0733Nuwayri.NihayatArab'],No Cluster,No Cluster,77,128
['0930IbnIyas.NuzhatUmam'],['0733Nuwayri.NihayatArab'],['0596IbnWasifShah.MukhtasarCajaibDunya'],No Cluster,78,129
['0930IbnIyas.NuzhatUmam'],['0600PseudoMascudi.AkhbarZaman'],No Cluster,No Cluster,78,130
['0930IbnIyas.NuzhatUmam'],['0596IbnWasifShah.MukhtasarCajaibDunya'],No Cluster,No Cluster,79,131
['0930IbnIyas.NuzhatUmam'],['0600PseudoMascudi.AkhbarZaman'],No Cluster,No Cluster,79,132
['0257IbnCabdHakam.FutuhMisr'],['0257IbnCabdHakam.FutuhMisr'],No Cluster,No Cluster,84,137
['0257IbnCabdHakam.FutuhMisr'],['0257IbnCabdHakam.FutuhMisr'],No Cluster,No Cluster,84,138
['0257IbnCabdHakam.FutuhMisr'],['0346Mascudi.MurujDhahab'],No Cluster,No Cluster,84,139
['0257IbnCabdHakam.FutuhMisr'],['0930IbnIyas.NuzhatUmam'],No Cluster,No Cluster,85,140
['0257IbnCabdHakam.FutuhMisr'],['0257IbnCabdHakam.FutuhMisr'],No Cluster,No Cluster,85,141
['0257IbnCabdHakam.FutuhMisr'],['0626YaqutHamawi.MucjamBuldan'],No Cluster,No Cluster,85,142
['0911Suyuti.HusnMuhadara'],['0257IbnCabdHakam.FutuhMisr'],No Cluster,No Cluster,85,143
['0911Suyuti.HusnMuhadara'],['0930IbnIyas.NuzhatUmam'],['0257IbnCabdHakam.FutuhMisr'],No Cluster,85,144
['0346Mascudi.MurujDhahab'],['0487AbuCubaydBakri.MasalikWaMamalik'],['0930IbnIyas.NuzhatUmam'],No Cluster,91,157
['0930IbnIyas.NuzhatUmam'],['0346Mascudi.MurujDhahab'],No Cluster,No Cluster,91,158
['0930IbnIyas.NuzhatUmam'],['0346Mascudi.MurujDhahab'],No Cluster,No Cluster,91,159
['0930IbnIyas.NuzhatUmam'],No Cluster,No Cluster,No Cluster,99,165
['0930IbnIyas.NuzhatUmam'],['0626YaqutHamawi.MucjamBuldan'],No Cluster,No Cluster,108,167
['0930IbnIyas.NuzhatUmam'],['0733Nuwayri.NihayatArab'],No Cluster,No Cluster,114,175
['0930IbnIyas.NuzhatUmam'],['0600PseudoMascudi.AkhbarZaman'],No Cluster,No Cluster,117,178
['0930IbnIyas.NuzhatUmam'],['0733Nuwayri.NihayatArab'],No Cluster,No Cluster,117,179
['0930IbnIyas.NuzhatUmam'],['0596IbnWasifShah.MukhtasarCajaibDunya'],No Cluster,No Cluster,117,180
['0930IbnIyas.NuzhatUmam'],['0596IbnWasifShah.MukhtasarCajaibDunya'],No Cluster,No Cluster,119,184
['0930IbnIyas.NuzhatUmam'],['0346Mascudi.MurujDhahab'],No Cluster,No Cluster,119,185
['0930IbnIyas.NuzhatUmam'],['0930IbnIyas.NuzhatUmam'],No Cluster,No Cluster,121,190
['0930IbnIyas.NuzhatUmam'],['0930IbnIyas.NuzhatUmam'],No Cluster,No Cluster,123,192
['0930IbnIyas.NuzhatUmam'],['0930IbnIyas.NuzhatUmam'],No Cluster,No Cluster,124,193
['0930IbnIyas.NuzhatUmam'],['0930IbnIyas.NuzhatUmam'],No Cluster,No Cluster,126,194
['0930IbnIyas.NuzhatUmam'],['0930IbnIyas.NuzhatUmam'],No Cluster,No Cluster,126,195
['0930IbnIyas.NuzhatUmam'],['0930IbnIyas.NuzhatUmam'],No Cluster,No Cluster,128,196
['0930IbnIyas.NuzhatUmam'],['0626YaqutHamawi.MucjamBuldan'],['0874IbnTaghribirdi.NujumZahira'],No Cluster,131,201
['0930IbnIyas.NuzhatUmam'],['0450AbuHasanMawardi.AhkamSultaniyya'],No Cluster,No Cluster,134,209
['0930IbnIyas.NuzhatUmam'],['0900IbnCabdMuncimHimyari.RawdMictar'],No Cluster,No Cluster,134,210
['0930IbnIyas.NuzhatUmam'],['0346Mascudi.MurujDhahab'],No Cluster,No Cluster,151,227
['0930IbnIyas.NuzhatUmam'],['0646IbnBaytarAndalusi.JamicLiMufradat'],No Cluster,No Cluster,151,228
['0930IbnIyas.NuzhatUmam'],['0784IbnMahmudJalalDinQahiri.UnsMala'],No Cluster,No Cluster,151,229
['0930IbnIyas.NuzhatUmam'],['0930IbnIyas.NuzhatUmam'],No Cluster,No Cluster,156,231
['0930IbnIyas.NuzhatUmam'],['0930IbnIyas.NuzhatUmam'],No Cluster,No Cluster,156,232
['0930IbnIyas.NuzhatUmam'],No Cluster,No Cluster,No Cluster,165,246
['0257IbnCabdHakam.FutuhMisr'],['0257IbnCabdHakam.FutuhMisr'],No Cluster,No Cluster,174,255
['0257IbnCabdHakam.FutuhMisr'],['0257IbnCabdHakam.FutuhMisr'],No Cluster,No Cluster,174,256
['0257IbnCabdHakam.FutuhMisr'],['0911Suyuti.HusnMuhadara'],No Cluster,No Cluster,174,257
['0251IbnZanjawayh.Amwal'],['0804IbnMulaqqin.BadrMunir'],No Cluster,No Cluster,174,258
['0257IbnCabdHakam.FutuhMisr'],['0911Suyuti.JamicKabir'],No Cluster,No Cluster,178,268
['0257IbnCabdHakam.FutuhMisr'],['0230IbnSacd.TabaqatKubra'],No Cluster,No Cluster,178,269
"['0911Suyuti.JamicKabir', '0911Suyuti.HusnMuhadara']",['0975MuttaqiHindi.KanzCummal'],No Cluster,No Cluster,178,270
"['0911Suyuti.JamicKabir', '0911Suyuti.HusnMuhadara']",['0257IbnCabdHakam.FutuhMisr'],['0257IbnCabdHakam.FutuhMisr'],No Cluster,178,271
['0350MuhammadKindi.WulatMisr'],['0845Maqrizi.Muqaffa'],No Cluster,No Cluster,185,278
['0588IbnMamun.AkhbarMisr'],['0588IbnMamun.AkhbarMisr'],No Cluster,No Cluster,189,280
['0588IbnMamun.AkhbarMisr'],['0845Maqrizi.ItticazHunafa'],No Cluster,No Cluster,189,281
['0588IbnMamun.AkhbarMisr'],['0845Maqrizi.ItticazHunafa'],No Cluster,No Cluster,189,282
['0588IbnMamun.AkhbarMisr'],['0588IbnMamun.AkhbarMisr'],No Cluster,No Cluster,189,283
['0588IbnMamun.AkhbarMisr'],['0588IbnMamun.AkhbarMisr'],['0845Maqrizi.Muqaffa'],No Cluster,190,284
['0845Maqrizi.Suluk'],No Cluster,No Cluster,No Cluster,203,292
['0350MuhammadKindi.WulatMisr'],['0350MuhammadKindi.WulatMisr'],No Cluster,No Cluster,215,303
['0350MuhammadKindi.WulatMisr'],['0845Maqrizi.Bayan'],No Cluster,No Cluster,215,304
['0930IbnIyas.NuzhatUmam'],['0630IbnAthirCizzDin.LubabFiTahdhibAnsab'],No Cluster,No Cluster,216,305
['0733Nuwayri.NihayatArab'],['0930IbnIyas.NuzhatUmam'],No Cluster,No Cluster,234,319
['0930IbnIyas.NuzhatUmam'],['0733Nuwayri.NihayatArab'],No Cluster,No Cluster,235,320
['0930IbnIyas.NuzhatUmam'],['0733Nuwayri.NihayatArab'],No Cluster,No Cluster,235,321
['0930IbnIyas.NuzhatUmam'],['0725BaybarsMansuri.ZubdatFikra'],No Cluster,No Cluster,241,323
['0930IbnIyas.NuzhatUmam'],No Cluster,No Cluster,No Cluster,243,324
['0930IbnIyas.NuzhatUmam'],['0807IbnFurat.TarikhDuwal'],No Cluster,No Cluster,244,325
['0733Nuwayri.NihayatArab'],No Cluster,No Cluster,No Cluster,245,326
"['0845Maqrizi.Muqaffa', '0845Maqrizi.ItticazHunafa', '0845Maqrizi.IghathaUmma']",No Cluster,No Cluster,No Cluster,250,329
['0588IbnMamun.AkhbarMisr'],No Cluster,No Cluster,No Cluster,251,330
['0733Nuwayri.NihayatArab'],['0600PseudoMascudi.AkhbarZaman'],No Cluster,No Cluster,257,337
['0911Suyuti.TuhfatKiram'],['0911Suyuti.HusnMuhadara'],['0649MuhammadIdrisi.Anwar'],['0600PseudoMascudi.AkhbarZaman'],258,338
['0911Suyuti.TuhfatKiram'],['0600PseudoMascudi.AkhbarZaman'],['0911Suyuti.HusnMuhadara'],No Cluster,258,339
['0733Nuwayri.NihayatArab'],['0600PseudoMascudi.AkhbarZaman'],No Cluster,No Cluster,258,340
['0930IbnIyas.NuzhatUmam'],['0367IbnHawqal.SuratArd'],No Cluster,No Cluster,261,342
['0346Mascudi.TanbihWaIshraf'],['0346Mascudi.TanbihWaIshraf'],No Cluster,No Cluster,264,344
['0814IbnZayyat.KawakibSayyara'],['0626YaqutHamawi.MucjamBuldan'],No Cluster,No Cluster,267,346
['0649MuhammadIdrisi.Anwar'],['0626YaqutHamawi.MucjamBuldan'],No Cluster,No Cluster,269,351
['0629CabdLatifBaghdadi.IfadaWaIctibar'],['0930IbnIyas.NuzhatUmam'],No Cluster,No Cluster,276,365
['0930IbnIyas.NuzhatUmam'],['0629CabdLatifBaghdadi.IfadaWaIctibar'],['0629CabdLatifBaghdadi.IfadaWaIctibar'],No Cluster,277,366
['0930IbnIyas.NuzhatUmam'],['0629CabdLatifBaghdadi.IfadaWaIctibar'],['0629CabdLatifBaghdadi.IfadaWaIctibar'],No Cluster,277,367
['0930IbnIyas.NuzhatUmam'],['0597CimadDinKatibIsfahani.KharidatQasr'],No Cluster,No Cluster,280,370
"['0930IbnIyas.BadaicZuhur', '0930IbnIyas.NuzhatUmam']",['0855BadrDinCayni.SayfMuhannad'],['0487AbuCubaydBakri.MasalikWaMamalik'],No Cluster,295,382
"['0930IbnIyas.BadaicZuhur', '0930IbnIyas.NuzhatUmam']",['0600PseudoMascudi.AkhbarZaman'],No Cluster,No Cluster,295,383
['0596IbnWasifShah.MukhtasarCajaibDunya'],['0733Nuwayri.NihayatArab'],No Cluster,No Cluster,296,384
['0930IbnIyas.NuzhatUmam'],['0600PseudoMascudi.AkhbarZaman'],No Cluster,No Cluster,300,386
['0930IbnIyas.NuzhatUmam'],['0596IbnWasifShah.MukhtasarCajaibDunya'],No Cluster,No Cluster,300,387
['0600PseudoMascudi.AkhbarZaman'],No Cluster,No Cluster,No Cluster,302,389
['0600PseudoMascudi.AkhbarZaman'],['0930IbnIyas.NuzhatUmam'],No Cluster,No Cluster,303,390
['0600PseudoMascudi.AkhbarZaman'],['0733Nuwayri.NihayatArab'],No Cluster,No Cluster,303,391
['0930IbnIyas.NuzhatUmam'],['0733Nuwayri.NihayatArab'],No Cluster,No Cluster,304,392
['0930IbnIyas.NuzhatUmam'],['0600PseudoMascudi.AkhbarZaman'],No Cluster,No Cluster,304,393
['0930IbnIyas.NuzhatUmam'],['0930IbnIyas.NuzhatUmam'],No Cluster,No Cluster,304,394
['0487AbuCubaydBakri.MasalikWaMamalik'],['0487AbuCubaydBakri.MasalikWaMamalik'],No Cluster,No Cluster,310,399
['0596IbnWasifShah.MukhtasarCajaibDunya'],['0257IbnCabdHakam.FutuhMisr'],No Cluster,No Cluster,310,400
['0596IbnWasifShah.MukhtasarCajaibDunya'],['0814IbnZayyat.KawakibSayyara'],No Cluster,No Cluster,310,401
['0600PseudoMascudi.AkhbarZaman'],No Cluster,No Cluster,No Cluster,312,402
['0600PseudoMascudi.AkhbarZaman'],['0736IbnDawadari.KanzDurar'],No Cluster,No Cluster,313,403
['0733Nuwayri.NihayatArab'],No Cluster,No Cluster,No Cluster,316,404
['0733Nuwayri.NihayatArab'],['0487AbuCubaydBakri.MasalikWaMamalik'],No Cluster,No Cluster,321,405
['0257IbnCabdHakam.FutuhMisr'],['0257IbnCabdHakam.FutuhMisr'],No Cluster,No Cluster,323,407
['0600PseudoMascudi.AkhbarZaman'],['0600PseudoMascudi.AkhbarZaman'],No Cluster,No Cluster,326,410
['0911Suyuti.HusnMuhadara'],['0257IbnCabdHakam.FutuhMisr'],No Cluster,No Cluster,327,411
['0375AnonymousTranslator.TarikhCalamUrusiyus'],['0375AnonymousTranslator.TarikhCalamUrusiyus'],No Cluster,No Cluster,328,412
['0733Nuwayri.NihayatArab'],['0596IbnWasifShah.MukhtasarCajaibDunya'],No Cluster,No Cluster,334,414
['0733Nuwayri.NihayatArab'],['0733Nuwayri.NihayatArab'],No Cluster,No Cluster,334,415
['0733Nuwayri.NihayatArab'],['0600KatibMarrakushi.Istibsar'],No Cluster,No Cluster,335,416
['0733Nuwayri.NihayatArab'],['0487AbuCubaydBakri.MasalikWaMamalik'],No Cluster,No Cluster,335,417
['0487AbuCubaydBakri.MasalikWaMamalik'],['0600KatibMarrakushi.Istibsar'],No Cluster,No Cluster,335,418
['0346Mascudi.MurujDhahab'],['0733Nuwayri.NihayatArab'],No Cluster,No Cluster,342,434
['0346Mascudi.MurujDhahab'],['0346Mascudi.MurujDhahab'],No Cluster,No Cluster,343,435
['0346Mascudi.MurujDhahab'],['0346Mascudi.MurujDhahab'],No Cluster,No Cluster,343,436
['0845Maqrizi.KhabarCanBashar'],['0375AnonymousTranslator.TarikhCalamUrusiyus'],No Cluster,No Cluster,345,439
['0845Maqrizi.KhabarCanBashar'],No Cluster,No Cluster,No Cluster,349,442
['0930IbnIyas.NuzhatUmam'],['0346Mascudi.MurujDhahab'],['0346Mascudi.MurujDhahab'],No Cluster,357,457
['0487AbuCubaydBakri.MasalikWaMamalik'],['0487AbuCubaydBakri.MasalikWaMamalik'],No Cluster,No Cluster,365,470
['0487AbuCubaydBakri.MasalikWaMamalik'],['0487AbuCubaydBakri.MasalikWaMamalik'],No Cluster,No Cluster,365,471
['0845Maqrizi.KhabarCanBashar'],No Cluster,No Cluster,No Cluster,370,477
['0845Maqrizi.KhabarCanBashar'],['0733Nuwayri.NihayatArab'],No Cluster,No Cluster,404,517
['0346Mascudi.MurujDhahab'],['0346Mascudi.MurujDhahab'],No Cluster,No Cluster,405,518
['0600KatibMarrakushi.Istibsar'],['0487AbuCubaydBakri.MasalikWaMamalik'],No Cluster,No Cluster,406,519
['0600KatibMarrakushi.Istibsar'],['0900IbnCabdMuncimHimyari.RawdMictar'],No Cluster,No Cluster,406,520
['0350MuhammadKindi.WulatMisr'],No Cluster,No Cluster,No Cluster,410,521
['0930IbnIyas.NuzhatUmam'],No Cluster,No Cluster,No Cluster,413,522
['0930IbnIyas.NuzhatUmam'],No Cluster,No Cluster,No Cluster,419,526
['0600PseudoMascudi.AkhbarZaman'],No Cluster,No Cluster,No Cluster,425,532
['0310Tabari.JamicBayan'],['0346Mascudi.MurujDhahab'],No Cluster,No Cluster,428,533
['0346Mascudi.MurujDhahab'],['0900IbnCabdMuncimHimyari.RawdMictar'],No Cluster,No Cluster,428,534
['0930IbnIyas.NuzhatUmam'],No Cluster,No Cluster,No Cluster,446,544
['0257IbnCabdHakam.FutuhMisr'],['0257IbnCabdHakam.FutuhMisr'],No Cluster,No Cluster,447,545
['0845Maqrizi.Bayan'],No Cluster,No Cluster,No Cluster,458,552
['0930IbnIyas.NuzhatUmam'],['0614IbnJubayr.Rihla'],No Cluster,No Cluster,465,554
['0257IbnCabdHakam.FutuhMisr'],['0257IbnCabdHakam.FutuhMisr'],No Cluster,No Cluster,471,561
['0257IbnCabdHakam.FutuhMisr'],['0257IbnCabdHakam.FutuhMisr'],No Cluster,No Cluster,471,562
['0588IbnMamun.AkhbarMisr'],['0588IbnMamun.AkhbarMisr'],No Cluster,No Cluster,485,577
['0588IbnMamun.AkhbarMisr'],['0845Maqrizi.ItticazHunafa'],No Cluster,No Cluster,485,578
['0902Sakhawi.AjwibaMurdiyya'],['0902Sakhawi.AjwibaMurdiyya'],No Cluster,No Cluster,489,582
['0930IbnIyas.NuzhatUmam'],['0350MuhammadKindi.WulatMisr'],No Cluster,No Cluster,489,583
['0930IbnIyas.NuzhatUmam'],['0845Maqrizi.ItticazHunafa'],No Cluster,No Cluster,491,585
['0845Maqrizi.Suluk'],['0930IbnIyas.NuzhatUmam'],No Cluster,No Cluster,493,586
['0630IbnAthirCizzDin.Kamil'],['0630IbnAthirCizzDin.Kamil'],No Cluster,No Cluster,494,587
['0845Maqrizi.Suluk'],['0845Maqrizi.Suluk'],No Cluster,No Cluster,494,588
['0630IbnAthirCizzDin.Kamil'],"['0749IbnFadlAllahCumari.MasalikAbsar', '0749ZaynDinIbnWardi.Tarikh']",No Cluster,No Cluster,499,591
['0930IbnIyas.NuzhatUmam'],['0845Maqrizi.Suluk'],No Cluster,No Cluster,500,592
['0930IbnIyas.NuzhatUmam'],['0930IbnIyas.NuzhatUmam'],No Cluster,No Cluster,500,593
['0809IbnDuqmaq.NuzhatAnam'],['0809IbnDuqmaq.NuzhatAnam'],No Cluster,No Cluster,501,594
['0845Maqrizi.Suluk'],['0809IbnDuqmaq.NuzhatAnam'],No Cluster,No Cluster,501,595
['0845Maqrizi.Suluk'],['0809IbnDuqmaq.NuzhatAnam'],['0809IbnDuqmaq.NuzhatAnam'],No Cluster,502,596
['0845Maqrizi.Suluk'],No Cluster,No Cluster,No Cluster,506,597
['0930IbnIyas.NuzhatUmam'],['0845Maqrizi.Suluk'],No Cluster,No Cluster,509,600
['0855BadrDinCayni.CiqdJuman'],['0845Maqrizi.Suluk'],['0732AbuFida.MukhtasarFiAkhbar'],['0736IbnDawadari.KanzDurar'],510,601
['0855BadrDinCayni.CiqdJuman'],['0736IbnDawadari.KanzDurar'],No Cluster,No Cluster,510,602
['0855BadrDinCayni.CiqdJuman'],"['0764Safadi.WafiBiWafayat', '0764IbnShakirKutubi.FawatWafayat']",No Cluster,No Cluster,510,603
['0725BaybarsMansuri.TuhfaMulukiyya'],['0845Maqrizi.Suluk'],No Cluster,No Cluster,510,604
['0930IbnIyas.NuzhatUmam'],['0930IbnIyas.NuzhatUmam'],No Cluster,No Cluster,511,605
['0930IbnIyas.NuzhatUmam'],['0930IbnIyas.NuzhatUmam'],No Cluster,No Cluster,512,606
['0930IbnIyas.NuzhatUmam'],['0930IbnIyas.NuzhatUmam'],No Cluster,No Cluster,512,607
['0727ShamsDinDimashqi.NukhbatDahr'],['0548Shahrastani.MilalWaNihal'],No Cluster,No Cluster,521,611
['0629CabdLatifBaghdadi.IfadaWaIctibar'],No Cluster,No Cluster,No Cluster,523,615
['0930IbnIyas.NuzhatUmam'],['0692IbnCabdZahir.RawdaBahiyya'],['0626YaqutHamawi.MucjamBuldan'],['0911Suyuti.HusnMuhadara'],524,616
['0845Maqrizi.Suluk'],['0764IbnShakirKutubi.FawatWafayat'],No Cluster,No Cluster,528,617
['0930IbnIyas.NuzhatUmam'],['0692IbnCabdZahir.RawdZahir'],No Cluster,No Cluster,528,618
['0596IbnWasifShah.MukhtasarCajaibDunya'],['0487AbuCubaydBakri.MasalikWaMamalik'],['0596IbnWasifShah.MukhtasarCajaibDunya'],No Cluster,530,620
['0596IbnWasifShah.MukhtasarCajaibDunya'],['0487AbuCubaydBakri.MasalikWaMamalik'],No Cluster,No Cluster,530,621
['0749IbnFadlAllahCumari.MasalikAbsar'],['0911Suyuti.HusnMuhadara'],No Cluster,No Cluster,531,622
['0733Nuwayri.NihayatArab'],['0600PseudoMascudi.AkhbarZaman'],No Cluster,No Cluster,535,626
['0733Nuwayri.NihayatArab'],['0487AbuCubaydBakri.MasalikWaMamalik'],No Cluster,No Cluster,541,630
['0733Nuwayri.NihayatArab'],"['0600KatibMarrakushi.Istibsar', '0600PseudoMascudi.AkhbarZaman']",No Cluster,No Cluster,541,631
['0733Nuwayri.NihayatArab'],['0487AbuCubaydBakri.MasalikWaMamalik'],No Cluster,No Cluster,541,632
['0600PseudoMascudi.AkhbarZaman'],['0600KatibMarrakushi.Istibsar'],No Cluster,No Cluster,541,633
['0600PseudoMascudi.AkhbarZaman'],['0733Nuwayri.NihayatArab'],No Cluster,No Cluster,541,634
['0845Maqrizi.KhabarCanBashar'],['0845Maqrizi.KhabarCanBashar'],No Cluster,No Cluster,575,665
['0845Maqrizi.KhabarCanBashar'],['0600PseudoMascudi.AkhbarZaman'],No Cluster,No Cluster,582,666
['0845Maqrizi.KhabarCanBashar'],['0600PseudoMascudi.AkhbarZaman'],No Cluster,No Cluster,584,668
['0440AbuRayhanBiruni.AtharBaqiya'],No Cluster,No Cluster,No Cluster,593,675
['0440AbuRayhanBiruni.AtharBaqiya'],['0440AbuRayhanBiruni.AtharBaqiya'],['0845Maqrizi.KhabarCanBashar'],No Cluster,596,677
['0440AbuRayhanBiruni.AtharBaqiya'],['0845Maqrizi.KhabarCanBashar'],No Cluster,No Cluster,596,678
['0845Maqrizi.KhabarCanBashar'],['0845Maqrizi.KhabarCanBashar'],No Cluster,No Cluster,597,679
['0845Maqrizi.KhabarCanBashar'],['0845Maqrizi.KhabarCanBashar'],No Cluster,No Cluster,597,680
['0930IbnIyas.NuzhatUmam'],['0845Maqrizi.KhabarCanBashar'],No Cluster,No Cluster,603,683
['0930IbnIyas.NuzhatUmam'],['0764Safadi.WafiBiWafayat'],No Cluster,No Cluster,604,684
['0930IbnIyas.NuzhatUmam'],['0346Mascudi.MurujDhahab'],['0346Mascudi.MurujDhahab'],No Cluster,605,685
['0930IbnIyas.NuzhatUmam'],No Cluster,No Cluster,No Cluster,615,693
['0930IbnIyas.NuzhatUmam'],No Cluster,No Cluster,No Cluster,616,694
['0930IbnIyas.NuzhatUmam'],['0367IbnHawqal.SuratArd'],No Cluster,No Cluster,620,695
['0930IbnIyas.NuzhatUmam'],No Cluster,No Cluster,No Cluster,621,696
['0821Qalqashandi.SubhAcsha'],"['0821Qalqashandi.SubhAcsha', '0821Qalqashandi.Maathir']",No Cluster,No Cluster,633,705
['0821Qalqashandi.SubhAcsha'],['0654SibtIbnJawzi.MiratZaman'],No Cluster,No Cluster,635,707
['0588IbnMamun.AkhbarMisr'],['0588IbnMamun.AkhbarMisr'],No Cluster,No Cluster,637,708
['0588IbnMamun.AkhbarMisr'],['0588IbnMamun.AkhbarMisr'],No Cluster,No Cluster,638,709
['0845Maqrizi.KhabarCanBashar'],['0440AbuRayhanBiruni.AtharBaqiya'],No Cluster,No Cluster,643,710
['0930IbnIyas.NuzhatUmam'],['0440AbuRayhanBiruni.AtharBaqiya'],No Cluster,No Cluster,644,711
['0634AbuRabicHimyari.Iktifa'],['0257IbnCabdHakam.FutuhMisr'],['0257IbnCabdHakam.FutuhMisr'],No Cluster,661,737
['0257IbnCabdHakam.FutuhMisr'],['0257IbnCabdHakam.FutuhMisr'],['0257IbnCabdHakam.FutuhMisr'],No Cluster,665,747
['0257IbnCabdHakam.FutuhMisr'],['0257IbnCabdHakam.FutuhMisr'],No Cluster,No Cluster,665,748
['0257IbnCabdHakam.FutuhMisr'],['0634AbuRabicHimyari.Iktifa'],['0874IbnTaghribirdi.NujumZahira'],No Cluster,665,749
['0257IbnCabdHakam.FutuhMisr'],['0257IbnCabdHakam.FutuhMisr'],No Cluster,No Cluster,668,757
['0257IbnCabdHakam.FutuhMisr'],['0257IbnCabdHakam.FutuhMisr'],No Cluster,No Cluster,668,758
['0257IbnCabdHakam.FutuhMisr'],['0257IbnCabdHakam.FutuhMisr'],No Cluster,No Cluster,668,759
['0257IbnCabdHakam.FutuhMisr'],['0733Nuwayri.NihayatArab'],['0257IbnCabdHakam.FutuhMisr'],['0257IbnCabdHakam.FutuhMisr'],669,760
['0257IbnCabdHakam.FutuhMisr'],['0257IbnCabdHakam.FutuhMisr'],['0257IbnCabdHakam.FutuhMisr'],No Cluster,669,761
['0257IbnCabdHakam.FutuhMisr'],['0257IbnCabdHakam.FutuhMisr'],No Cluster,No Cluster,669,762
['0257IbnCabdHakam.FutuhMisr'],['0257IbnCabdHakam.FutuhMisr'],No Cluster,No Cluster,669,763
['0257IbnCabdHakam.FutuhMisr'],['0257IbnCabdHakam.FutuhMisr'],No Cluster,No Cluster,669,764
['0257IbnCabdHakam.FutuhMisr'],['0257IbnCabdHakam.FutuhMisr'],No Cluster,No Cluster,674,774
['0257IbnCabdHakam.FutuhMisr'],['0257IbnCabdHakam.FutuhMisr'],No Cluster,No Cluster,674,775
['0874IbnTaghribirdi.NujumZahira'],['0257IbnCabdHakam.FutuhMisr'],No Cluster,No Cluster,674,776
['0821Qalqashandi.SubhAcsha'],No Cluster,No Cluster,No Cluster,678,785
['0821Qalqashandi.SubhAcsha'],No Cluster,No Cluster,No Cluster,680,786
['0350MuhammadKindi.WulatMisr'],['0874IbnTaghribirdi.NujumZahira'],No Cluster,No Cluster,683,788
['0874IbnTaghribirdi.NujumZahira'],['0845Maqrizi.Muqaffa'],No Cluster,No Cluster,684,789
['0874IbnTaghribirdi.NujumZahira'],['0350MuhammadKindi.WulatMisr'],No Cluster,No Cluster,685,790
['0874IbnTaghribirdi.NujumZahira'],['0350MuhammadKindi.WulatMisr'],No Cluster,No Cluster,685,791
['0874IbnTaghribirdi.NujumZahira'],['0350MuhammadKindi.WulatMisr'],No Cluster,No Cluster,685,792
['0350MuhammadKindi.WulatMisr'],['0845Maqrizi.Muqaffa'],No Cluster,No Cluster,691,794
['0588IbnMamun.AkhbarMisr'],No Cluster,No Cluster,No Cluster,697,796
['0350MuhammadKindi.WulatMisr'],['0874IbnTaghribirdi.NujumZahira'],No Cluster,No Cluster,699,797
['0350MuhammadKindi.WulatMisr'],['0571IbnCasakir.TarikhDimashq'],No Cluster,No Cluster,700,798
['0350MuhammadKindi.WulatMisr'],['0874IbnTaghribirdi.NujumZahira'],No Cluster,No Cluster,702,799
['0350MuhammadKindi.WulatMisr'],['0874IbnTaghribirdi.NujumZahira'],No Cluster,No Cluster,704,800
['0350MuhammadKindi.WulatMisr'],['0874IbnTaghribirdi.NujumZahira'],No Cluster,No Cluster,705,801
['0350MuhammadKindi.WulatMisr'],['0874IbnTaghribirdi.NujumZahira'],No Cluster,No Cluster,705,802
['0350MuhammadKindi.WulatMisr'],No Cluster,No Cluster,No Cluster,706,803
['0808IbnKhaldun.Tarikh'],['0874IbnTaghribirdi.NujumZahira'],No Cluster,No Cluster,709,804
['0874IbnTaghribirdi.NujumZahira'],No Cluster,No Cluster,No Cluster,710,805
['0350MuhammadKindi.WulatMisr'],['0874IbnTaghribirdi.NujumZahira'],No Cluster,No Cluster,711,806
['0845Maqrizi.Muqaffa'],['0874IbnTaghribirdi.NujumZahira'],No Cluster,No Cluster,711,807
['0350MuhammadKindi.WulatMisr'],['0350MuhammadKindi.WulatMisr'],No Cluster,No Cluster,712,808
['0350MuhammadKindi.WulatMisr'],['0874IbnTaghribirdi.NujumZahira'],No Cluster,No Cluster,714,809
['0350Balawi.SiratAhmadIbnTulun'],['0350Balawi.SiratAhmadIbnTulun'],No Cluster,No Cluster,717,811
['0597IbnJawzi.Muntazam'],['0711IbnManzurIfriqi.MukhtasarTarikhDimashq'],No Cluster,No Cluster,717,812
['0350MuhammadKindi.WulatMisr'],No Cluster,No Cluster,No Cluster,720,814
['0350Balawi.SiratAhmadIbnTulun'],['0350Balawi.SiratAhmadIbnTulun'],No Cluster,No Cluster,721,815
['0350Balawi.SiratAhmadIbnTulun'],No Cluster,No Cluster,No Cluster,722,816
['0874IbnTaghribirdi.NujumZahira'],['0874IbnTaghribirdi.NujumZahira'],['0874IbnTaghribirdi.NujumZahira'],No Cluster,724,817
['0874IbnTaghribirdi.NujumZahira'],['0874IbnTaghribirdi.NujumZahira'],No Cluster,No Cluster,724,818
['0874IbnTaghribirdi.NujumZahira'],['0874IbnTaghribirdi.NujumZahira'],No Cluster,No Cluster,725,819
['0874IbnTaghribirdi.NujumZahira'],['0874IbnTaghribirdi.NujumZahira'],No Cluster,No Cluster,725,820
['0874IbnTaghribirdi.NujumZahira'],['0874IbnTaghribirdi.NujumZahira'],No Cluster,No Cluster,726,821
['0874IbnTaghribirdi.NujumZahira'],['0874IbnTaghribirdi.NujumZahira'],No Cluster,No Cluster,726,822
['0874IbnTaghribirdi.NujumZahira'],['0874IbnTaghribirdi.NujumZahira'],No Cluster,No Cluster,728,823
['0350MuhammadKindi.WulatMisr'],['0350MuhammadKindi.WulatMisr'],['0350MuhammadKindi.WulatMisr'],No Cluster,736,825
['0350MuhammadKindi.WulatMisr'],['0874IbnTaghribirdi.NujumZahira'],['0845Maqrizi.Muqaffa'],No Cluster,736,826
['0874IbnTaghribirdi.NujumZahira'],['0350MuhammadKindi.WulatMisr'],No Cluster,No Cluster,748,836
['0874IbnTaghribirdi.NujumZahira'],['0350MuhammadKindi.WulatMisr'],No Cluster,No Cluster,749,837
['0845Maqrizi.Muqaffa'],['0350MuhammadKindi.WulatMisr'],No Cluster,No Cluster,749,838
['0874IbnTaghribirdi.NujumZahira'],No Cluster,No Cluster,No Cluster,750,839
['0626YaqutHamawi.MucjamBuldan'],No Cluster,No Cluster,No Cluster,783,845
['0845Maqrizi.Muqaffa'],['0845Maqrizi.ItticazHunafa'],No Cluster,No Cluster,793,848
['0808IbnKhaldun.Tarikh'],['0845Maqrizi.ItticazHunafa'],No Cluster,No Cluster,794,849
['0845Maqrizi.ItticazHunafa'],No Cluster,No Cluster,No Cluster,795,850
['0845Maqrizi.ItticazHunafa'],No Cluster,No Cluster,No Cluster,809,859
['0470MuayyadFiDinShirazi.Sira'],No Cluster,No Cluster,No Cluster,810,860
['0845Maqrizi.ItticazHunafa'],No Cluster,No Cluster,No Cluster,812,862
['0845Maqrizi.ItticazHunafa'],No Cluster,No Cluster,No Cluster,817,865
['0845Maqrizi.MusawwadatMawaciz'],No Cluster,No Cluster,No Cluster,825,867
['0845Maqrizi.MusawwadatMawaciz'],No Cluster,No Cluster,No Cluster,827,868
['0889IbnAhmadSakhawi.TuhfatAhbab'],No Cluster,No Cluster,No Cluster,829,869
['0845Maqrizi.MusawwadatMawaciz'],['0845Maqrizi.MusawwadatMawaciz'],No Cluster,No Cluster,834,871
['0845Maqrizi.MusawwadatMawaciz'],['0845Maqrizi.MusawwadatMawaciz'],No Cluster,No Cluster,836,874
['0845Maqrizi.MusawwadatMawaciz'],No Cluster,No Cluster,No Cluster,847,877
['0874IbnTaghribirdi.NujumZahira'],['0845Maqrizi.Muqaffa'],No Cluster,No Cluster,857,881
['0677IbnMuyassar.AkhbarMisr'],No Cluster,No Cluster,No Cluster,862,884
['0692IbnCabdZahir.RawdaBahiyya'],No Cluster,No Cluster,No Cluster,863,885
['0845Maqrizi.Muqaffa'],No Cluster,No Cluster,No Cluster,865,887
['0845Maqrizi.MusawwadatMawaciz'],No Cluster,No Cluster,No Cluster,867,888
['0845Maqrizi.MusawwadatMawaciz'],No Cluster,No Cluster,No Cluster,868,889
['0845Maqrizi.MusawwadatMawaciz'],No Cluster,No Cluster,No Cluster,869,890
['0617IbnTuwayr.NuzhatMuqlatayn'],['0617IbnTuwayr.NuzhatMuqlatayn'],No Cluster,No Cluster,874,893
['0845Maqrizi.MusawwadatMawaciz'],['0617IbnTuwayr.NuzhatMuqlatayn'],No Cluster,No Cluster,882,901
['0845Maqrizi.MusawwadatMawaciz'],['0617IbnTuwayr.NuzhatMuqlatayn'],No Cluster,No Cluster,882,902
['0845Maqrizi.MusawwadatMawaciz'],['0617IbnTuwayr.NuzhatMuqlatayn'],No Cluster,No Cluster,882,903
['0845Maqrizi.MusawwadatMawaciz'],['0617IbnTuwayr.NuzhatMuqlatayn'],No Cluster,No Cluster,882,904
['0588IbnMamun.AkhbarMisr'],"['0845Maqrizi.Muqaffa', '0845Maqrizi.MusawwadatMawaciz']",No Cluster,No Cluster,883,905
['0588IbnMamun.AkhbarMisr'],['0588IbnMamun.AkhbarMisr'],No Cluster,No Cluster,883,906
['0588IbnMamun.AkhbarMisr'],"['0845Maqrizi.Muqaffa', '0845Maqrizi.MusawwadatMawaciz']",No Cluster,No Cluster,884,907
['0617IbnTuwayr.NuzhatMuqlatayn'],['0845Maqrizi.MusawwadatMawaciz'],['0617IbnTuwayr.NuzhatMuqlatayn'],No Cluster,885,908
['0617IbnTuwayr.NuzhatMuqlatayn'],['0617IbnTuwayr.NuzhatMuqlatayn'],No Cluster,No Cluster,885,909
['0736IbnDawadari.KanzDurar'],['0733Nuwayri.NihayatArab'],No Cluster,No Cluster,887,911
['0736IbnDawadari.KanzDurar'],['0733Nuwayri.NihayatArab'],No Cluster,No Cluster,887,912
['0733Nuwayri.NihayatArab'],['0736IbnDawadari.KanzDurar'],No Cluster,No Cluster,888,913
['0845Maqrizi.MusawwadatMawaciz'],No Cluster,No Cluster,No Cluster,890,916
['0733Nuwayri.NihayatArab'],No Cluster,No Cluster,No Cluster,891,917
['0733Nuwayri.NihayatArab'],['0733Nuwayri.NihayatArab'],No Cluster,No Cluster,893,918
['0733Nuwayri.NihayatArab'],No Cluster,No Cluster,No Cluster,895,920
['0733Nuwayri.NihayatArab'],['0845Maqrizi.MusawwadatMawaciz'],No Cluster,No Cluster,897,922
['0588IbnMamun.AkhbarMisr'],['0588IbnMamun.AkhbarMisr'],No Cluster,No Cluster,903,931
['0845Maqrizi.ItticazHunafa'],['0617IbnTuwayr.NuzhatMuqlatayn'],['0821Qalqashandi.SubhAcsha'],No Cluster,909,935
['0617IbnTuwayr.NuzhatMuqlatayn'],['0617IbnTuwayr.NuzhatMuqlatayn'],No Cluster,No Cluster,909,936
['0617IbnTuwayr.NuzhatMuqlatayn'],['0821Qalqashandi.SubhAcsha'],No Cluster,No Cluster,910,937
['0617IbnTuwayr.NuzhatMuqlatayn'],['0821Qalqashandi.SubhAcsha'],No Cluster,No Cluster,910,938
['0845Maqrizi.MusawwadatMawaciz'],No Cluster,No Cluster,No Cluster,915,942
['0588IbnMamun.AkhbarMisr'],['0588IbnMamun.AkhbarMisr'],No Cluster,No Cluster,929,950
['0588IbnMamun.AkhbarMisr'],['0588IbnMamun.AkhbarMisr'],No Cluster,No Cluster,929,951
['0588IbnMamun.AkhbarMisr'],['0845Maqrizi.MusawwadatMawaciz'],No Cluster,No Cluster,930,952
['0845Maqrizi.MusawwadatMawaciz'],['0588IbnMamun.AkhbarMisr'],No Cluster,No Cluster,930,953
['0617IbnTuwayr.NuzhatMuqlatayn'],['0617IbnTuwayr.NuzhatMuqlatayn'],No Cluster,No Cluster,933,957
['0845Maqrizi.MusawwadatMawaciz'],['0617IbnTuwayr.NuzhatMuqlatayn'],No Cluster,No Cluster,933,958
['0460Anonymous.DhakhairTuhaf'],['0460Anonymous.DhakhairTuhaf'],No Cluster,No Cluster,938,961
['0460Anonymous.DhakhairTuhaf'],['0845Maqrizi.ItticazHunafa'],No Cluster,No Cluster,938,962
['0617IbnTuwayr.NuzhatMuqlatayn'],['0617IbnTuwayr.NuzhatMuqlatayn'],No Cluster,No Cluster,942,965
['0617IbnTuwayr.NuzhatMuqlatayn'],['0617IbnTuwayr.NuzhatMuqlatayn'],No Cluster,No Cluster,942,966
['0617IbnTuwayr.NuzhatMuqlatayn'],['0617IbnTuwayr.NuzhatMuqlatayn'],No Cluster,No Cluster,943,967
['0588IbnMamun.AkhbarMisr'],"['0845Maqrizi.Muqaffa', '0845Maqrizi.MusawwadatMawaciz']",['0588IbnMamun.AkhbarMisr'],No Cluster,948,974
['0588IbnMamun.AkhbarMisr'],['0588IbnMamun.AkhbarMisr'],['0845Maqrizi.MusawwadatMawaciz'],No Cluster,948,975
['0845Maqrizi.MusawwadatMawaciz'],No Cluster,No Cluster,No Cluster,956,985
['0845Maqrizi.MusawwadatMawaciz'],No Cluster,No Cluster,No Cluster,958,986
['0845Maqrizi.MusawwadatMawaciz'],['0617IbnTuwayr.NuzhatMuqlatayn'],No Cluster,No Cluster,959,987
['0845Maqrizi.MusawwadatMawaciz'],['0617IbnTuwayr.NuzhatMuqlatayn'],No Cluster,No Cluster,959,988
['0845Maqrizi.MusawwadatMawaciz'],['0821Qalqashandi.SubhAcsha'],No Cluster,No Cluster,959,989
['0617IbnTuwayr.NuzhatMuqlatayn'],['0617IbnTuwayr.NuzhatMuqlatayn'],No Cluster,No Cluster,959,990
['0845Maqrizi.MusawwadatMawaciz'],['0845Maqrizi.MusawwadatMawaciz'],No Cluster,No Cluster,971,1008
['0845Maqrizi.MusawwadatMawaciz'],['0845Maqrizi.ItticazHunafa'],No Cluster,No Cluster,971,1009
['0845Maqrizi.MusawwadatMawaciz'],['0588IbnMamun.AkhbarMisr'],No Cluster,No Cluster,971,1010
['0845Maqrizi.MusawwadatMawaciz'],['0588IbnMamun.AkhbarMisr'],No Cluster,No Cluster,971,1011
['0845Maqrizi.MusawwadatMawaciz'],No Cluster,No Cluster,No Cluster,979,1016
['0588IbnMamun.AkhbarMisr'],['0588IbnMamun.AkhbarMisr'],No Cluster,No Cluster,983,1020
['0845Maqrizi.MusawwadatMawaciz'],['0588IbnMamun.AkhbarMisr'],No Cluster,No Cluster,983,1021
['0821Qalqashandi.SubhAcsha'],['0617IbnTuwayr.NuzhatMuqlatayn'],No Cluster,No Cluster,984,1022
['0617IbnTuwayr.NuzhatMuqlatayn'],['0542IbnMunjibTajRiyasaIbnSayrafi.Afdaliyyat'],No Cluster,No Cluster,985,1023
['0845Maqrizi.MusawwadatMawaciz'],No Cluster,No Cluster,No Cluster,988,1024
['0845Maqrizi.MusawwadatMawaciz'],['0588IbnMamun.AkhbarMisr'],No Cluster,No Cluster,992,1025
['0845Maqrizi.MusawwadatMawaciz'],['0588IbnMamun.AkhbarMisr'],No Cluster,No Cluster,1004,1040
['0588IbnMamun.AkhbarMisr'],['0588IbnMamun.AkhbarMisr'],No Cluster,No Cluster,1004,1041
['0617IbnTuwayr.NuzhatMuqlatayn'],['0845Maqrizi.MusawwadatMawaciz'],No Cluster,No Cluster,1005,1042
['0874IbnTaghribirdi.NujumZahira'],['0617IbnTuwayr.NuzhatMuqlatayn'],No Cluster,No Cluster,1005,1043
['0874IbnTaghribirdi.NujumZahira'],['0617IbnTuwayr.NuzhatMuqlatayn'],No Cluster,No Cluster,1005,1044
['0874IbnTaghribirdi.NujumZahira'],['0617IbnTuwayr.NuzhatMuqlatayn'],No Cluster,No Cluster,1005,1045
['0874IbnTaghribirdi.NujumZahira'],['0845Maqrizi.MusawwadatMawaciz'],No Cluster,No Cluster,1005,1046
['0874IbnTaghribirdi.NujumZahira'],['0845Maqrizi.MusawwadatMawaciz'],['0617IbnTuwayr.NuzhatMuqlatayn'],No Cluster,1006,1047
['0874IbnTaghribirdi.NujumZahira'],['0617IbnTuwayr.NuzhatMuqlatayn'],No Cluster,No Cluster,1006,1048
['0874IbnTaghribirdi.NujumZahira'],['0845Maqrizi.MusawwadatMawaciz'],No Cluster,No Cluster,1006,1049
['0617IbnTuwayr.NuzhatMuqlatayn'],['0845Maqrizi.MusawwadatMawaciz'],No Cluster,No Cluster,1007,1050
['0617IbnTuwayr.NuzhatMuqlatayn'],['0874IbnTaghribirdi.NujumZahira'],No Cluster,No Cluster,1007,1051
['0617IbnTuwayr.NuzhatMuqlatayn'],['0617IbnTuwayr.NuzhatMuqlatayn'],No Cluster,No Cluster,1007,1052
['0874IbnTaghribirdi.NujumZahira'],['0617IbnTuwayr.NuzhatMuqlatayn'],No Cluster,No Cluster,1008,1053
['0874IbnTaghribirdi.NujumZahira'],['0617IbnTuwayr.NuzhatMuqlatayn'],No Cluster,No Cluster,1008,1054
['0874IbnTaghribirdi.NujumZahira'],['0617IbnTuwayr.NuzhatMuqlatayn'],No Cluster,No Cluster,1008,1055
['0617IbnTuwayr.NuzhatMuqlatayn'],['0874IbnTaghribirdi.NujumZahira'],No Cluster,No Cluster,1008,1056
['0874IbnTaghribirdi.NujumZahira'],['0617IbnTuwayr.NuzhatMuqlatayn'],No Cluster,No Cluster,1009,1057
['0874IbnTaghribirdi.NujumZahira'],['0821Qalqashandi.SubhAcsha'],No Cluster,No Cluster,1009,1058
['0874IbnTaghribirdi.NujumZahira'],['0845Maqrizi.MusawwadatMawaciz'],['0617IbnTuwayr.NuzhatMuqlatayn'],No Cluster,1009,1059
['0617IbnTuwayr.NuzhatMuqlatayn'],['0617IbnTuwayr.NuzhatMuqlatayn'],No Cluster,No Cluster,1009,1060
['0617IbnTuwayr.NuzhatMuqlatayn'],['0617IbnTuwayr.NuzhatMuqlatayn'],No Cluster,No Cluster,1011,1064
['0821Qalqashandi.SubhAcsha'],['0845Maqrizi.MusawwadatMawaciz'],No Cluster,No Cluster,1011,1065
['0821Qalqashandi.SubhAcsha'],['0617IbnTuwayr.NuzhatMuqlatayn'],['0617IbnTuwayr.NuzhatMuqlatayn'],No Cluster,1011,1066
['0617IbnTuwayr.NuzhatMuqlatayn'],['0617IbnTuwayr.NuzhatMuqlatayn'],No Cluster,No Cluster,1012,1067
['0617IbnTuwayr.NuzhatMuqlatayn'],['0845Maqrizi.MusawwadatMawaciz'],No Cluster,No Cluster,1012,1068
['0821Qalqashandi.SubhAcsha'],['0874IbnTaghribirdi.NujumZahira'],No Cluster,No Cluster,1012,1069
['0588IbnMamun.AkhbarMisr'],['0845Maqrizi.MusawwadatMawaciz'],No Cluster,No Cluster,1021,1079
['0588IbnMamun.AkhbarMisr'],['0845Maqrizi.MusawwadatMawaciz'],No Cluster,No Cluster,1021,1080
['0845Maqrizi.MusawwadatMawaciz'],['0588IbnMamun.AkhbarMisr'],No Cluster,No Cluster,1021,1081
['0588IbnMamun.AkhbarMisr'],['0845Maqrizi.MusawwadatMawaciz'],No Cluster,No Cluster,1022,1082
['0845Maqrizi.MusawwadatMawaciz'],['0588IbnMamun.AkhbarMisr'],No Cluster,No Cluster,1022,1083
['0588IbnMamun.AkhbarMisr'],['0845Maqrizi.MusawwadatMawaciz'],No Cluster,No Cluster,1023,1084
['0588IbnMamun.AkhbarMisr'],['0588IbnMamun.AkhbarMisr'],No Cluster,No Cluster,1023,1085
['0874IbnTaghribirdi.NujumZahira'],['0617IbnTuwayr.NuzhatMuqlatayn'],['0617IbnTuwayr.NuzhatMuqlatayn'],No Cluster,1024,1086
['0874IbnTaghribirdi.NujumZahira'],['0845Maqrizi.MusawwadatMawaciz'],['0617IbnTuwayr.NuzhatMuqlatayn'],No Cluster,1024,1087
['0874IbnTaghribirdi.NujumZahira'],['0617IbnTuwayr.NuzhatMuqlatayn'],No Cluster,No Cluster,1024,1088
['0588IbnMamun.AkhbarMisr'],['0845Maqrizi.MusawwadatMawaciz'],No Cluster,No Cluster,1034,1099
"['0845Maqrizi.Muqaffa', '0845Maqrizi.ItticazHunafa']",['0845Maqrizi.MusawwadatMawaciz'],['0588IbnMamun.AkhbarMisr'],No Cluster,1040,1103
['0617IbnTuwayr.NuzhatMuqlatayn'],['0617IbnTuwayr.NuzhatMuqlatayn'],No Cluster,No Cluster,1044,1105
['0617IbnTuwayr.NuzhatMuqlatayn'],['0617IbnTuwayr.NuzhatMuqlatayn'],No Cluster,No Cluster,1050,1110
['0588IbnMamun.AkhbarMisr'],['0588IbnMamun.AkhbarMisr'],No Cluster,No Cluster,1051,1111
['0588IbnMamun.AkhbarMisr'],['0588IbnMamun.AkhbarMisr'],No Cluster,No Cluster,1051,1112
['0588IbnMamun.AkhbarMisr'],['0588IbnMamun.AkhbarMisr'],No Cluster,No Cluster,1052,1113
['0845Maqrizi.MusawwadatMawaciz'],['0588IbnMamun.AkhbarMisr'],No Cluster,No Cluster,1052,1114
['0617IbnTuwayr.NuzhatMuqlatayn'],['0617IbnTuwayr.NuzhatMuqlatayn'],No Cluster,No Cluster,1055,1117
['0588IbnMamun.AkhbarMisr'],['0588IbnMamun.AkhbarMisr'],No Cluster,No Cluster,1061,1120
['0617IbnTuwayr.NuzhatMuqlatayn'],['0617IbnTuwayr.NuzhatMuqlatayn'],No Cluster,No Cluster,1073,1122
['0845Maqrizi.MusawwadatMawaciz'],['0617IbnTuwayr.NuzhatMuqlatayn'],No Cluster,No Cluster,1078,1123
['0845Maqrizi.MusawwadatMawaciz'],['0617IbnTuwayr.NuzhatMuqlatayn'],No Cluster,No Cluster,1078,1124
['0588IbnMamun.AkhbarMisr'],"['0845Maqrizi.Muqaffa', '0845Maqrizi.MusawwadatMawaciz']",No Cluster,No Cluster,1079,1125
['0617IbnTuwayr.NuzhatMuqlatayn'],['0845Maqrizi.MusawwadatMawaciz'],No Cluster,No Cluster,1084,1128
['0874IbnTaghribirdi.NujumZahira'],['0617IbnTuwayr.NuzhatMuqlatayn'],No Cluster,No Cluster,1087,1130
['0874IbnTaghribirdi.NujumZahira'],['0617IbnTuwayr.NuzhatMuqlatayn'],No Cluster,No Cluster,1087,1131
['0874IbnTaghribirdi.NujumZahira'],['0617IbnTuwayr.NuzhatMuqlatayn'],No Cluster,No Cluster,1087,1132
['0845Maqrizi.MusawwadatMawaciz'],['0692IbnCabdZahir.RawdaBahiyya'],No Cluster,No Cluster,1093,1134
['0845Maqrizi.ItticazHunafa'],"['0764Safadi.WafiBiWafayat', '0764IbnShakirKutubi.FawatWafayat']",No Cluster,No Cluster,1097,1137
['0346Mascudi.MurujDhahab'],['0346Mascudi.MurujDhahab'],No Cluster,No Cluster,1108,1143
['0654SibtIbnJawzi.MiratZaman'],['0654SibtIbnJawzi.MiratZaman'],['0665AbuShama.Rawdatayn'],No Cluster,1110,1145
['0654SibtIbnJawzi.MiratZaman'],['0665AbuShama.Rawdatayn'],['0697IbnWasil.MufarrijKurub'],['0845Maqrizi.ItticazHunafa'],1110,1146
['0845Maqrizi.ItticazHunafa'],"['0845Maqrizi.Muqaffa', '0845Maqrizi.MusawwadatMawaciz']",No Cluster,No Cluster,1118,1149
['0845Maqrizi.Muqaffa'],['0845Maqrizi.MusawwadatMawaciz'],No Cluster,No Cluster,1118,1150
['0845Maqrizi.Muqaffa'],"['0845Maqrizi.Muqaffa', '0845Maqrizi.MusawwadatMawaciz']",No Cluster,No Cluster,1119,1151
['0692IbnCabdZahir.RawdaBahiyya'],['0845Maqrizi.MusawwadatMawaciz'],No Cluster,No Cluster,1121,1152
['0692IbnCabdZahir.RawdaBahiyya'],['0845Maqrizi.MusawwadatMawaciz'],No Cluster,No Cluster,1121,1153
['0845Maqrizi.MusawwadatMawaciz'],['0677IbnMuyassar.AkhbarMisr'],No Cluster,No Cluster,1123,1155
['0845Maqrizi.MusawwadatMawaciz'],['0677IbnMuyassar.AkhbarMisr'],No Cluster,No Cluster,1123,1156
['0845Maqrizi.MusawwadatMawaciz'],['0677IbnMuyassar.AkhbarMisr'],No Cluster,No Cluster,1123,1157
['0845Maqrizi.Muqaffa'],['0845Maqrizi.ItticazHunafa'],No Cluster,No Cluster,1131,1161
['0845Maqrizi.ItticazHunafa'],No Cluster,No Cluster,No Cluster,1132,1162
['0677IbnMuyassar.AkhbarMisr'],No Cluster,No Cluster,No Cluster,1143,1167
['0697IbnWasil.MufarrijKurub'],['0597CimadDinKatibIsfahani.Diwan'],No Cluster,No Cluster,1154,1170
['0697IbnWasil.MufarrijKurub'],['0597CimadDinKatibIsfahani.Diwan'],No Cluster,No Cluster,1154,1171
['0692IbnCabdZahir.RawdaBahiyya'],No Cluster,No Cluster,No Cluster,1159,1173
"['0764Safadi.WafiBiWafayat', '0764Safadi.AcyanCasr', '0764IbnShakirKutubi.FawatWafayat']",No Cluster,No Cluster,No Cluster,1161,1175
['0845Maqrizi.ItticazHunafa'],No Cluster,No Cluster,No Cluster,1172,1181
['0845Maqrizi.ItticazHunafa'],No Cluster,No Cluster,No Cluster,1177,1184
['0845Maqrizi.Suluk'],No Cluster,No Cluster,No Cluster,1181,1185
['0889IbnAhmadSakhawi.TuhfatAhbab'],No Cluster,No Cluster,No Cluster,1183,1186
"['0845Maqrizi.Muqaffa', '0845Maqrizi.ItticazHunafa']",['0845Maqrizi.Muqaffa'],No Cluster,No Cluster,1192,1193
['0845Maqrizi.DhahabMasbuk'],['0832TaqiFasi.CiqdThamin'],No Cluster,No Cluster,1195,1196
['0845Maqrizi.DurarCuqud'],No Cluster,No Cluster,No Cluster,1206,1198
['0764Safadi.AcyanCasr'],No Cluster,No Cluster,No Cluster,1208,1199
['0764Safadi.AcyanCasr'],No Cluster,No Cluster,No Cluster,1210,1200
['0764Safadi.AcyanCasr'],No Cluster,No Cluster,No Cluster,1212,1201
['0845Maqrizi.Muqaffa'],No Cluster,No Cluster,No Cluster,1223,1204
['0764Safadi.AcyanCasr'],"['0764Safadi.WafiBiWafayat', '0764Safadi.AcyanCasr', '0764IbnShakirKutubi.FawatWafayat']",No Cluster,No Cluster,1233,1206
['0764IbnShakirKutubi.FawatWafayat'],No Cluster,No Cluster,No Cluster,1234,1207
['0845Maqrizi.DurarCuqud'],['0807IbnFurat.TarikhDuwal'],['0807IbnFurat.TarikhDuwal'],No Cluster,1242,1209
['0845Maqrizi.Suluk'],No Cluster,No Cluster,No Cluster,1247,1213
"['0845Maqrizi.Suluk', '0845Maqrizi.Muqaffa']",No Cluster,No Cluster,No Cluster,1248,1214
['0845Maqrizi.MusawwadatMawaciz'],['0692IbnCabdZahir.RawdaBahiyya'],No Cluster,No Cluster,1254,1215
['0845Maqrizi.MusawwadatMawaciz'],No Cluster,No Cluster,No Cluster,1263,1220
['0845Maqrizi.MusawwadatMawaciz'],No Cluster,No Cluster,No Cluster,1268,1222
['0845Maqrizi.MusawwadatMawaciz'],No Cluster,No Cluster,No Cluster,1270,1223
['0845Maqrizi.MusawwadatMawaciz'],No Cluster,No Cluster,No Cluster,1271,1224
['0845Maqrizi.MusawwadatMawaciz'],No Cluster,No Cluster,No Cluster,1274,1226
"['0764Safadi.WafiBiWafayat', '0764Safadi.AcyanCasr']",No Cluster,No Cluster,No Cluster,1277,1228
"['0764Safadi.WafiBiWafayat', '0764Safadi.AcyanCasr']",No Cluster,No Cluster,No Cluster,1278,1229
['0845Maqrizi.DurarCuqud'],['0845Maqrizi.Suluk'],No Cluster,No Cluster,1282,1231
['0845Maqrizi.MusawwadatMawaciz'],No Cluster,No Cluster,No Cluster,1321,1241
['0845Maqrizi.MusawwadatMawaciz'],No Cluster,No Cluster,No Cluster,1327,1242
['0855BadrDinCayni.CiqdJuman'],No Cluster,No Cluster,No Cluster,1336,1243
['0692IbnCabdZahir.RawdaBahiyya'],No Cluster,No Cluster,No Cluster,1343,1244
['0845Maqrizi.Suluk'],No Cluster,No Cluster,No Cluster,1356,1245
['0809IbnDuqmaq.NuzhatAnam'],No Cluster,No Cluster,No Cluster,1357,1246
['0692IbnCabdZahir.RawdZahir'],No Cluster,No Cluster,No Cluster,1365,1248
['0692IbnCabdZahir.RawdaBahiyya'],No Cluster,No Cluster,No Cluster,1372,1249
['0458IbnSidaMursi.MuhkamWaMuhit'],No Cluster,No Cluster,No Cluster,1377,1250
['0889IbnAhmadSakhawi.TuhfatAhbab'],No Cluster,No Cluster,No Cluster,1414,1263
['0816AbuBakrMaraghi.TahqiqNusra'],No Cluster,No Cluster,No Cluster,1416,1264
['0845Maqrizi.Muqaffa'],['0764Safadi.AcyanCasr'],No Cluster,No Cluster,1417,1265
['0845Maqrizi.Muqaffa'],['0845Maqrizi.MusawwadatMawaciz'],No Cluster,No Cluster,1424,1271
['0615MuwaffaqDinShafici.MurshidZuwwar'],No Cluster,No Cluster,No Cluster,1464,1303
['0845Maqrizi.Muqaffa'],No Cluster,No Cluster,No Cluster,1466,1305
['0845Maqrizi.Muqaffa'],No Cluster,No Cluster,No Cluster,1468,1306
['0542IbnBassamShantarini.Dhakhira'],['0660IbnCadim.BughyatTalab'],No Cluster,No Cluster,1469,1307
['0660IbnCadim.BughyatTalab'],['0660IbnCadim.BughyatTalab'],No Cluster,No Cluster,1469,1308
['0660IbnCadim.BughyatTalab'],['0420Musabbihi.AkhbarMisr'],['0845Maqrizi.Muqaffa'],No Cluster,1470,1309
['0470MuayyadFiDinShirazi.Sira'],['0542IbnMunjibTajRiyasaIbnSayrafi.Ishara'],No Cluster,No Cluster,1471,1310
['0606IbnMamati.QawaninDawawin'],No Cluster,No Cluster,No Cluster,1476,1314
['0845Maqrizi.ItticazHunafa'],"['0764Safadi.WafiBiWafayat', '0764IbnShakirKutubi.FawatWafayat']",No Cluster,No Cluster,1482,1315
"['0764Safadi.WafiBiWafayat', '0764Safadi.AcyanCasr']",No Cluster,No Cluster,No Cluster,1499,1318
['0732AbuFida.MukhtasarFiAkhbar'],['0821Qalqashandi.SubhAcsha'],No Cluster,No Cluster,1502,1320
['0749ZaynDinIbnWardi.Tarikh'],['0732AbuFida.MukhtasarFiAkhbar'],No Cluster,No Cluster,1503,1321
['0749ZaynDinIbnWardi.Tarikh'],['0732AbuFida.MukhtasarFiAkhbar'],['0690IbnMujawirDimashqi.TarikhMustabsir'],No Cluster,1503,1322
['0749IbnFadlAllahCumari.MasalikAbsar'],['0732AbuFida.MukhtasarFiAkhbar'],No Cluster,No Cluster,1504,1323
['0732AbuFida.MukhtasarFiAkhbar'],['0749IbnFadlAllahCumari.MasalikAbsar'],No Cluster,No Cluster,1504,1324
['0749IbnFadlAllahCumari.MasalikAbsar'],['0749IbnFadlAllahCumari.MasalikAbsar'],No Cluster,No Cluster,1507,1325
['0749IbnFadlAllahCumari.MasalikAbsar'],['0821Qalqashandi.SubhAcsha'],No Cluster,No Cluster,1508,1326
['0749IbnFadlAllahCumari.MasalikAbsar'],['0749IbnFadlAllahCumari.MasalikAbsar'],No Cluster,No Cluster,1509,1327
['0350Balawi.SiratAhmadIbnTulun'],['0845Maqrizi.Muqaffa'],No Cluster,No Cluster,1518,1332
['0350Balawi.SiratAhmadIbnTulun'],['0845Maqrizi.Muqaffa'],No Cluster,No Cluster,1519,1333
['0350Balawi.SiratAhmadIbnTulun'],"['0350Balawi.SiratAhmadIbnTulun', '0350MuhammadKindi.WulatMisr']",No Cluster,No Cluster,1519,1334
['0350Balawi.SiratAhmadIbnTulun'],No Cluster,No Cluster,No Cluster,1520,1335
['0845Maqrizi.Muqaffa'],"['0350Balawi.SiratAhmadIbnTulun', '0350MuhammadKindi.WulatMisr']",No Cluster,No Cluster,1521,1336
['0350MuhammadKindi.WulatMisr'],['0350MuhammadKindi.WulatMisr'],['0845Maqrizi.Muqaffa'],No Cluster,1521,1337
['0911Suyuti.HusnMuhadara'],['0685IbnSacidMaghribi.Muqtataf'],No Cluster,No Cluster,1529,1343
['0911Suyuti.HusnMuhadara'],['0692IbnCabdZahir.RawdZahir'],No Cluster,No Cluster,1529,1344
['0911Suyuti.HusnMuhadara'],['0911Suyuti.HusnMuhadara'],No Cluster,No Cluster,1530,1345
['0257IbnCabdHakam.FutuhMisr'],No Cluster,No Cluster,No Cluster,1537,1346
['0845Maqrizi.MusawwadatMawaciz'],['0617IbnTuwayr.NuzhatMuqlatayn'],No Cluster,No Cluster,1550,1358
['0749IbnFadlAllahCumari.MasalikAbsar'],['0749IbnFadlAllahCumari.MasalikAbsar'],No Cluster,No Cluster,1566,1360
['0749IbnFadlAllahCumari.MasalikAbsar'],No Cluster,No Cluster,No Cluster,1567,1361
['0697IbnWasil.MufarrijKurub'],['0414AbuHayyanTawhidi.Basair'],No Cluster,No Cluster,1583,1375
['0725BaybarsMansuri.TuhfaMulukiyya'],No Cluster,No Cluster,No Cluster,1587,1377
['0749IbnFadlAllahCumari.MasalikAbsar'],['0749IbnFadlAllahCumari.MasalikAbsar'],No Cluster,No Cluster,1588,1378
['0749IbnFadlAllahCumari.MasalikAbsar'],['0749IbnFadlAllahCumari.MasalikAbsar'],No Cluster,No Cluster,1588,1379
['0749IbnFadlAllahCumari.MasalikAbsar'],No Cluster,No Cluster,No Cluster,1594,1381
['0749IbnFadlAllahCumari.MasalikAbsar'],No Cluster,No Cluster,No Cluster,1606,1386
['0749IbnFadlAllahCumari.MasalikAbsar'],['0821Qalqashandi.SubhAcsha'],No Cluster,No Cluster,1612,1389
['0845Maqrizi.Suluk'],No Cluster,No Cluster,No Cluster,1615,1390
['0749IbnFadlAllahCumari.MasalikAbsar'],No Cluster,No Cluster,No Cluster,1620,1391
['0749IbnFadlAllahCumari.MasalikAbsar'],['0749IbnFadlAllahCumari.MasalikAbsar'],No Cluster,No Cluster,1626,1394
['0845Maqrizi.DurarCuqud'],"['0845Maqrizi.Suluk', '0845Maqrizi.DurarCuqud']",No Cluster,No Cluster,1641,1397
['0845Maqrizi.Suluk'],No Cluster,No Cluster,No Cluster,1643,1398
['0845Maqrizi.DurarCuqud'],No Cluster,No Cluster,No Cluster,1648,1400
['0845Maqrizi.Suluk'],No Cluster,No Cluster,No Cluster,1651,1402
['0845Maqrizi.DurarCuqud'],No Cluster,No Cluster,No Cluster,1652,1403
['0845Maqrizi.Muqaffa'],No Cluster,No Cluster,No Cluster,1657,1404
['0911Suyuti.HusnMuhadara'],['0928MujirDinCulaymi.TarikhMuctabar'],No Cluster,No Cluster,1658,1405
['0845Maqrizi.Suluk'],No Cluster,No Cluster,No Cluster,1660,1406
['0845Maqrizi.DurarCuqud'],['0845Maqrizi.Muqaffa'],['0759MufaddalIbnAbiFadail.NahjSadid'],No Cluster,1663,1407
['0845Maqrizi.DurarCuqud'],"['0845Maqrizi.Suluk', '0845Maqrizi.Muqaffa']",No Cluster,No Cluster,1663,1408
['0845Maqrizi.DurarCuqud'],['0821Qalqashandi.SubhAcsha'],No Cluster,No Cluster,1664,1409
"['0821Qalqashandi.SubhAcsha', '0821Qalqashandi.Maathir']",No Cluster,No Cluster,No Cluster,1665,1410
['0845Maqrizi.Suluk'],No Cluster,No Cluster,No Cluster,1666,1411
['0889IbnAhmadSakhawi.TuhfatAhbab'],No Cluster,No Cluster,No Cluster,1668,1412
['0821Qalqashandi.SubhAcsha'],['0257IbnCabdHakam.FutuhMisr'],No Cluster,No Cluster,1674,1415
['0874IbnTaghribirdi.NujumZahira'],No Cluster,No Cluster,No Cluster,1678,1417
['0911Suyuti.HusnMuhadara'],['0852IbnHajarCasqalani.RafcIsr'],No Cluster,No Cluster,1680,1418
['0911Suyuti.HusnMuhadara'],['0845Maqrizi.Muqaffa'],No Cluster,No Cluster,1680,1419
['0911Suyuti.HusnMuhadara'],['0626YaqutHamawi.MucjamBuldan'],No Cluster,No Cluster,1681,1420
['0911Suyuti.HusnMuhadara'],No Cluster,No Cluster,No Cluster,1682,1421
['0911Suyuti.HusnMuhadara'],No Cluster,No Cluster,No Cluster,1694,1426
['0463IbnCabdBarr.IstidhkarJamic'],No Cluster,No Cluster,No Cluster,1700,1427
['0350MuhammadKindi.WulatMisr'],['0845Maqrizi.Muqaffa'],No Cluster,No Cluster,1708,1438
['0911Suyuti.HusnMuhadara'],No Cluster,No Cluster,No Cluster,1736,1447
['0692IbnCabdZahir.RawdaBahiyya'],['0261Khassaf.Hiyal'],No Cluster,No Cluster,1738,1448
['0692IbnCabdZahir.RawdaBahiyya'],['0692IbnCabdZahir.RawdaBahiyya'],No Cluster,No Cluster,1739,1449
['0911Suyuti.HusnMuhadara'],No Cluster,No Cluster,No Cluster,1742,1450
['0845Maqrizi.Suluk'],No Cluster,No Cluster,No Cluster,1744,1451
['0845Maqrizi.Suluk'],No Cluster,No Cluster,No Cluster,1745,1452
['0617IbnTuwayr.NuzhatMuqlatayn'],['0617IbnTuwayr.NuzhatMuqlatayn'],No Cluster,No Cluster,1754,1456
['0617IbnTuwayr.NuzhatMuqlatayn'],['0617IbnTuwayr.NuzhatMuqlatayn'],No Cluster,No Cluster,1754,1457
['0677IbnMuyassar.AkhbarMisr'],['0677IbnMuyassar.AkhbarMisr'],['0845Maqrizi.ItticazHunafa'],No Cluster,1762,1461
['0677IbnMuyassar.AkhbarMisr'],['0845Maqrizi.ItticazHunafa'],No Cluster,No Cluster,1762,1462
['0677IbnMuyassar.AkhbarMisr'],['0845Maqrizi.ItticazHunafa'],No Cluster,No Cluster,1763,1463
['0677IbnMuyassar.AkhbarMisr'],['0845Maqrizi.ItticazHunafa'],No Cluster,No Cluster,1763,1464
['0845Maqrizi.ItticazHunafa'],No Cluster,No Cluster,No Cluster,1765,1465
['0808IbnKhaldun.Tarikh'],No Cluster,No Cluster,No Cluster,1768,1466
['0458YahyaIbnSacidAntaki.Tarikh'],No Cluster,No Cluster,No Cluster,1769,1467
['0874IbnTaghribirdi.NujumZahira'],No Cluster,No Cluster,No Cluster,1780,1470
['0615MuwaffaqDinShafici.MurshidZuwwar'],No Cluster,No Cluster,No Cluster,1789,1472
['0749IbnFadlAllahCumari.MasalikAbsar'],['0749IbnFadlAllahCumari.MasalikAbsar'],['0749IbnFadlAllahCumari.MasalikAbsar'],No Cluster,1795,1473
['0726Yunini.DhaylMiratZaman'],['0726Yunini.DhaylMiratZaman'],No Cluster,No Cluster,1799,1475
['0692IbnCabdZahir.RawdZahir'],['0692IbnCabdZahir.RawdZahir'],['0845Maqrizi.Muqaffa'],No Cluster,1800,1476
['0692IbnCabdZahir.RawdZahir'],['0692IbnCabdZahir.RawdZahir'],No Cluster,No Cluster,1800,1477
['0726Yunini.DhaylMiratZaman'],"['0726Yunini.DhaylMiratZaman', '0726IbnSuqaci.TaliWafayat']",No Cluster,No Cluster,1801,1478
['0684IbnShaddad.TarikhMalikZahir'],No Cluster,No Cluster,No Cluster,1803,1479
['0874IbnTaghribirdi.ManhalSafi'],['0764Safadi.AcyanCasr'],No Cluster,No Cluster,1812,1482
['0874IbnTaghribirdi.ManhalSafi'],"['0764Safadi.WafiBiWafayat', '0764Safadi.AcyanCasr']",['0845Maqrizi.Muqaffa'],No Cluster,1812,1483
['0764Safadi.AcyanCasr'],No Cluster,No Cluster,No Cluster,1815,1484
['0764Safadi.AcyanCasr'],['0764Safadi.WafiBiWafayat'],No Cluster,No Cluster,1824,1487
"['0764Safadi.WafiBiWafayat', '0764Safadi.AcyanCasr']",No Cluster,No Cluster,No Cluster,1826,1488
"['0874IbnTaghribirdi.NujumZahira', '0874IbnTaghribirdi.ManhalSafi', '0874IbnTaghribirdi.MawridLatafa']",No Cluster,No Cluster,No Cluster,1834,1492
['0874IbnTaghribirdi.NujumZahira'],No Cluster,No Cluster,No Cluster,1835,1493
['0626YaqutHamawi.MucjamUdaba'],['0764Safadi.WafiBiWafayat'],No Cluster,No Cluster,1839,1494
['0626YaqutHamawi.MucjamUdaba'],['0626YaqutHamawi.MucjamUdaba'],No Cluster,No Cluster,1839,1495
['0764Safadi.WafiBiWafayat'],['0626YaqutHamawi.MucjamUdaba'],No Cluster,No Cluster,1839,1496
['0845Maqrizi.DurarCuqud'],No Cluster,No Cluster,No Cluster,1841,1498
['0845Maqrizi.DurarCuqud'],No Cluster,No Cluster,No Cluster,1842,1499
['0845Maqrizi.DurarCuqud'],No Cluster,No Cluster,No Cluster,1844,1500
['0845Maqrizi.DurarCuqud'],No Cluster,No Cluster,No Cluster,1845,1501
['0845Maqrizi.DurarCuqud'],No Cluster,No Cluster,No Cluster,1847,1503
['0889IbnAhmadSakhawi.TuhfatAhbab'],No Cluster,No Cluster,No Cluster,1857,1504
['0456IbnHazm.IhkamFiUsulAhkam'],No Cluster,No Cluster,No Cluster,1863,1506
['0456IbnHazm.IhkamFiUsulAhkam'],['0456IbnHazm.IhkamFiUsulAhkam'],No Cluster,No Cluster,1864,1507
['0456IbnHazm.IhkamFiUsulAhkam'],['0456IbnHazm.IhkamFiUsulAhkam'],No Cluster,No Cluster,1864,1508
['0456IbnHazm.IhkamFiUsulAhkam'],['0726CallamaHilli.NihayatWusul'],No Cluster,No Cluster,1864,1509
['0456IbnHazm.IhkamFiUsulAhkam'],['0456IbnHazm.IhkamFiUsulAhkam'],No Cluster,No Cluster,1864,1510
['0456IbnHazm.IhkamFiUsulAhkam'],['0360Ramhurmuzi.MuhaddithFasil'],No Cluster,No Cluster,1866,1511
['0456IbnHazm.IhkamFiUsulAhkam'],['0488IbnFutuhHumaydi.JamcBaynaSahihayn'],No Cluster,No Cluster,1866,1512
['0456IbnHazm.IhkamFiUsulAhkam'],No Cluster,No Cluster,No Cluster,1867,1513
['0347IbnYunusSadafi.Tarikh'],No Cluster,No Cluster,No Cluster,1868,1514
['0310Tabari.Tarikh'],['0211CabdRazzaqSancani.Musannaf'],No Cluster,No Cluster,1874,1523
['0350MuhammadKindi.WulatMisr'],['0350MuhammadKindi.WulatMisr'],No Cluster,No Cluster,1881,1524
['0350MuhammadKindi.WulatMisr'],['0350MuhammadKindi.WulatMisr'],No Cluster,No Cluster,1882,1525
['0845Maqrizi.Muqaffa'],No Cluster,No Cluster,No Cluster,1886,1528
['0845Maqrizi.ItticazHunafa'],No Cluster,No Cluster,No Cluster,1887,1529
['0808IbnKhaldun.Tarikh'],No Cluster,No Cluster,No Cluster,1888,1530
['0808IbnKhaldun.Tarikh'],No Cluster,No Cluster,No Cluster,1889,1531
['0429IbnTahirBaghdadi.FarqBaynaFiraq'],No Cluster,No Cluster,No Cluster,1904,1539
['0324Ashcari.MaqalatIslamiyyin'],['0324Ashcari.MaqalatIslamiyyin'],No Cluster,No Cluster,1911,1544
['0324Ashcari.MaqalatIslamiyyin'],['0548Shahrastani.MilalWaNihal'],No Cluster,No Cluster,1911,1545
['0548Shahrastani.MilalWaNihal'],No Cluster,No Cluster,No Cluster,1912,1546
['0322AbuHatimRazi.Zina'],['0548Shahrastani.MilalWaNihal'],No Cluster,No Cluster,1914,1547
['0429IbnTahirBaghdadi.FarqBaynaFiraq'],No Cluster,No Cluster,No Cluster,1917,1548
['0630IbnAthirCizzDin.Kamil'],No Cluster,No Cluster,No Cluster,1924,1549
['0334Azdi.TarikhMawsil'],No Cluster,No Cluster,No Cluster,1927,1550
['0764Safadi.WafiBiWafayat'],['0548Shahrastani.MilalWaNihal'],No Cluster,No Cluster,1930,1554
['0764Safadi.WafiBiWafayat'],['0548Shahrastani.MilalWaNihal'],No Cluster,No Cluster,1930,1555
['0764Safadi.WafiBiWafayat'],['0548Shahrastani.MilalWaNihal'],No Cluster,No Cluster,1930,1556
['0764Safadi.WafiBiWafayat'],['0548Shahrastani.MilalWaNihal'],No Cluster,No Cluster,1930,1557
['0764Safadi.WafiBiWafayat'],['0548Shahrastani.MilalWaNihal'],No Cluster,No Cluster,1930,1558
['0764Safadi.WafiBiWafayat'],No Cluster,No Cluster,No Cluster,1931,1559
['0656IbnCabdQawiMundhiri.TakmilaLiWafayatNaqala'],No Cluster,No Cluster,No Cluster,1941,1561
['0615MuwaffaqDinShafici.MurshidZuwwar'],['0927Nucaymi.DarisFiMadaris'],No Cluster,No Cluster,1944,1562
['0615MuwaffaqDinShafici.MurshidZuwwar'],['0597CimadDinKatibIsfahani.KharidatQasr'],No Cluster,No Cluster,1944,1563
['0615MuwaffaqDinShafici.MurshidZuwwar'],['0615MuwaffaqDinShafici.MurshidZuwwar'],No Cluster,No Cluster,1944,1564
['0681IbnKhallikan.WafayatAcyan'],['0681IbnKhallikan.WafayatAcyan'],No Cluster,No Cluster,1947,1566
['0845Maqrizi.Muqaffa'],No Cluster,No Cluster,No Cluster,1948,1567
['0845Maqrizi.Suluk'],No Cluster,No Cluster,No Cluster,1951,1568
['0726Yunini.DhaylMiratZaman'],No Cluster,No Cluster,No Cluster,1953,1570
['0656IbnCabdQawiMundhiri.TakmilaLiWafayatNaqala'],['0656IbnCabdQawiMundhiri.TakmilaLiWafayatNaqala'],['0733Nuwayri.NihayatArab'],No Cluster,1954,1571
['0845Maqrizi.Muqaffa'],"['0764Safadi.WafiBiWafayat', '0764IbnShakirKutubi.FawatWafayat']",No Cluster,No Cluster,1957,1573
['0748Dhahabi.TarikhIslam'],No Cluster,No Cluster,No Cluster,1964,1574
['0845Maqrizi.Suluk'],No Cluster,No Cluster,No Cluster,1965,1575
['0597IbnJawzi.Muntazam'],No Cluster,No Cluster,No Cluster,1971,1579
['0733Nuwayri.NihayatArab'],No Cluster,No Cluster,No Cluster,1975,1580
['0845Maqrizi.Suluk'],No Cluster,No Cluster,No Cluster,1976,1581
['0807IbnFurat.TarikhDuwal'],No Cluster,No Cluster,No Cluster,1985,1583
['0845Maqrizi.Suluk'],No Cluster,No Cluster,No Cluster,1990,1586
['0889IbnAhmadSakhawi.TuhfatAhbab'],No Cluster,No Cluster,No Cluster,2002,1588
['0733Nuwayri.NihayatArab'],['0911Suyuti.HusnMuhadara'],No Cluster,No Cluster,2015,1590
['0889IbnAhmadSakhawi.TuhfatAhbab'],No Cluster,No Cluster,No Cluster,2016,1591
['0845Maqrizi.Suluk'],No Cluster,No Cluster,No Cluster,2017,1592
['0764Safadi.AcyanCasr'],No Cluster,No Cluster,No Cluster,2023,1594
['0889IbnAhmadSakhawi.TuhfatAhbab'],No Cluster,No Cluster,No Cluster,2026,1596
['0733Nuwayri.NihayatArab'],No Cluster,No Cluster,No Cluster,2027,1597
['0845Maqrizi.KhabarCanBashar'],No Cluster,No Cluster,No Cluster,2033,1599
['0843IbnKhatibNasiriyya.DurrMuntakhab'],['0843IbnKhatibNasiriyya.DurrMuntakhab'],No Cluster,No Cluster,2034,1600
['0845Maqrizi.Muqaffa'],['0588IbnMamun.AkhbarMisr'],['0692IbnCabdZahir.RawdaBahiyya'],No Cluster,2036,1601
['0845Maqrizi.Muqaffa'],No Cluster,No Cluster,No Cluster,2039,1604
['0911Suyuti.HusnMuhadara'],No Cluster,No Cluster,No Cluster,2044,1607
['0845Maqrizi.DurarCuqud'],['0852IbnHajarCasqalani.InbaGhumr'],No Cluster,No Cluster,2055,1610
['0845Maqrizi.Muqaffa'],No Cluster,No Cluster,No Cluster,2058,1611
['0772IbnHasanJamalDinIsnawi.TabaqatShaficiyya'],No Cluster,No Cluster,No Cluster,2062,1612
"['0764Safadi.WafiBiWafayat', '0764Safadi.AcyanCasr']",No Cluster,No Cluster,No Cluster,2066,1614
['0726Yunini.DhaylMiratZaman'],['0748Dhahabi.TarikhIslam'],No Cluster,No Cluster,2076,1619
['0889IbnAhmadSakhawi.TuhfatAhbab'],No Cluster,No Cluster,No Cluster,2079,1620
['0864Jazairi.IbtisamGhurus'],['0864Jazairi.IbtisamGhurus'],No Cluster,No Cluster,2080,1621
['0562Samcani.Ansab'],['0631SayfDinAmidi.AbkarAfkar'],No Cluster,No Cluster,2084,1623
['0562Samcani.Ansab'],['0562Samcani.Ansab'],No Cluster,No Cluster,2084,1624
['0889IbnAhmadSakhawi.TuhfatAhbab'],['0749IbnFadlAllahCumari.MasalikAbsar'],No Cluster,No Cluster,2085,1625
['0630IbnAthirCizzDin.Kamil'],['0310Tabari.Tarikh'],['0421Miskawayh.Tajarib'],No Cluster,2096,1652
['0421Miskawayh.Tajarib'],['0421Miskawayh.Tajarib'],['0310Tabari.Tarikh'],No Cluster,2096,1653
['0421Miskawayh.Tajarib'],['0630IbnAthirCizzDin.Kamil'],No Cluster,No Cluster,2096,1654
['0214IbnCabdHakamMisri.SiratCumarIbnCabdCaziz'],['0277IbnSufyanFasawi.MacrifaWaTarikh'],No Cluster,No Cluster,2098,1656
['0889IbnAhmadSakhawi.TuhfatAhbab'],No Cluster,No Cluster,No Cluster,2100,1659
['0889IbnAhmadSakhawi.TuhfatAhbab'],No Cluster,No Cluster,No Cluster,2109,1669
['0845Maqrizi.ItticazHunafa'],No Cluster,No Cluster,No Cluster,2119,1672
['0615MuwaffaqDinShafici.MurshidZuwwar'],['0615MuwaffaqDinShafici.MurshidZuwwar'],No Cluster,No Cluster,2126,1674
['0615MuwaffaqDinShafici.MurshidZuwwar'],['0350MuhammadKindi.WulatMisr'],No Cluster,No Cluster,2126,1675
['0889IbnAhmadSakhawi.TuhfatAhbab'],No Cluster,No Cluster,No Cluster,2143,1683
['0845Maqrizi.KhabarCanBashar'],No Cluster,No Cluster,No Cluster,2145,1684
['0845Maqrizi.KhabarCanBashar'],['0600PseudoMascudi.AkhbarZaman'],['0487AbuCubaydBakri.MasalikWaMamalik'],No Cluster,2148,1687
['0845Maqrizi.KhabarCanBashar'],['0808IbnKhaldun.Tarikh'],['0600PseudoMascudi.AkhbarZaman'],No Cluster,2149,1688
['0845Maqrizi.KhabarCanBashar'],['0808IbnKhaldun.Tarikh'],No Cluster,No Cluster,2150,1689
['0845Maqrizi.KhabarCanBashar'],['0808IbnKhaldun.Tarikh'],No Cluster,No Cluster,2153,1692
['0845Maqrizi.KhabarCanBashar'],['0255Jahiz.BayanWaTabyin'],No Cluster,No Cluster,2156,1693
['0845Maqrizi.KhabarCanBashar'],['0440AbuRayhanBiruni.AtharBaqiya'],No Cluster,No Cluster,2162,1695
['0845Maqrizi.KhabarCanBashar'],['0440AbuRayhanBiruni.AtharBaqiya'],No Cluster,No Cluster,2163,1696
"['0845Maqrizi.KhabarCanBashar', '0845Maqrizi.DawSari']",['0845Maqrizi.DawSari'],No Cluster,No Cluster,2180,1699
['0845Maqrizi.KhabarCanBashar'],No Cluster,No Cluster,No Cluster,2193,1703
['0808IbnKhaldun.Tarikh'],No Cluster,No Cluster,No Cluster,2200,1704
['0821Qalqashandi.SubhAcsha'],No Cluster,No Cluster,No Cluster,2207,1705
['0845Maqrizi.Muqaffa'],No Cluster,No Cluster,No Cluster,2208,1706
['0310Tabari.Tarikh'],['0630IbnAthirCizzDin.Kamil'],No Cluster,No Cluster,2211,1707
['0310Tabari.Tarikh'],['0310Tabari.Tarikh'],No Cluster,No Cluster,2211,1708
['0821Qalqashandi.SubhAcsha'],No Cluster,No Cluster,No Cluster,2212,1709
['0821Qalqashandi.SubhAcsha'],No Cluster,No Cluster,No Cluster,2213,1710
['0821Qalqashandi.SubhAcsha'],No Cluster,No Cluster,No Cluster,2215,1711
['0821Qalqashandi.SubhAcsha'],No Cluster,No Cluster,No Cluster,2216,1712
['0400IbnTahirMaqdisi.BadWaTarikh'],No Cluster,No Cluster,No Cluster,2225,1715
['0400IbnTahirMaqdisi.BadWaTarikh'],['0400IbnTahirMaqdisi.BadWaTarikh'],No Cluster,No Cluster,2226,1716
['0400IbnTahirMaqdisi.BadWaTarikh'],['0400IbnTahirMaqdisi.BadWaTarikh'],No Cluster,No Cluster,2226,1717
['0581AbuQasimSuhayli.RawdUnuf'],No Cluster,No Cluster,No Cluster,2235,1724
['0350MuhammadKindi.WulatMisr'],No Cluster,No Cluster,No Cluster,2247,1729
['0845Maqrizi.Suluk'],No Cluster,No Cluster,No Cluster,2250,1731
['0845Maqrizi.Suluk'],No Cluster,No Cluster,No Cluster,2259,1736
