parent_cl_book,level_1_book,level_2_book,level_3_book,ms,row_id
['0930IbnIyas.NuzhatUmam'],['0845Maqrizi.MusawwadatMawaciz'],No Cluster,No Cluster,1,0
['0845Maqrizi.MusawwadatMawaciz'],['0845Maqrizi.MusawwadatMawaciz'],No Cluster,No Cluster,2,1
['0845Maqrizi.MusawwadatMawaciz'],['0845Maqrizi.DurarCuqud'],No Cluster,No Cluster,3,2
['0845Maqrizi.MusawwadatMawaciz'],['0356AbuCaliQali.AmaliFiLugha'],No Cluster,No Cluster,3,3
['0845Maqrizi.MusawwadatMawaciz'],"['0845Maqrizi.MusawwadatMawaciz', '0845Maqrizi.KhabarCanBashar']",No Cluster,No Cluster,5,4
['0845Maqrizi.MusawwadatMawaciz'],['0845Maqrizi.MusawwadatMawaciz'],No Cluster,No Cluster,5,5
['0845Maqrizi.MusawwadatMawaciz'],['0845Maqrizi.MusawwadatMawaciz'],No Cluster,No Cluster,5,6
['0845Maqrizi.MusawwadatMawaciz'],['0845Maqrizi.MusawwadatMawaciz'],No Cluster,No Cluster,6,7
['0845Maqrizi.MusawwadatMawaciz'],['0845Maqrizi.MusawwadatMawaciz'],No Cluster,No Cluster,6,8
['0845Maqrizi.MusawwadatMawaciz'],['0845Maqrizi.MusawwadatMawaciz'],['0845Maqrizi.MusawwadatMawaciz'],No Cluster,6,9
['0845Maqrizi.MusawwadatMawaciz'],['0845Maqrizi.MusawwadatMawaciz'],No Cluster,No Cluster,6,10
['0845Maqrizi.MusawwadatMawaciz'],['0845Maqrizi.MusawwadatMawaciz'],No Cluster,No Cluster,7,11
['0845Maqrizi.MusawwadatMawaciz'],['0845Maqrizi.MusawwadatMawaciz'],No Cluster,No Cluster,7,12
['0845Maqrizi.MusawwadatMawaciz'],['0845Maqrizi.MusawwadatMawaciz'],No Cluster,No Cluster,7,13
['0845Maqrizi.MusawwadatMawaciz'],['0845Maqrizi.MusawwadatMawaciz'],No Cluster,No Cluster,7,14
['0733Nuwayri.NihayatArab'],['0845Maqrizi.KhabarCanBashar'],No Cluster,No Cluster,8,15
['0375IkhwanSafa.Rasail'],No Cluster,No Cluster,No Cluster,10,16
['0375IkhwanSafa.Rasail'],No Cluster,No Cluster,No Cluster,11,17
['0276IbnQutaybaDinawari.AdabKatib'],['0276IbnQutaybaDinawari.AdabKatib'],No Cluster,No Cluster,12,18
"['0375IkhwanSafa.Rasail', '0375IkhwanSafa.RisalatJamica']",['0375IkhwanSafa.RisalatJamica'],No Cluster,No Cluster,14,19
['0845Maqrizi.KhabarCanBashar'],['0375IkhwanSafa.Rasail'],No Cluster,No Cluster,16,23
['0845Maqrizi.KhabarCanBashar'],['0375AnonymousTranslator.TarikhCalamUrusiyus'],No Cluster,No Cluster,20,30
['0845Maqrizi.KhabarCanBashar'],['0375AnonymousTranslator.TarikhCalamUrusiyus'],No Cluster,No Cluster,20,31
['0845Maqrizi.KhabarCanBashar'],['0845Maqrizi.KhabarCanBashar'],No Cluster,No Cluster,20,32
['0845Maqrizi.KhabarCanBashar'],['0375IkhwanSafa.Rasail'],No Cluster,No Cluster,20,33
['0930IbnIyas.NuzhatUmam'],['0375IkhwanSafa.Rasail'],No Cluster,No Cluster,21,34
['0375IkhwanSafa.Rasail'],['0292Yacqubi.Tarikh'],No Cluster,No Cluster,21,35
['0845Maqrizi.KhabarCanBashar'],['0845Maqrizi.KhabarCanBashar'],No Cluster,No Cluster,22,36
['0845Maqrizi.KhabarCanBashar'],['0300IbnRusta.AclaqNafisa'],No Cluster,No Cluster,23,37
['0845Maqrizi.KhabarCanBashar'],['0300IbnRusta.AclaqNafisa'],No Cluster,No Cluster,23,38
['0845Maqrizi.KhabarCanBashar'],['0218HajjajIbnYusufIbnMatar.Majisti'],No Cluster,No Cluster,24,39
['0845Maqrizi.KhabarCanBashar'],['0300IbnRusta.AclaqNafisa'],No Cluster,No Cluster,25,40
['0360HamzaIsfahani.TarikhSini'],No Cluster,No Cluster,No Cluster,27,41
['0375AnonymousTranslator.TarikhCalamUrusiyus'],No Cluster,No Cluster,No Cluster,28,42
['0845Maqrizi.KhabarCanBashar'],['0845Maqrizi.KhabarCanBashar'],No Cluster,No Cluster,31,43
['0930IbnIyas.NuzhatUmam'],['0845Maqrizi.KhabarCanBashar'],['0733Nuwayri.NihayatArab'],No Cluster,34,44
['0930IbnIyas.NuzhatUmam'],['0733Nuwayri.NihayatArab'],No Cluster,No Cluster,34,45
['0930IbnIyas.NuzhatUmam'],['0449AbuCalaMacarri.RisalatSahilWaShajih'],['0845Maqrizi.KhabarCanBashar'],No Cluster,36,48
['0930IbnIyas.NuzhatUmam'],['0874IbnTaghribirdi.NujumZahira'],No Cluster,No Cluster,36,49
['0874IbnTaghribirdi.NujumZahira'],['0733Nuwayri.NihayatArab'],No Cluster,No Cluster,37,50
['0874IbnTaghribirdi.NujumZahira'],['0600PseudoMascudi.AkhbarZaman'],No Cluster,No Cluster,37,51
['0874IbnTaghribirdi.NujumZahira'],['0596IbnWasifShah.MukhtasarCajaibDunya'],No Cluster,No Cluster,37,52
['0930IbnIyas.NuzhatUmam'],['0596IbnWasifShah.MukhtasarCajaibDunya'],No Cluster,No Cluster,38,53
['0596IbnWasifShah.MukhtasarCajaibDunya'],['0874IbnTaghribirdi.NujumZahira'],['0596IbnWasifShah.MukhtasarCajaibDunya'],No Cluster,38,54
['0596IbnWasifShah.MukhtasarCajaibDunya'],['0596IbnWasifShah.MukhtasarCajaibDunya'],['0596IbnWasifShah.MukhtasarCajaibDunya'],No Cluster,38,55
['0213IbnHisham.Tijan'],['0845Maqrizi.KhabarCanBashar'],No Cluster,No Cluster,40,57
['0213IbnHisham.Tijan'],['0213IbnHisham.Tijan'],No Cluster,No Cluster,40,58
['0930IbnIyas.NuzhatUmam'],['0733Nuwayri.NihayatArab'],No Cluster,No Cluster,60,86
['0736IbnDawadari.KanzDurar'],['0717CabbasSafadi.NuzhatMalikWaMamluk'],['0257IbnCabdHakam.FutuhMisr'],['0736IbnDawadari.KanzDurar'],62,88
['0257IbnCabdHakam.FutuhMisr'],['0783IbnHadida.MisbahMudi'],No Cluster,No Cluster,65,98
['0821Qalqashandi.SubhAcsha'],['0821Qalqashandi.SubhAcsha'],No Cluster,No Cluster,67,102
['0930IbnIyas.NuzhatUmam'],['0350MuhammadKindi.FadailMisr'],No Cluster,No Cluster,67,103
['0930IbnIyas.NuzhatUmam'],['0814IbnZayyat.KawakibSayyara'],['0692IbnCabdZahir.RawdaBahiyya'],['0350MuhammadKindi.FadailMisr'],68,104
['0930IbnIyas.NuzhatUmam'],['0911Suyuti.HusnMuhadara'],No Cluster,No Cluster,68,105
['0600PseudoMascudi.AkhbarZaman'],['0733Nuwayri.NihayatArab'],No Cluster,No Cluster,70,109
['0600PseudoMascudi.AkhbarZaman'],['0600PseudoMascudi.AkhbarZaman'],['0487AbuCubaydBakri.MasalikWaMamalik'],No Cluster,70,110
['0596IbnWasifShah.MukhtasarCajaibDunya'],['0600PseudoMascudi.AkhbarZaman'],['0487AbuCubaydBakri.MasalikWaMamalik'],No Cluster,71,111
['0596IbnWasifShah.MukhtasarCajaibDunya'],['0733Nuwayri.NihayatArab'],No Cluster,No Cluster,71,112
['0487AbuCubaydBakri.MasalikWaMamalik'],['0487AbuCubaydBakri.MasalikWaMamalik'],No Cluster,No Cluster,71,113
['0930IbnIyas.NuzhatUmam'],['0733Nuwayri.NihayatArab'],No Cluster,No Cluster,72,114
['0930IbnIyas.NuzhatUmam'],['0733Nuwayri.NihayatArab'],No Cluster,No Cluster,72,115
['0930IbnIyas.NuzhatUmam'],['0600PseudoMascudi.AkhbarZaman'],No Cluster,No Cluster,72,116
['0930IbnIyas.NuzhatUmam'],['0596IbnWasifShah.MukhtasarCajaibDunya'],No Cluster,No Cluster,74,120
['0930IbnIyas.NuzhatUmam'],['0733Nuwayri.NihayatArab'],No Cluster,No Cluster,74,121
['0733Nuwayri.NihayatArab'],['0733Nuwayri.NihayatArab'],No Cluster,No Cluster,75,122
['0930IbnIyas.NuzhatUmam'],['0733Nuwayri.NihayatArab'],No Cluster,No Cluster,75,123
['0930IbnIyas.NuzhatUmam'],['0596IbnWasifShah.MukhtasarCajaibDunya'],No Cluster,No Cluster,75,124
['0733Nuwayri.NihayatArab'],['0596IbnWasifShah.MukhtasarCajaibDunya'],No Cluster,No Cluster,76,125
['0733Nuwayri.NihayatArab'],['0596IbnWasifShah.MukhtasarCajaibDunya'],No Cluster,No Cluster,76,126
['0733Nuwayri.NihayatArab'],['0930IbnIyas.NuzhatUmam'],No Cluster,No Cluster,77,127
['0733Nuwayri.NihayatArab'],['0733Nuwayri.NihayatArab'],No Cluster,No Cluster,77,128
['0930IbnIyas.NuzhatUmam'],['0733Nuwayri.NihayatArab'],['0596IbnWasifShah.MukhtasarCajaibDunya'],No Cluster,78,129
['0930IbnIyas.NuzhatUmam'],['0600PseudoMascudi.AkhbarZaman'],No Cluster,No Cluster,78,130
['0930IbnIyas.NuzhatUmam'],['0596IbnWasifShah.MukhtasarCajaibDunya'],No Cluster,No Cluster,79,131
['0930IbnIyas.NuzhatUmam'],['0600PseudoMascudi.AkhbarZaman'],No Cluster,No Cluster,79,132
['0733Nuwayri.NihayatArab'],['0487AbuCubaydBakri.MasalikWaMamalik'],No Cluster,No Cluster,80,133
['0930IbnIyas.NuzhatUmam'],['0596IbnWasifShah.MukhtasarCajaibDunya'],No Cluster,No Cluster,81,134
['0733Nuwayri.NihayatArab'],['0596IbnWasifShah.MukhtasarCajaibDunya'],No Cluster,No Cluster,81,135
['0346Mascudi.MurujDhahab'],"['0255Jahiz.Hayawan', '0255Jahiz.MahasinWaAddad']",No Cluster,No Cluster,87,149
['0346Mascudi.MurujDhahab'],['0346Mascudi.MurujDhahab'],['0346Mascudi.MurujDhahab'],No Cluster,87,150
['0346Mascudi.MurujDhahab'],['0346Mascudi.MurujDhahab'],No Cluster,No Cluster,88,151
['0346Mascudi.MurujDhahab'],['0346Mascudi.MurujDhahab'],No Cluster,No Cluster,88,152
['0346Mascudi.MurujDhahab'],['0346Mascudi.MurujDhahab'],No Cluster,No Cluster,88,153
['0346Mascudi.MurujDhahab'],['0346Mascudi.MurujDhahab'],No Cluster,No Cluster,88,154
['0930IbnIyas.NuzhatUmam'],['0749IbnFadlAllahCumari.MasalikAbsar'],No Cluster,No Cluster,89,155
['0346Mascudi.MurujDhahab'],['0346Mascudi.MurujDhahab'],No Cluster,No Cluster,90,156
['0346Mascudi.MurujDhahab'],['0487AbuCubaydBakri.MasalikWaMamalik'],['0930IbnIyas.NuzhatUmam'],No Cluster,91,157
['0930IbnIyas.NuzhatUmam'],['0346Mascudi.MurujDhahab'],No Cluster,No Cluster,91,158
['0930IbnIyas.NuzhatUmam'],['0346Mascudi.MurujDhahab'],No Cluster,No Cluster,91,159
['0930IbnIyas.NuzhatUmam'],No Cluster,No Cluster,No Cluster,99,165
['0930IbnIyas.NuzhatUmam'],No Cluster,No Cluster,No Cluster,106,166
['0930IbnIyas.NuzhatUmam'],['0626YaqutHamawi.MucjamBuldan'],No Cluster,No Cluster,108,167
['0257IbnCabdHakam.FutuhMisr'],['0257IbnCabdHakam.FutuhMisr'],No Cluster,No Cluster,113,172
['0257IbnCabdHakam.FutuhMisr'],['0257IbnCabdHakam.FutuhMisr'],No Cluster,No Cluster,113,173
['0930IbnIyas.NuzhatUmam'],['0368IbnQulawayh.KamilZiyarat'],No Cluster,No Cluster,113,174
['0930IbnIyas.NuzhatUmam'],['0733Nuwayri.NihayatArab'],No Cluster,No Cluster,114,175
['0930IbnIyas.NuzhatUmam'],['0600PseudoMascudi.AkhbarZaman'],No Cluster,No Cluster,117,178
['0930IbnIyas.NuzhatUmam'],['0733Nuwayri.NihayatArab'],No Cluster,No Cluster,117,179
['0930IbnIyas.NuzhatUmam'],['0596IbnWasifShah.MukhtasarCajaibDunya'],No Cluster,No Cluster,117,180
['0930IbnIyas.NuzhatUmam'],['0733Nuwayri.NihayatArab'],No Cluster,No Cluster,118,181
['0596IbnWasifShah.MukhtasarCajaibDunya'],['0850ShihabDinIbshihi.Mustatraf'],No Cluster,No Cluster,118,182
['0930IbnIyas.NuzhatUmam'],['0600PseudoMascudi.AkhbarZaman'],No Cluster,No Cluster,118,183
['0375AnonymousTranslator.TarikhCalamUrusiyus'],['0375AnonymousTranslator.TarikhCalamUrusiyus'],No Cluster,No Cluster,120,186
['0375AnonymousTranslator.TarikhCalamUrusiyus'],['0375AnonymousTranslator.TarikhCalamUrusiyus'],No Cluster,No Cluster,120,187
['0911Suyuti.HusnMuhadara'],['0733Nuwayri.NihayatArab'],No Cluster,No Cluster,120,188
['0930IbnIyas.NuzhatUmam'],['0733Nuwayri.NihayatArab'],No Cluster,No Cluster,120,189
['0930IbnIyas.NuzhatUmam'],['0930IbnIyas.NuzhatUmam'],No Cluster,No Cluster,121,190
['0930IbnIyas.NuzhatUmam'],['0930IbnIyas.NuzhatUmam'],No Cluster,No Cluster,122,191
['0930IbnIyas.NuzhatUmam'],['0930IbnIyas.NuzhatUmam'],No Cluster,No Cluster,123,192
['0930IbnIyas.NuzhatUmam'],['0930IbnIyas.NuzhatUmam'],No Cluster,No Cluster,124,193
['0930IbnIyas.NuzhatUmam'],['0930IbnIyas.NuzhatUmam'],No Cluster,No Cluster,128,196
['0930IbnIyas.NuzhatUmam'],['0874IbnTaghribirdi.NujumZahira'],No Cluster,No Cluster,133,207
['0930IbnIyas.NuzhatUmam'],['0930IbnIyas.NuzhatUmam'],No Cluster,No Cluster,133,208
['0930IbnIyas.NuzhatUmam'],['0450AbuHasanMawardi.AhkamSultaniyya'],No Cluster,No Cluster,134,209
['0930IbnIyas.NuzhatUmam'],['0900IbnCabdMuncimHimyari.RawdMictar'],No Cluster,No Cluster,134,210
['0346Mascudi.MurujDhahab'],['0346Mascudi.MurujDhahab'],No Cluster,No Cluster,135,211
['0930IbnIyas.NuzhatUmam'],['0346Mascudi.MurujDhahab'],No Cluster,No Cluster,135,212
['0808IbnCimadDinShihabDinAqfahsi.AkhbarNilMisr'],['0346Mascudi.MurujDhahab'],No Cluster,No Cluster,135,213
['0930IbnIyas.NuzhatUmam'],['0677IbnMuyassar.AkhbarMisr'],['0363QadiNucman.KitabHimma'],No Cluster,137,214
['0930IbnIyas.NuzhatUmam'],['0682ZakariyaQazwini.CajaibMakhluqat'],No Cluster,No Cluster,148,225
['0646IbnBaytarAndalusi.JamicLiMufradat'],['0367IbnHawqal.SuratArd'],No Cluster,No Cluster,149,226
['0930IbnIyas.NuzhatUmam'],['0346Mascudi.MurujDhahab'],No Cluster,No Cluster,151,227
['0930IbnIyas.NuzhatUmam'],['0646IbnBaytarAndalusi.JamicLiMufradat'],No Cluster,No Cluster,151,228
['0930IbnIyas.NuzhatUmam'],['0784IbnMahmudJalalDinQahiri.UnsMala'],No Cluster,No Cluster,151,229
['0930IbnIyas.NuzhatUmam'],['0346Mascudi.MurujDhahab'],No Cluster,No Cluster,152,230
['0930IbnIyas.NuzhatUmam'],['0930IbnIyas.NuzhatUmam'],No Cluster,No Cluster,156,231
['0930IbnIyas.NuzhatUmam'],['0930IbnIyas.NuzhatUmam'],No Cluster,No Cluster,156,232
['0930IbnIyas.NuzhatUmam'],['0930IbnIyas.NuzhatUmam'],No Cluster,No Cluster,157,233
['0930IbnIyas.NuzhatUmam'],['0930IbnIyas.NuzhatUmam'],No Cluster,No Cluster,162,243
['0930IbnIyas.NuzhatUmam'],['0930IbnIyas.NuzhatUmam'],No Cluster,No Cluster,162,244
['0930IbnIyas.NuzhatUmam'],No Cluster,No Cluster,No Cluster,164,245
['0930IbnIyas.NuzhatUmam'],No Cluster,No Cluster,No Cluster,165,246
['0930IbnIyas.NuzhatUmam'],['0717CabbasSafadi.NuzhatMalikWaMamluk'],['0257IbnCabdHakam.FutuhMisr'],No Cluster,168,247
['0257IbnCabdHakam.FutuhMisr'],['0257IbnCabdHakam.FutuhMisr'],No Cluster,No Cluster,174,255
['0257IbnCabdHakam.FutuhMisr'],['0257IbnCabdHakam.FutuhMisr'],No Cluster,No Cluster,174,256
['0257IbnCabdHakam.FutuhMisr'],['0911Suyuti.HusnMuhadara'],No Cluster,No Cluster,174,257
['0251IbnZanjawayh.Amwal'],['0804IbnMulaqqin.BadrMunir'],No Cluster,No Cluster,174,258
['0257IbnCabdHakam.FutuhMisr'],['0257IbnCabdHakam.FutuhMisr'],No Cluster,No Cluster,177,265
['0257IbnCabdHakam.FutuhMisr'],['0257IbnCabdHakam.FutuhMisr'],No Cluster,No Cluster,177,266
['0257IbnCabdHakam.FutuhMisr'],['0911Suyuti.HusnMuhadara'],No Cluster,No Cluster,177,267
['0257IbnCabdHakam.FutuhMisr'],['0911Suyuti.JamicKabir'],No Cluster,No Cluster,178,268
['0257IbnCabdHakam.FutuhMisr'],['0230IbnSacd.TabaqatKubra'],No Cluster,No Cluster,178,269
"['0911Suyuti.JamicKabir', '0911Suyuti.HusnMuhadara']",['0975MuttaqiHindi.KanzCummal'],No Cluster,No Cluster,178,270
"['0911Suyuti.JamicKabir', '0911Suyuti.HusnMuhadara']",['0257IbnCabdHakam.FutuhMisr'],['0257IbnCabdHakam.FutuhMisr'],No Cluster,178,271
['0350MuhammadKindi.WulatMisr'],['0350MuhammadKindi.WulatMisr'],No Cluster,No Cluster,182,274
['0350MuhammadKindi.WulatMisr'],['0334Azdi.TarikhMawsil'],No Cluster,No Cluster,182,275
['0350MuhammadKindi.WulatMisr'],['0334Azdi.TarikhMawsil'],No Cluster,No Cluster,182,276
['0930IbnIyas.NuzhatUmam'],['0350MuhammadKindi.WulatMisr'],No Cluster,No Cluster,184,277
['0350MuhammadKindi.WulatMisr'],['0845Maqrizi.Muqaffa'],No Cluster,No Cluster,185,278
['0930IbnIyas.NuzhatUmam'],No Cluster,No Cluster,No Cluster,186,279
['0588IbnMamun.AkhbarMisr'],['0588IbnMamun.AkhbarMisr'],['0845Maqrizi.Muqaffa'],No Cluster,190,284
['0588IbnMamun.AkhbarMisr'],['0588IbnMamun.AkhbarMisr'],No Cluster,No Cluster,191,285
['0588IbnMamun.AkhbarMisr'],['0588IbnMamun.AkhbarMisr'],No Cluster,No Cluster,191,286
['0588IbnMamun.AkhbarMisr'],['0588IbnMamun.AkhbarMisr'],No Cluster,No Cluster,194,287
['0588IbnMamun.AkhbarMisr'],No Cluster,No Cluster,No Cluster,195,288
['0845Maqrizi.Suluk'],No Cluster,No Cluster,No Cluster,201,291
['0845Maqrizi.Suluk'],No Cluster,No Cluster,No Cluster,203,292
['0257IbnCabdHakam.FutuhMisr'],['0257IbnCabdHakam.FutuhMisr'],['0257IbnCabdHakam.FutuhMisr'],No Cluster,214,302
['0350MuhammadKindi.WulatMisr'],['0350MuhammadKindi.WulatMisr'],No Cluster,No Cluster,215,303
['0350MuhammadKindi.WulatMisr'],['0845Maqrizi.Bayan'],No Cluster,No Cluster,215,304
['0930IbnIyas.NuzhatUmam'],['0630IbnAthirCizzDin.LubabFiTahdhibAnsab'],No Cluster,No Cluster,216,305
['0257IbnCabdHakam.FutuhMisr'],['0930IbnIyas.BadaicZuhur'],No Cluster,No Cluster,226,317
['0845Maqrizi.Muqaffa'],No Cluster,No Cluster,No Cluster,228,318
['0733Nuwayri.NihayatArab'],['0930IbnIyas.NuzhatUmam'],No Cluster,No Cluster,234,319
['0930IbnIyas.NuzhatUmam'],['0733Nuwayri.NihayatArab'],No Cluster,No Cluster,235,320
['0930IbnIyas.NuzhatUmam'],['0733Nuwayri.NihayatArab'],No Cluster,No Cluster,235,321
['0930IbnIyas.NuzhatUmam'],No Cluster,No Cluster,No Cluster,243,324
['0930IbnIyas.NuzhatUmam'],['0807IbnFurat.TarikhDuwal'],No Cluster,No Cluster,244,325
['0733Nuwayri.NihayatArab'],No Cluster,No Cluster,No Cluster,246,327
['0588IbnMamun.AkhbarMisr'],No Cluster,No Cluster,No Cluster,252,331
['0596IbnWasifShah.MukhtasarCajaibDunya'],['0874IbnTaghribirdi.NujumZahira'],No Cluster,No Cluster,256,334
['0596IbnWasifShah.MukhtasarCajaibDunya'],['0649MuhammadIdrisi.Anwar'],No Cluster,No Cluster,256,335
['0930IbnIyas.NuzhatUmam'],['0600PseudoMascudi.AkhbarZaman'],No Cluster,No Cluster,256,336
['0733Nuwayri.NihayatArab'],['0600PseudoMascudi.AkhbarZaman'],No Cluster,No Cluster,257,337
['0911Suyuti.TuhfatKiram'],['0911Suyuti.HusnMuhadara'],['0649MuhammadIdrisi.Anwar'],['0600PseudoMascudi.AkhbarZaman'],258,338
['0911Suyuti.TuhfatKiram'],['0600PseudoMascudi.AkhbarZaman'],['0911Suyuti.HusnMuhadara'],No Cluster,258,339
['0733Nuwayri.NihayatArab'],['0600PseudoMascudi.AkhbarZaman'],No Cluster,No Cluster,258,340
['0930IbnIyas.NuzhatUmam'],['0600PseudoMascudi.AkhbarZaman'],No Cluster,No Cluster,259,341
['0814IbnZayyat.KawakibSayyara'],['0626YaqutHamawi.MucjamBuldan'],No Cluster,No Cluster,267,346
['0487AbuCubaydBakri.MasalikWaMamalik'],['0649MuhammadIdrisi.Anwar'],No Cluster,No Cluster,268,347
['0487AbuCubaydBakri.MasalikWaMamalik'],['0600PseudoMascudi.AkhbarZaman'],No Cluster,No Cluster,268,348
['0596IbnWasifShah.MukhtasarCajaibDunya'],['0487AbuCubaydBakri.MasalikWaMamalik'],No Cluster,No Cluster,268,349
['0626YaqutHamawi.MucjamBuldan'],['0626YaqutHamawi.MucjamBuldan'],No Cluster,No Cluster,268,350
['0626YaqutHamawi.MucjamBuldan'],['0626YaqutHamawi.MucjamBuldan'],No Cluster,No Cluster,271,356
['0626YaqutHamawi.MucjamBuldan'],['0528HakamIbnAbiSalt.Diwan'],No Cluster,No Cluster,271,357
['0626YaqutHamawi.MucjamBuldan'],['0930IbnIyas.NuzhatUmam'],['0649MuhammadIdrisi.Anwar'],No Cluster,271,358
['0681IbnKhallikan.WafayatAcyan'],['0597CimadDinKatibIsfahani.BustanJamic'],No Cluster,No Cluster,271,359
['0681IbnKhallikan.WafayatAcyan'],['0626YaqutHamawi.MucjamBuldan'],['0626YaqutHamawi.MucjamBuldan'],No Cluster,272,360
['0681IbnKhallikan.WafayatAcyan'],['0626YaqutHamawi.MucjamBuldan'],['0565AbuHamidGharnati.TuhfatAlbab'],No Cluster,272,361
['0681IbnKhallikan.WafayatAcyan'],['0649MuhammadIdrisi.Anwar'],No Cluster,No Cluster,272,362
['0649MuhammadIdrisi.Anwar'],['0450AbuHasanMawardi.AdabDunyaWaDin'],No Cluster,No Cluster,272,363
['0629CabdLatifBaghdadi.IfadaWaIctibar'],['0629CabdLatifBaghdadi.IfadaWaIctibar'],No Cluster,No Cluster,275,364
['0629CabdLatifBaghdadi.IfadaWaIctibar'],['0930IbnIyas.NuzhatUmam'],No Cluster,No Cluster,276,365
['0930IbnIyas.NuzhatUmam'],['0629CabdLatifBaghdadi.IfadaWaIctibar'],['0629CabdLatifBaghdadi.IfadaWaIctibar'],No Cluster,277,366
['0930IbnIyas.NuzhatUmam'],['0629CabdLatifBaghdadi.IfadaWaIctibar'],['0629CabdLatifBaghdadi.IfadaWaIctibar'],No Cluster,277,367
['0930IbnIyas.NuzhatUmam'],['0597CimadDinKatibIsfahani.KharidatQasr'],No Cluster,No Cluster,280,370
['0902Sakhawi.AjwibaMurdiyya'],['0350MuhammadKindi.FadailMisr'],['0350MuhammadKindi.FadailMisr'],No Cluster,283,372
['0257IbnCabdHakam.FutuhMisr'],['0257IbnCabdHakam.FutuhMisr'],No Cluster,No Cluster,283,373
['0615MuwaffaqDinShafici.MurshidZuwwar'],['0487AbuCubaydBakri.MasalikWaMamalik'],No Cluster,No Cluster,284,374
['0902Sakhawi.AjwibaMurdiyya'],['0350MuhammadKindi.FadailMisr'],No Cluster,No Cluster,284,375
['0902Sakhawi.AjwibaMurdiyya'],['0350MuhammadKindi.FadailMisr'],No Cluster,No Cluster,284,376
['0930IbnIyas.NuzhatUmam'],['0692IbnCabdZahir.RawdaBahiyya'],No Cluster,No Cluster,284,377
['0596IbnWasifShah.MukhtasarCajaibDunya'],['0733Nuwayri.NihayatArab'],No Cluster,No Cluster,296,384
['0930IbnIyas.NuzhatUmam'],['0733Nuwayri.NihayatArab'],['0596IbnWasifShah.MukhtasarCajaibDunya'],No Cluster,299,385
['0930IbnIyas.NuzhatUmam'],['0600PseudoMascudi.AkhbarZaman'],No Cluster,No Cluster,300,386
['0930IbnIyas.NuzhatUmam'],['0596IbnWasifShah.MukhtasarCajaibDunya'],No Cluster,No Cluster,300,387
['0930IbnIyas.NuzhatUmam'],No Cluster,No Cluster,No Cluster,301,388
['0600PseudoMascudi.AkhbarZaman'],No Cluster,No Cluster,No Cluster,302,389
['0600PseudoMascudi.AkhbarZaman'],['0930IbnIyas.NuzhatUmam'],No Cluster,No Cluster,303,390
['0600PseudoMascudi.AkhbarZaman'],['0733Nuwayri.NihayatArab'],No Cluster,No Cluster,303,391
['0930IbnIyas.NuzhatUmam'],['0733Nuwayri.NihayatArab'],No Cluster,No Cluster,304,392
['0930IbnIyas.NuzhatUmam'],['0600PseudoMascudi.AkhbarZaman'],No Cluster,No Cluster,304,393
['0930IbnIyas.NuzhatUmam'],['0930IbnIyas.NuzhatUmam'],No Cluster,No Cluster,304,394
['0930IbnIyas.NuzhatUmam'],No Cluster,No Cluster,No Cluster,306,395
['0487AbuCubaydBakri.MasalikWaMamalik'],['0487AbuCubaydBakri.MasalikWaMamalik'],No Cluster,No Cluster,310,399
['0596IbnWasifShah.MukhtasarCajaibDunya'],['0257IbnCabdHakam.FutuhMisr'],No Cluster,No Cluster,310,400
['0596IbnWasifShah.MukhtasarCajaibDunya'],['0814IbnZayyat.KawakibSayyara'],No Cluster,No Cluster,310,401
['0600PseudoMascudi.AkhbarZaman'],No Cluster,No Cluster,No Cluster,312,402
['0600PseudoMascudi.AkhbarZaman'],['0736IbnDawadari.KanzDurar'],No Cluster,No Cluster,313,403
['0733Nuwayri.NihayatArab'],No Cluster,No Cluster,No Cluster,316,404
['0600PseudoMascudi.AkhbarZaman'],No Cluster,No Cluster,No Cluster,324,408
['0736IbnDawadari.KanzDurar'],['0733Nuwayri.NihayatArab'],No Cluster,No Cluster,325,409
['0911Suyuti.HusnMuhadara'],['0257IbnCabdHakam.FutuhMisr'],No Cluster,No Cluster,327,411
['0375AnonymousTranslator.TarikhCalamUrusiyus'],['0375AnonymousTranslator.TarikhCalamUrusiyus'],No Cluster,No Cluster,328,412
['0733Nuwayri.NihayatArab'],['0733Nuwayri.NihayatArab'],No Cluster,No Cluster,333,413
['0733Nuwayri.NihayatArab'],['0596IbnWasifShah.MukhtasarCajaibDunya'],No Cluster,No Cluster,334,414
['0733Nuwayri.NihayatArab'],['0733Nuwayri.NihayatArab'],No Cluster,No Cluster,334,415
['0200YahyaIbnSalam.Tafsir'],['0257IbnCabdHakam.FutuhMisr'],No Cluster,No Cluster,337,420
['0200YahyaIbnSalam.Tafsir'],['0200YahyaIbnSalam.Tafsir'],['0200YahyaIbnSalam.Tafsir'],No Cluster,337,421
['0200YahyaIbnSalam.Tafsir'],['0213IbnHisham.SiraNabawiyya'],No Cluster,No Cluster,337,422
['0257IbnCabdHakam.FutuhMisr'],['0997IbnCaliSibahiZadehBursawi.AwdahMasalik'],No Cluster,No Cluster,340,428
['0346Mascudi.MurujDhahab'],['0346Mascudi.MurujDhahab'],No Cluster,No Cluster,340,429
['0346Mascudi.MurujDhahab'],['0346Mascudi.MurujDhahab'],No Cluster,No Cluster,340,430
['0346Mascudi.MurujDhahab'],['0346Mascudi.MurujDhahab'],No Cluster,No Cluster,340,431
['0346Mascudi.MurujDhahab'],['0346Mascudi.MurujDhahab'],No Cluster,No Cluster,340,432
['0346Mascudi.MurujDhahab'],['0733Nuwayri.NihayatArab'],No Cluster,No Cluster,342,434
['0375AnonymousTranslator.TarikhCalamUrusiyus'],['0375AnonymousTranslator.TarikhCalamUrusiyus'],No Cluster,No Cluster,344,437
['0845Maqrizi.KhabarCanBashar'],['0375AnonymousTranslator.TarikhCalamUrusiyus'],No Cluster,No Cluster,344,438
['0845Maqrizi.KhabarCanBashar'],['0375AnonymousTranslator.TarikhCalamUrusiyus'],No Cluster,No Cluster,345,439
['0845Maqrizi.KhabarCanBashar'],['0375AnonymousTranslator.TarikhCalamUrusiyus'],No Cluster,No Cluster,346,440
['0845Maqrizi.KhabarCanBashar'],['0375AnonymousTranslator.TarikhCalamUrusiyus'],No Cluster,No Cluster,346,441
['0845Maqrizi.KhabarCanBashar'],No Cluster,No Cluster,No Cluster,349,442
['0346Mascudi.MurujDhahab'],No Cluster,No Cluster,No Cluster,355,452
['0346Mascudi.MurujDhahab'],['0346Mascudi.MurujDhahab'],No Cluster,No Cluster,356,453
['0346Mascudi.MurujDhahab'],['0346Mascudi.MurujDhahab'],No Cluster,No Cluster,356,454
['0346Mascudi.MurujDhahab'],['0346Mascudi.MurujDhahab'],['0346Mascudi.MurujDhahab'],['0346Mascudi.MurujDhahab'],356,455
['0346Mascudi.MurujDhahab'],['0346Mascudi.MurujDhahab'],No Cluster,No Cluster,356,456
['0930IbnIyas.NuzhatUmam'],['0346Mascudi.MurujDhahab'],['0346Mascudi.MurujDhahab'],No Cluster,357,457
['0346Mascudi.TanbihWaIshraf'],['0346Mascudi.TanbihWaIshraf'],['0346Mascudi.TanbihWaIshraf'],No Cluster,359,460
['0346Mascudi.TanbihWaIshraf'],['0733Nuwayri.NihayatArab'],No Cluster,No Cluster,359,461
['0257IbnCabdHakam.FutuhMisr'],['0736IbnDawadari.KanzDurar'],['0257IbnCabdHakam.FutuhMisr'],No Cluster,363,465
['0257IbnCabdHakam.FutuhMisr'],['0257IbnCabdHakam.FutuhMisr'],No Cluster,No Cluster,363,466
['0257IbnCabdHakam.FutuhMisr'],['0257IbnCabdHakam.FutuhMisr'],['0257IbnCabdHakam.FutuhMisr'],No Cluster,363,467
['0257IbnCabdHakam.FutuhMisr'],['0257IbnCabdHakam.FutuhMisr'],No Cluster,No Cluster,364,468
['0257IbnCabdHakam.FutuhMisr'],['0257IbnCabdHakam.FutuhMisr'],No Cluster,No Cluster,364,469
['0487AbuCubaydBakri.MasalikWaMamalik'],['0487AbuCubaydBakri.MasalikWaMamalik'],No Cluster,No Cluster,365,470
['0487AbuCubaydBakri.MasalikWaMamalik'],['0487AbuCubaydBakri.MasalikWaMamalik'],No Cluster,No Cluster,365,471
['0930IbnIyas.NuzhatUmam'],No Cluster,No Cluster,No Cluster,366,472
['0257IbnCabdHakam.FutuhMisr'],['0257IbnCabdHakam.FutuhMisr'],No Cluster,No Cluster,374,480
['0257IbnCabdHakam.FutuhMisr'],['0257IbnCabdHakam.FutuhMisr'],No Cluster,No Cluster,374,481
['0634AbuRabicHimyari.Iktifa'],['0257IbnCabdHakam.FutuhMisr'],No Cluster,No Cluster,375,482
['0257IbnCabdHakam.FutuhMisr'],['0257IbnCabdHakam.FutuhMisr'],No Cluster,No Cluster,375,483
['0634AbuRabicHimyari.Iktifa'],['0257IbnCabdHakam.FutuhMisr'],['0257IbnCabdHakam.FutuhMisr'],['0241IbnHanbal.Zuhd'],380,499
['0634AbuRabicHimyari.Iktifa'],['0257IbnCabdHakam.FutuhMisr'],No Cluster,No Cluster,380,500
['0257IbnCabdHakam.FutuhMisr'],['0257IbnCabdHakam.FutuhMisr'],No Cluster,No Cluster,380,501
['0257IbnCabdHakam.FutuhMisr'],['0257IbnCabdHakam.FutuhMisr'],No Cluster,No Cluster,382,503
['0257IbnCabdHakam.FutuhMisr'],['0257IbnCabdHakam.FutuhMisr'],No Cluster,No Cluster,382,504
['0257IbnCabdHakam.FutuhMisr'],['0911Suyuti.HusnMuhadara'],No Cluster,No Cluster,384,507
['0257IbnCabdHakam.FutuhMisr'],['0257IbnCabdHakam.FutuhMisr'],No Cluster,No Cluster,384,508
['0911Suyuti.HusnMuhadara'],['0257IbnCabdHakam.FutuhMisr'],No Cluster,No Cluster,384,509
['0257IbnCabdHakam.FutuhMisr'],['0257IbnCabdHakam.FutuhMisr'],No Cluster,No Cluster,385,510
['0257IbnCabdHakam.FutuhMisr'],['0257IbnCabdHakam.FutuhMisr'],No Cluster,No Cluster,385,511
['0634AbuRabicHimyari.Iktifa'],['0257IbnCabdHakam.FutuhMisr'],No Cluster,No Cluster,386,512
['0845Maqrizi.Suluk'],No Cluster,No Cluster,No Cluster,394,515
['0350MuhammadKindi.WulatMisr'],No Cluster,No Cluster,No Cluster,410,521
['0930IbnIyas.NuzhatUmam'],No Cluster,No Cluster,No Cluster,413,522
['0930IbnIyas.NuzhatUmam'],No Cluster,No Cluster,No Cluster,416,524
['0930IbnIyas.NuzhatUmam'],No Cluster,No Cluster,No Cluster,419,526
['0600PseudoMascudi.AkhbarZaman'],No Cluster,No Cluster,No Cluster,425,532
['0310Tabari.JamicBayan'],['0346Mascudi.MurujDhahab'],No Cluster,No Cluster,428,533
['0346Mascudi.MurujDhahab'],['0900IbnCabdMuncimHimyari.RawdMictar'],No Cluster,No Cluster,428,534
['0900IbnCabdMuncimHimyari.RawdMictar'],No Cluster,No Cluster,No Cluster,431,536
['0930IbnIyas.NuzhatUmam'],No Cluster,No Cluster,No Cluster,434,538
['0930IbnIyas.NuzhatUmam'],['0930IbnIyas.NuzhatUmam'],No Cluster,No Cluster,438,540
['0930IbnIyas.NuzhatUmam'],No Cluster,No Cluster,No Cluster,440,541
['0930IbnIyas.NuzhatUmam'],No Cluster,No Cluster,No Cluster,442,542
['0930IbnIyas.NuzhatUmam'],No Cluster,No Cluster,No Cluster,444,543
['0930IbnIyas.NuzhatUmam'],No Cluster,No Cluster,No Cluster,446,544
['0845Maqrizi.Muqaffa'],No Cluster,No Cluster,No Cluster,451,546
['0458IbnSidaMursi.MuhkamWaMuhit'],['0711IbnManzurIfriqi.LisanCarab'],No Cluster,No Cluster,457,550
['0911Suyuti.HusnMuhadara'],['0257IbnCabdHakam.FutuhMisr'],['0257IbnCabdHakam.FutuhMisr'],No Cluster,457,551
['0845Maqrizi.Bayan'],No Cluster,No Cluster,No Cluster,458,552
['0930IbnIyas.NuzhatUmam'],['0614IbnJubayr.Rihla'],No Cluster,No Cluster,465,554
['0257IbnCabdHakam.FutuhMisr'],['0257IbnCabdHakam.FutuhMisr'],No Cluster,No Cluster,471,561
['0257IbnCabdHakam.FutuhMisr'],['0257IbnCabdHakam.FutuhMisr'],No Cluster,No Cluster,471,562
['0775IbnAbiWafa.JawahirMudiya'],No Cluster,No Cluster,No Cluster,472,563
['0626YaqutHamawi.MucjamBuldan'],No Cluster,No Cluster,No Cluster,473,564
['0588IbnMamun.AkhbarMisr'],['0588IbnMamun.AkhbarMisr'],No Cluster,No Cluster,485,577
['0588IbnMamun.AkhbarMisr'],['0845Maqrizi.ItticazHunafa'],No Cluster,No Cluster,485,578
['0902Sakhawi.AjwibaMurdiyya'],['0902Sakhawi.AjwibaMurdiyya'],No Cluster,No Cluster,489,582
['0930IbnIyas.NuzhatUmam'],['0350MuhammadKindi.WulatMisr'],No Cluster,No Cluster,489,583
['0930IbnIyas.NuzhatUmam'],['0350MuhammadKindi.WulatMisr'],['0350MuhammadKindi.WulatMisr'],No Cluster,490,584
['0930IbnIyas.NuzhatUmam'],['0845Maqrizi.ItticazHunafa'],No Cluster,No Cluster,491,585
['0845Maqrizi.Suluk'],['0930IbnIyas.NuzhatUmam'],No Cluster,No Cluster,493,586
['0630IbnAthirCizzDin.Kamil'],['0630IbnAthirCizzDin.Kamil'],No Cluster,No Cluster,494,587
['0845Maqrizi.Suluk'],['0845Maqrizi.Suluk'],No Cluster,No Cluster,494,588
['0630IbnAthirCizzDin.Kamil'],"['0749IbnFadlAllahCumari.MasalikAbsar', '0749ZaynDinIbnWardi.Tarikh']",No Cluster,No Cluster,499,591
['0930IbnIyas.NuzhatUmam'],['0845Maqrizi.Suluk'],No Cluster,No Cluster,500,592
['0930IbnIyas.NuzhatUmam'],['0930IbnIyas.NuzhatUmam'],No Cluster,No Cluster,500,593
['0809IbnDuqmaq.NuzhatAnam'],['0809IbnDuqmaq.NuzhatAnam'],No Cluster,No Cluster,501,594
['0845Maqrizi.Suluk'],['0809IbnDuqmaq.NuzhatAnam'],No Cluster,No Cluster,501,595
['0845Maqrizi.Suluk'],['0809IbnDuqmaq.NuzhatAnam'],['0809IbnDuqmaq.NuzhatAnam'],No Cluster,502,596
['0845Maqrizi.Suluk'],No Cluster,No Cluster,No Cluster,506,597
['0930IbnIyas.NuzhatUmam'],['0845Maqrizi.Suluk'],No Cluster,No Cluster,509,600
['0930IbnIyas.NuzhatUmam'],['0930IbnIyas.NuzhatUmam'],No Cluster,No Cluster,511,605
['0930IbnIyas.NuzhatUmam'],['0930IbnIyas.NuzhatUmam'],No Cluster,No Cluster,512,606
['0930IbnIyas.NuzhatUmam'],['0930IbnIyas.NuzhatUmam'],No Cluster,No Cluster,512,607
['0930IbnIyas.NuzhatUmam'],No Cluster,No Cluster,No Cluster,515,608
['0930IbnIyas.NuzhatUmam'],['0845Maqrizi.Suluk'],No Cluster,No Cluster,519,609
['0930IbnIyas.NuzhatUmam'],['0930IbnIyas.NuzhatUmam'],No Cluster,No Cluster,519,610
['0596IbnWasifShah.MukhtasarCajaibDunya'],['0487AbuCubaydBakri.MasalikWaMamalik'],['0596IbnWasifShah.MukhtasarCajaibDunya'],No Cluster,530,620
['0596IbnWasifShah.MukhtasarCajaibDunya'],['0487AbuCubaydBakri.MasalikWaMamalik'],No Cluster,No Cluster,530,621
['0749IbnFadlAllahCumari.MasalikAbsar'],['0911Suyuti.HusnMuhadara'],No Cluster,No Cluster,531,622
['0733Nuwayri.NihayatArab'],['0596IbnWasifShah.MukhtasarCajaibDunya'],No Cluster,No Cluster,534,623
['0733Nuwayri.NihayatArab'],['0600PseudoMascudi.AkhbarZaman'],No Cluster,No Cluster,534,624
['0733Nuwayri.NihayatArab'],['0600PseudoMascudi.AkhbarZaman'],No Cluster,No Cluster,534,625
['0733Nuwayri.NihayatArab'],['0600PseudoMascudi.AkhbarZaman'],No Cluster,No Cluster,535,626
['0930IbnIyas.NuzhatUmam'],['0845Maqrizi.DurarCuqud'],No Cluster,No Cluster,538,628
['0733Nuwayri.NihayatArab'],['0487AbuCubaydBakri.MasalikWaMamalik'],No Cluster,No Cluster,541,630
['0733Nuwayri.NihayatArab'],"['0600KatibMarrakushi.Istibsar', '0600PseudoMascudi.AkhbarZaman']",No Cluster,No Cluster,541,631
['0733Nuwayri.NihayatArab'],['0487AbuCubaydBakri.MasalikWaMamalik'],No Cluster,No Cluster,541,632
['0600PseudoMascudi.AkhbarZaman'],['0600KatibMarrakushi.Istibsar'],No Cluster,No Cluster,541,633
['0600PseudoMascudi.AkhbarZaman'],['0733Nuwayri.NihayatArab'],No Cluster,No Cluster,541,634
['0733Nuwayri.NihayatArab'],['0487AbuCubaydBakri.MasalikWaMamalik'],No Cluster,No Cluster,542,635
['0487AbuCubaydBakri.MasalikWaMamalik'],['0911Suyuti.NawadirAyk'],No Cluster,No Cluster,546,637
['0733Nuwayri.NihayatArab'],['0596IbnWasifShah.MukhtasarCajaibDunya'],No Cluster,No Cluster,548,639
['0600PseudoMascudi.AkhbarZaman'],['0596IbnWasifShah.MukhtasarCajaibDunya'],No Cluster,No Cluster,549,640
['0733Nuwayri.NihayatArab'],['0600PseudoMascudi.AkhbarZaman'],No Cluster,No Cluster,551,643
['0733Nuwayri.NihayatArab'],['0596IbnWasifShah.MukhtasarCajaibDunya'],No Cluster,No Cluster,551,644
['0928MujirDinCulaymi.FathRahman'],['0487AbuCubaydBakri.MasalikWaMamalik'],No Cluster,No Cluster,554,645
['0600PseudoMascudi.AkhbarZaman'],['0487AbuCubaydBakri.MasalikWaMamalik'],['0928MujirDinCulaymi.FathRahman'],No Cluster,556,646
['0600PseudoMascudi.AkhbarZaman'],['0596IbnWasifShah.MukhtasarCajaibDunya'],No Cluster,No Cluster,556,647
['0911Suyuti.HusnMuhadara'],['0257IbnCabdHakam.FutuhMisr'],['0257IbnCabdHakam.FutuhMisr'],No Cluster,559,648
['0911Suyuti.HusnMuhadara'],['0626YaqutHamawi.MucjamBuldan'],['0845Maqrizi.KhabarCanBashar'],No Cluster,559,649
['0911Suyuti.HusnMuhadara'],['0257IbnCabdHakam.FutuhMisr'],No Cluster,No Cluster,559,650
['0257IbnCabdHakam.FutuhMisr'],['0257IbnCabdHakam.FutuhMisr'],No Cluster,No Cluster,561,653
['0257IbnCabdHakam.FutuhMisr'],['0257IbnCabdHakam.FutuhMisr'],No Cluster,No Cluster,561,654
['0257IbnCabdHakam.FutuhMisr'],['0257IbnCabdHakam.FutuhMisr'],No Cluster,No Cluster,562,655
['0930IbnIyas.NuzhatUmam'],['0257IbnCabdHakam.FutuhMisr'],No Cluster,No Cluster,563,656
['0930IbnIyas.NuzhatUmam'],['0257IbnCabdHakam.FutuhMisr'],['0717CabbasSafadi.NuzhatMalikWaMamluk'],No Cluster,563,657
['0930IbnIyas.NuzhatUmam'],No Cluster,No Cluster,No Cluster,565,659
['0845Maqrizi.KhabarCanBashar'],No Cluster,No Cluster,No Cluster,571,662
['0375IkhwanSafa.Rasail'],No Cluster,No Cluster,No Cluster,572,663
['0845Maqrizi.KhabarCanBashar'],No Cluster,No Cluster,No Cluster,574,664
['0600PseudoMascudi.AkhbarZaman'],['0600PseudoMascudi.AkhbarZaman'],No Cluster,No Cluster,583,667
['0845Maqrizi.KhabarCanBashar'],['0600PseudoMascudi.AkhbarZaman'],No Cluster,No Cluster,584,668
"['0310Tabari.Tarikh', '0310Tabari.TahdhibAthar']",No Cluster,No Cluster,No Cluster,585,669
['0310Tabari.Tarikh'],['0310Tabari.Tarikh'],No Cluster,No Cluster,587,670
['0581AbuQasimSuhayli.RawdUnuf'],['0581AbuQasimSuhayli.RawdUnuf'],No Cluster,No Cluster,587,671
['0845Maqrizi.KhabarCanBashar'],No Cluster,No Cluster,No Cluster,592,674
['0440AbuRayhanBiruni.AtharBaqiya'],No Cluster,No Cluster,No Cluster,593,675
['0845Maqrizi.KhabarCanBashar'],No Cluster,No Cluster,No Cluster,594,676
['0440AbuRayhanBiruni.AtharBaqiya'],['0440AbuRayhanBiruni.AtharBaqiya'],['0845Maqrizi.KhabarCanBashar'],No Cluster,596,677
['0440AbuRayhanBiruni.AtharBaqiya'],['0845Maqrizi.KhabarCanBashar'],No Cluster,No Cluster,596,678
['0845Maqrizi.KhabarCanBashar'],['0845Maqrizi.KhabarCanBashar'],No Cluster,No Cluster,597,679
['0845Maqrizi.KhabarCanBashar'],['0845Maqrizi.KhabarCanBashar'],No Cluster,No Cluster,597,680
['0930IbnIyas.NuzhatUmam'],['0930IbnIyas.NuzhatUmam'],No Cluster,No Cluster,600,681
['0930IbnIyas.NuzhatUmam'],No Cluster,No Cluster,No Cluster,602,682
['0930IbnIyas.NuzhatUmam'],['0845Maqrizi.KhabarCanBashar'],No Cluster,No Cluster,603,683
['0930IbnIyas.NuzhatUmam'],['0764Safadi.WafiBiWafayat'],No Cluster,No Cluster,604,684
['0930IbnIyas.NuzhatUmam'],['0821Qalqashandi.SubhAcsha'],No Cluster,No Cluster,607,689
['0930IbnIyas.NuzhatUmam'],['0375AnonymousTranslator.TarikhCalamUrusiyus'],No Cluster,No Cluster,608,690
['0930IbnIyas.NuzhatUmam'],No Cluster,No Cluster,No Cluster,615,693
['0930IbnIyas.NuzhatUmam'],No Cluster,No Cluster,No Cluster,616,694
['0930IbnIyas.NuzhatUmam'],['0367IbnHawqal.SuratArd'],No Cluster,No Cluster,620,695
['0930IbnIyas.NuzhatUmam'],No Cluster,No Cluster,No Cluster,621,696
['0930IbnIyas.NuzhatUmam'],No Cluster,No Cluster,No Cluster,625,698
['0930IbnIyas.NuzhatUmam'],No Cluster,No Cluster,No Cluster,626,699
['0821Qalqashandi.Maathir'],"['0821Qalqashandi.SubhAcsha', '0821Qalqashandi.Maathir']",No Cluster,No Cluster,632,701
['0821Qalqashandi.Maathir'],"['0821Qalqashandi.SubhAcsha', '0821Qalqashandi.Maathir']",No Cluster,No Cluster,632,702
['0821Qalqashandi.Maathir'],['0821Qalqashandi.Maathir'],No Cluster,No Cluster,632,703
['0821Qalqashandi.Maathir'],"['0821Qalqashandi.SubhAcsha', '0821Qalqashandi.Maathir']",No Cluster,No Cluster,632,704
['0821Qalqashandi.SubhAcsha'],"['0821Qalqashandi.SubhAcsha', '0821Qalqashandi.Maathir']",No Cluster,No Cluster,633,705
['0821Qalqashandi.SubhAcsha'],['0654SibtIbnJawzi.MiratZaman'],No Cluster,No Cluster,635,707
['0588IbnMamun.AkhbarMisr'],['0588IbnMamun.AkhbarMisr'],No Cluster,No Cluster,638,709
['0845Maqrizi.KhabarCanBashar'],['0440AbuRayhanBiruni.AtharBaqiya'],No Cluster,No Cluster,643,710
['0930IbnIyas.NuzhatUmam'],['0440AbuRayhanBiruni.AtharBaqiya'],No Cluster,No Cluster,644,711
['0318AbuCarubaHarrani.Awail'],['0440AbuRayhanBiruni.AtharBaqiya'],No Cluster,No Cluster,645,712
['0845Maqrizi.ImtacAsmac'],['0845Maqrizi.KhabarCanBashar'],No Cluster,No Cluster,645,713
['0845Maqrizi.ImtacAsmac'],['0213IbnHisham.SiraNabawiyya'],['0634AbuRabicHimyari.Iktifa'],No Cluster,645,714
['0845Maqrizi.ImtacAsmac'],['0328AbuBakrIbnAnbari.SharhQasaidSabc'],No Cluster,No Cluster,645,715
['0213IbnHisham.SiraNabawiyya'],['0236AbuCabdAllahZubayri.NasabQuraysh'],No Cluster,No Cluster,646,716
['0213IbnHisham.SiraNabawiyya'],['0213IbnHisham.SiraNabawiyya'],['0213IbnHisham.SiraNabawiyya'],['0845Maqrizi.KhabarCanBashar'],646,717
['0213IbnHisham.SiraNabawiyya'],['0845Maqrizi.KhabarCanBashar'],No Cluster,No Cluster,646,718
['0845Maqrizi.KhabarCanBashar'],['0845Maqrizi.KhabarCanBashar'],No Cluster,No Cluster,646,719
['0257IbnCabdHakam.FutuhMisr'],['0257IbnCabdHakam.FutuhMisr'],No Cluster,No Cluster,657,726
['0257IbnCabdHakam.FutuhMisr'],['0257IbnCabdHakam.FutuhMisr'],['0257IbnCabdHakam.FutuhMisr'],No Cluster,657,727
['0257IbnCabdHakam.FutuhMisr'],['0634AbuRabicHimyari.Iktifa'],No Cluster,No Cluster,657,728
['0257IbnCabdHakam.FutuhMisr'],['0257IbnCabdHakam.FutuhMisr'],No Cluster,No Cluster,657,729
['0257IbnCabdHakam.FutuhMisr'],['0634AbuRabicHimyari.Iktifa'],No Cluster,No Cluster,658,730
['0257IbnCabdHakam.FutuhMisr'],['0257IbnCabdHakam.FutuhMisr'],No Cluster,No Cluster,658,731
['0733Nuwayri.NihayatArab'],['0257IbnCabdHakam.FutuhMisr'],No Cluster,No Cluster,658,732
['0634AbuRabicHimyari.Iktifa'],['0257IbnCabdHakam.FutuhMisr'],No Cluster,No Cluster,658,733
['0257IbnCabdHakam.FutuhMisr'],['0257IbnCabdHakam.FutuhMisr'],['0626YaqutHamawi.MucjamBuldan'],['0257IbnCabdHakam.FutuhMisr'],659,734
['0634AbuRabicHimyari.Iktifa'],['0257IbnCabdHakam.FutuhMisr'],No Cluster,No Cluster,660,735
['0634AbuRabicHimyari.Iktifa'],['0257IbnCabdHakam.FutuhMisr'],No Cluster,No Cluster,660,736
['0634AbuRabicHimyari.Iktifa'],['0257IbnCabdHakam.FutuhMisr'],['0257IbnCabdHakam.FutuhMisr'],No Cluster,661,737
['0257IbnCabdHakam.FutuhMisr'],['0874IbnTaghribirdi.NujumZahira'],['0257IbnCabdHakam.FutuhMisr'],['0257IbnCabdHakam.FutuhMisr'],662,738
['0257IbnCabdHakam.FutuhMisr'],['0257IbnCabdHakam.FutuhMisr'],No Cluster,No Cluster,662,739
['0257IbnCabdHakam.FutuhMisr'],['0257IbnCabdHakam.FutuhMisr'],['0257IbnCabdHakam.FutuhMisr'],No Cluster,662,740
['0257IbnCabdHakam.FutuhMisr'],['0257IbnCabdHakam.FutuhMisr'],['0257IbnCabdHakam.FutuhMisr'],No Cluster,663,741
['0257IbnCabdHakam.FutuhMisr'],['0257IbnCabdHakam.FutuhMisr'],['0257IbnCabdHakam.FutuhMisr'],No Cluster,663,742
['0257IbnCabdHakam.FutuhMisr'],['0257IbnCabdHakam.FutuhMisr'],['0257IbnCabdHakam.FutuhMisr'],No Cluster,665,747
['0257IbnCabdHakam.FutuhMisr'],['0257IbnCabdHakam.FutuhMisr'],No Cluster,No Cluster,665,748
['0257IbnCabdHakam.FutuhMisr'],['0634AbuRabicHimyari.Iktifa'],['0874IbnTaghribirdi.NujumZahira'],No Cluster,665,749
['0406IbnFurakIsbahani.MushkilHadith'],['0276IbnQutaybaDinawari.GharibHadith'],No Cluster,No Cluster,677,783
['0821Qalqashandi.SubhAcsha'],['0626YaqutHamawi.MucjamBuldan'],No Cluster,No Cluster,677,784
['0821Qalqashandi.SubhAcsha'],No Cluster,No Cluster,No Cluster,678,785
['0821Qalqashandi.SubhAcsha'],No Cluster,No Cluster,No Cluster,680,786
['0821Qalqashandi.SubhAcsha'],No Cluster,No Cluster,No Cluster,681,787
['0350MuhammadKindi.WulatMisr'],['0874IbnTaghribirdi.NujumZahira'],No Cluster,No Cluster,683,788
['0874IbnTaghribirdi.NujumZahira'],['0845Maqrizi.Muqaffa'],No Cluster,No Cluster,684,789
['0874IbnTaghribirdi.NujumZahira'],['0350MuhammadKindi.WulatMisr'],No Cluster,No Cluster,685,790
['0874IbnTaghribirdi.NujumZahira'],['0350MuhammadKindi.WulatMisr'],No Cluster,No Cluster,685,791
['0874IbnTaghribirdi.NujumZahira'],['0350MuhammadKindi.WulatMisr'],No Cluster,No Cluster,685,792
['0350MuhammadKindi.WulatMisr'],['0845Maqrizi.Muqaffa'],No Cluster,No Cluster,691,794
['0350MuhammadKindi.WulatMisr'],No Cluster,No Cluster,No Cluster,695,795
['0588IbnMamun.AkhbarMisr'],No Cluster,No Cluster,No Cluster,697,796
['0350MuhammadKindi.WulatMisr'],['0874IbnTaghribirdi.NujumZahira'],No Cluster,No Cluster,699,797
['0350MuhammadKindi.WulatMisr'],['0571IbnCasakir.TarikhDimashq'],No Cluster,No Cluster,700,798
['0350MuhammadKindi.WulatMisr'],['0874IbnTaghribirdi.NujumZahira'],No Cluster,No Cluster,702,799
['0350MuhammadKindi.WulatMisr'],['0874IbnTaghribirdi.NujumZahira'],No Cluster,No Cluster,704,800
['0350MuhammadKindi.WulatMisr'],['0874IbnTaghribirdi.NujumZahira'],No Cluster,No Cluster,705,801
['0350MuhammadKindi.WulatMisr'],['0874IbnTaghribirdi.NujumZahira'],No Cluster,No Cluster,705,802
['0350MuhammadKindi.WulatMisr'],No Cluster,No Cluster,No Cluster,706,803
['0808IbnKhaldun.Tarikh'],['0874IbnTaghribirdi.NujumZahira'],No Cluster,No Cluster,709,804
['0874IbnTaghribirdi.NujumZahira'],No Cluster,No Cluster,No Cluster,710,805
['0350MuhammadKindi.WulatMisr'],['0874IbnTaghribirdi.NujumZahira'],No Cluster,No Cluster,711,806
['0845Maqrizi.Muqaffa'],['0874IbnTaghribirdi.NujumZahira'],No Cluster,No Cluster,711,807
['0350MuhammadKindi.WulatMisr'],['0350MuhammadKindi.WulatMisr'],No Cluster,No Cluster,712,808
['0350MuhammadKindi.WulatMisr'],['0874IbnTaghribirdi.NujumZahira'],No Cluster,No Cluster,714,809
['0874IbnTaghribirdi.NujumZahira'],No Cluster,No Cluster,No Cluster,716,810
['0350Balawi.SiratAhmadIbnTulun'],['0350Balawi.SiratAhmadIbnTulun'],No Cluster,No Cluster,717,811
['0597IbnJawzi.Muntazam'],['0711IbnManzurIfriqi.MukhtasarTarikhDimashq'],No Cluster,No Cluster,717,812
['0845Maqrizi.Muqaffa'],['0350Balawi.SiratAhmadIbnTulun'],No Cluster,No Cluster,718,813
['0350MuhammadKindi.WulatMisr'],No Cluster,No Cluster,No Cluster,720,814
['0350Balawi.SiratAhmadIbnTulun'],['0350Balawi.SiratAhmadIbnTulun'],No Cluster,No Cluster,721,815
['0350Balawi.SiratAhmadIbnTulun'],No Cluster,No Cluster,No Cluster,722,816
['0874IbnTaghribirdi.NujumZahira'],['0874IbnTaghribirdi.NujumZahira'],['0874IbnTaghribirdi.NujumZahira'],No Cluster,724,817
['0874IbnTaghribirdi.NujumZahira'],['0874IbnTaghribirdi.NujumZahira'],No Cluster,No Cluster,724,818
['0874IbnTaghribirdi.NujumZahira'],['0874IbnTaghribirdi.NujumZahira'],No Cluster,No Cluster,725,819
['0874IbnTaghribirdi.NujumZahira'],['0874IbnTaghribirdi.NujumZahira'],No Cluster,No Cluster,725,820
['0874IbnTaghribirdi.NujumZahira'],['0874IbnTaghribirdi.NujumZahira'],No Cluster,No Cluster,726,821
['0874IbnTaghribirdi.NujumZahira'],['0874IbnTaghribirdi.NujumZahira'],No Cluster,No Cluster,726,822
['0874IbnTaghribirdi.NujumZahira'],['0874IbnTaghribirdi.NujumZahira'],No Cluster,No Cluster,728,823
['0350MuhammadKindi.WulatMisr'],['0350MuhammadKindi.WulatMisr'],No Cluster,No Cluster,734,824
['0350MuhammadKindi.WulatMisr'],['0350MuhammadKindi.WulatMisr'],['0350MuhammadKindi.WulatMisr'],No Cluster,736,825
['0350MuhammadKindi.WulatMisr'],['0874IbnTaghribirdi.NujumZahira'],['0845Maqrizi.Muqaffa'],No Cluster,736,826
['0350MuhammadKindi.WulatMisr'],['0350MuhammadKindi.WulatMisr'],No Cluster,No Cluster,739,830
['0350MuhammadKindi.WulatMisr'],['0350MuhammadKindi.WulatMisr'],No Cluster,No Cluster,739,831
['0350MuhammadKindi.WulatMisr'],['0350MuhammadKindi.WulatMisr'],No Cluster,No Cluster,739,832
['0350MuhammadKindi.WulatMisr'],['0350MuhammadKindi.WulatMisr'],['0350MuhammadKindi.WulatMisr'],No Cluster,740,833
['0350MuhammadKindi.WulatMisr'],['0874IbnTaghribirdi.NujumZahira'],No Cluster,No Cluster,740,834
['0874IbnTaghribirdi.NujumZahira'],['0350MuhammadKindi.WulatMisr'],No Cluster,No Cluster,748,836
['0874IbnTaghribirdi.NujumZahira'],['0350MuhammadKindi.WulatMisr'],No Cluster,No Cluster,749,837
['0845Maqrizi.Muqaffa'],['0350MuhammadKindi.WulatMisr'],No Cluster,No Cluster,749,838
['0874IbnTaghribirdi.NujumZahira'],No Cluster,No Cluster,No Cluster,750,839
['0432Mustaghfiri.DalailNubuwwa'],['0432Mustaghfiri.DalailNubuwwa'],No Cluster,No Cluster,761,840
['0444AbuCamrDani.SunanWarida'],['0383IbnCabbasKhwarizmi.MufidCulum'],No Cluster,No Cluster,761,841
['0677IbnMuyassar.AkhbarMisr'],No Cluster,No Cluster,No Cluster,764,842
['0845Maqrizi.ItticazHunafa'],No Cluster,No Cluster,No Cluster,769,843
['0845Maqrizi.MusawwadatMawaciz'],No Cluster,No Cluster,No Cluster,780,844
['0626YaqutHamawi.MucjamBuldan'],No Cluster,No Cluster,No Cluster,783,845
['0255Jahiz.Hayawan'],No Cluster,No Cluster,No Cluster,792,847
['0845Maqrizi.Muqaffa'],['0845Maqrizi.ItticazHunafa'],No Cluster,No Cluster,793,848
['0808IbnKhaldun.Tarikh'],['0845Maqrizi.ItticazHunafa'],No Cluster,No Cluster,794,849
['0845Maqrizi.ItticazHunafa'],No Cluster,No Cluster,No Cluster,795,850
['0845Maqrizi.ItticazHunafa'],No Cluster,No Cluster,No Cluster,797,851
['0845Maqrizi.ItticazHunafa'],['0845Maqrizi.ItticazHunafa'],No Cluster,No Cluster,801,852
['0845Maqrizi.ItticazHunafa'],['0845Maqrizi.ItticazHunafa'],No Cluster,No Cluster,801,853
['0717CabbasSafadi.NuzhatMalikWaMamluk'],['0749IbnFadlAllahCumari.MasalikAbsar'],No Cluster,No Cluster,806,856
['0717CabbasSafadi.NuzhatMalikWaMamluk'],['0874IbnTaghribirdi.NujumZahira'],No Cluster,No Cluster,806,857
['0845Maqrizi.ItticazHunafa'],No Cluster,No Cluster,No Cluster,807,858
['0845Maqrizi.ItticazHunafa'],No Cluster,No Cluster,No Cluster,809,859
['0470MuayyadFiDinShirazi.Sira'],No Cluster,No Cluster,No Cluster,810,860
"['0845Maqrizi.ItticazHunafa', '0845Maqrizi.IghathaUmma']",No Cluster,No Cluster,No Cluster,811,861
['0845Maqrizi.ItticazHunafa'],No Cluster,No Cluster,No Cluster,812,862
['0845Maqrizi.ItticazHunafa'],No Cluster,No Cluster,No Cluster,813,863
"['0845Maqrizi.Muqaffa', '0845Maqrizi.ItticazHunafa']",No Cluster,No Cluster,No Cluster,814,864
['0845Maqrizi.ItticazHunafa'],No Cluster,No Cluster,No Cluster,817,865
['0845Maqrizi.MusawwadatMawaciz'],No Cluster,No Cluster,No Cluster,825,867
['0845Maqrizi.MusawwadatMawaciz'],No Cluster,No Cluster,No Cluster,827,868
['0889IbnAhmadSakhawi.TuhfatAhbab'],No Cluster,No Cluster,No Cluster,829,869
['0845Maqrizi.MusawwadatMawaciz'],['0845Maqrizi.MusawwadatMawaciz'],No Cluster,No Cluster,834,871
['0845Maqrizi.MusawwadatMawaciz'],['0845Maqrizi.MusawwadatMawaciz'],No Cluster,No Cluster,835,872
['0845Maqrizi.MusawwadatMawaciz'],['0845Maqrizi.MusawwadatMawaciz'],No Cluster,No Cluster,835,873
['0845Maqrizi.MusawwadatMawaciz'],['0845Maqrizi.MusawwadatMawaciz'],No Cluster,No Cluster,836,874
['0845Maqrizi.MusawwadatMawaciz'],No Cluster,No Cluster,No Cluster,847,877
['0845Maqrizi.MusawwadatMawaciz'],No Cluster,No Cluster,No Cluster,854,878
['0692IbnCabdZahir.RawdaBahiyya'],['0736IbnDawadari.KanzDurar'],No Cluster,No Cluster,856,879
['0845Maqrizi.Muqaffa'],['0692IbnCabdZahir.RawdaBahiyya'],No Cluster,No Cluster,856,880
['0874IbnTaghribirdi.NujumZahira'],['0845Maqrizi.Muqaffa'],No Cluster,No Cluster,857,881
"['0845Maqrizi.Muqaffa', '0845Maqrizi.MusawwadatMawaciz']",No Cluster,No Cluster,No Cluster,859,882
['0643FathBundari.MukhtasarSanaBarqShami'],['0692IbnCabdZahir.RawdaBahiyya'],No Cluster,No Cluster,861,883
['0677IbnMuyassar.AkhbarMisr'],No Cluster,No Cluster,No Cluster,862,884
['0692IbnCabdZahir.RawdaBahiyya'],No Cluster,No Cluster,No Cluster,863,885
['0845Maqrizi.Muqaffa'],No Cluster,No Cluster,No Cluster,864,886
['0845Maqrizi.Muqaffa'],No Cluster,No Cluster,No Cluster,865,887
['0845Maqrizi.MusawwadatMawaciz'],No Cluster,No Cluster,No Cluster,867,888
['0845Maqrizi.MusawwadatMawaciz'],No Cluster,No Cluster,No Cluster,868,889
['0845Maqrizi.MusawwadatMawaciz'],No Cluster,No Cluster,No Cluster,869,890
['0845Maqrizi.MusawwadatMawaciz'],['0692IbnCabdZahir.RawdaBahiyya'],No Cluster,No Cluster,870,891
['0617IbnTuwayr.NuzhatMuqlatayn'],['0617IbnTuwayr.NuzhatMuqlatayn'],No Cluster,No Cluster,874,893
['0617IbnTuwayr.NuzhatMuqlatayn'],['0617IbnTuwayr.NuzhatMuqlatayn'],No Cluster,No Cluster,875,894
['0845Maqrizi.MusawwadatMawaciz'],['0617IbnTuwayr.NuzhatMuqlatayn'],['0617IbnTuwayr.NuzhatMuqlatayn'],No Cluster,875,895
['0845Maqrizi.MusawwadatMawaciz'],['0845Maqrizi.MusawwadatMawaciz'],No Cluster,No Cluster,877,896
['0845Maqrizi.MusawwadatMawaciz'],['0617IbnTuwayr.NuzhatMuqlatayn'],No Cluster,No Cluster,877,897
['0845Maqrizi.MusawwadatMawaciz'],['0617IbnTuwayr.NuzhatMuqlatayn'],No Cluster,No Cluster,877,898
['0617IbnTuwayr.NuzhatMuqlatayn'],['0845Maqrizi.MusawwadatMawaciz'],No Cluster,No Cluster,877,899
['0845Maqrizi.MusawwadatMawaciz'],['0617IbnTuwayr.NuzhatMuqlatayn'],No Cluster,No Cluster,880,900
['0845Maqrizi.MusawwadatMawaciz'],['0617IbnTuwayr.NuzhatMuqlatayn'],No Cluster,No Cluster,882,901
['0845Maqrizi.MusawwadatMawaciz'],['0617IbnTuwayr.NuzhatMuqlatayn'],No Cluster,No Cluster,882,902
['0845Maqrizi.MusawwadatMawaciz'],['0617IbnTuwayr.NuzhatMuqlatayn'],No Cluster,No Cluster,882,903
['0845Maqrizi.MusawwadatMawaciz'],['0617IbnTuwayr.NuzhatMuqlatayn'],No Cluster,No Cluster,882,904
['0617IbnTuwayr.NuzhatMuqlatayn'],['0845Maqrizi.MusawwadatMawaciz'],['0617IbnTuwayr.NuzhatMuqlatayn'],No Cluster,885,908
['0617IbnTuwayr.NuzhatMuqlatayn'],['0617IbnTuwayr.NuzhatMuqlatayn'],No Cluster,No Cluster,885,909
['0733Nuwayri.NihayatArab'],['0733Nuwayri.NihayatArab'],No Cluster,No Cluster,886,910
['0736IbnDawadari.KanzDurar'],['0733Nuwayri.NihayatArab'],No Cluster,No Cluster,887,911
['0736IbnDawadari.KanzDurar'],['0733Nuwayri.NihayatArab'],No Cluster,No Cluster,887,912
['0733Nuwayri.NihayatArab'],['0736IbnDawadari.KanzDurar'],No Cluster,No Cluster,888,913
['0845Maqrizi.MusawwadatMawaciz'],['0733Nuwayri.NihayatArab'],No Cluster,No Cluster,889,914
['0845Maqrizi.MusawwadatMawaciz'],['0733Nuwayri.NihayatArab'],No Cluster,No Cluster,889,915
['0845Maqrizi.MusawwadatMawaciz'],No Cluster,No Cluster,No Cluster,890,916
['0733Nuwayri.NihayatArab'],No Cluster,No Cluster,No Cluster,891,917
['0733Nuwayri.NihayatArab'],['0733Nuwayri.NihayatArab'],No Cluster,No Cluster,893,918
['0845Maqrizi.MusawwadatMawaciz'],['0733Nuwayri.NihayatArab'],No Cluster,No Cluster,894,919
['0845Maqrizi.MusawwadatMawaciz'],No Cluster,No Cluster,No Cluster,896,921
['0733Nuwayri.NihayatArab'],['0845Maqrizi.MusawwadatMawaciz'],No Cluster,No Cluster,897,922
['0845Maqrizi.MusawwadatMawaciz'],['0733Nuwayri.NihayatArab'],No Cluster,No Cluster,898,923
['0733Nuwayri.NihayatArab'],['0733Nuwayri.NihayatArab'],['0505Ghazali.Fadaih'],No Cluster,898,924
['0733Nuwayri.NihayatArab'],['0845Maqrizi.MusawwadatMawaciz'],No Cluster,No Cluster,898,925
['0821Qalqashandi.SubhAcsha'],['0617IbnTuwayr.NuzhatMuqlatayn'],No Cluster,No Cluster,900,927
['0821Qalqashandi.SubhAcsha'],['0617IbnTuwayr.NuzhatMuqlatayn'],No Cluster,No Cluster,900,928
['0617IbnTuwayr.NuzhatMuqlatayn'],['0617IbnTuwayr.NuzhatMuqlatayn'],No Cluster,No Cluster,901,929
['0617IbnTuwayr.NuzhatMuqlatayn'],['0845Maqrizi.ItticazHunafa'],No Cluster,No Cluster,902,930
['0588IbnMamun.AkhbarMisr'],['0617IbnTuwayr.NuzhatMuqlatayn'],No Cluster,No Cluster,904,932
['0617IbnTuwayr.NuzhatMuqlatayn'],['0617IbnTuwayr.NuzhatMuqlatayn'],No Cluster,No Cluster,907,933
['0617IbnTuwayr.NuzhatMuqlatayn'],['0617IbnTuwayr.NuzhatMuqlatayn'],No Cluster,No Cluster,907,934
['0845Maqrizi.ItticazHunafa'],['0617IbnTuwayr.NuzhatMuqlatayn'],['0821Qalqashandi.SubhAcsha'],No Cluster,909,935
['0617IbnTuwayr.NuzhatMuqlatayn'],['0617IbnTuwayr.NuzhatMuqlatayn'],No Cluster,No Cluster,909,936
['0617IbnTuwayr.NuzhatMuqlatayn'],['0821Qalqashandi.SubhAcsha'],No Cluster,No Cluster,910,937
['0617IbnTuwayr.NuzhatMuqlatayn'],['0821Qalqashandi.SubhAcsha'],No Cluster,No Cluster,910,938
['0821Qalqashandi.SubhAcsha'],['0845Maqrizi.ItticazHunafa'],No Cluster,No Cluster,911,939
['0821Qalqashandi.SubhAcsha'],['0617IbnTuwayr.NuzhatMuqlatayn'],No Cluster,No Cluster,911,940
['0845Maqrizi.ItticazHunafa'],['0617IbnTuwayr.NuzhatMuqlatayn'],No Cluster,No Cluster,912,941
['0845Maqrizi.MusawwadatMawaciz'],No Cluster,No Cluster,No Cluster,916,943
['0588IbnMamun.AkhbarMisr'],['0845Maqrizi.ItticazHunafa'],No Cluster,No Cluster,920,945
['0845Maqrizi.MusawwadatMawaciz'],['0845Maqrizi.MusawwadatMawaciz'],No Cluster,No Cluster,925,947
['0588IbnMamun.AkhbarMisr'],['0588IbnMamun.AkhbarMisr'],No Cluster,No Cluster,925,948
['0588IbnMamun.AkhbarMisr'],['0588IbnMamun.AkhbarMisr'],No Cluster,No Cluster,925,949
['0588IbnMamun.AkhbarMisr'],['0588IbnMamun.AkhbarMisr'],No Cluster,No Cluster,929,950
['0588IbnMamun.AkhbarMisr'],['0588IbnMamun.AkhbarMisr'],No Cluster,No Cluster,929,951
['0588IbnMamun.AkhbarMisr'],['0845Maqrizi.MusawwadatMawaciz'],No Cluster,No Cluster,930,952
['0845Maqrizi.MusawwadatMawaciz'],['0588IbnMamun.AkhbarMisr'],No Cluster,No Cluster,930,953
['0588IbnMamun.AkhbarMisr'],['0588IbnMamun.AkhbarMisr'],No Cluster,No Cluster,931,954
['0588IbnMamun.AkhbarMisr'],['0588IbnMamun.AkhbarMisr'],No Cluster,No Cluster,931,955
['0845Maqrizi.ItticazHunafa'],No Cluster,No Cluster,No Cluster,935,960
['0460Anonymous.DhakhairTuhaf'],['0460Anonymous.DhakhairTuhaf'],No Cluster,No Cluster,938,961
['0460Anonymous.DhakhairTuhaf'],['0845Maqrizi.ItticazHunafa'],No Cluster,No Cluster,938,962
['0845Maqrizi.ItticazHunafa'],No Cluster,No Cluster,No Cluster,940,964
['0617IbnTuwayr.NuzhatMuqlatayn'],['0617IbnTuwayr.NuzhatMuqlatayn'],No Cluster,No Cluster,943,967
['0845Maqrizi.ItticazHunafa'],No Cluster,No Cluster,No Cluster,945,968
['0845Maqrizi.ItticazHunafa'],['0460Anonymous.DhakhairTuhaf'],No Cluster,No Cluster,946,969
['0588IbnMamun.AkhbarMisr'],['0588IbnMamun.AkhbarMisr'],No Cluster,No Cluster,947,970
['0845Maqrizi.MusawwadatMawaciz'],['0617IbnTuwayr.NuzhatMuqlatayn'],No Cluster,No Cluster,947,971
['0845Maqrizi.MusawwadatMawaciz'],['0617IbnTuwayr.NuzhatMuqlatayn'],No Cluster,No Cluster,947,972
['0845Maqrizi.MusawwadatMawaciz'],['0588IbnMamun.AkhbarMisr'],No Cluster,No Cluster,947,973
['0588IbnMamun.AkhbarMisr'],"['0845Maqrizi.Muqaffa', '0845Maqrizi.MusawwadatMawaciz']",['0588IbnMamun.AkhbarMisr'],No Cluster,948,974
['0588IbnMamun.AkhbarMisr'],['0588IbnMamun.AkhbarMisr'],['0845Maqrizi.MusawwadatMawaciz'],No Cluster,948,975
['0588IbnMamun.AkhbarMisr'],['0588IbnMamun.AkhbarMisr'],No Cluster,No Cluster,951,980
['0588IbnMamun.AkhbarMisr'],['0588IbnMamun.AkhbarMisr'],No Cluster,No Cluster,951,981
['0617IbnTuwayr.NuzhatMuqlatayn'],['0617IbnTuwayr.NuzhatMuqlatayn'],No Cluster,No Cluster,952,982
['0460Anonymous.DhakhairTuhaf'],['0845Maqrizi.MusawwadatMawaciz'],No Cluster,No Cluster,955,983
['0845Maqrizi.MusawwadatMawaciz'],['0692IbnCabdZahir.RawdaBahiyya'],No Cluster,No Cluster,955,984
['0845Maqrizi.MusawwadatMawaciz'],No Cluster,No Cluster,No Cluster,956,985
['0845Maqrizi.MusawwadatMawaciz'],No Cluster,No Cluster,No Cluster,958,986
['0845Maqrizi.MusawwadatMawaciz'],['0617IbnTuwayr.NuzhatMuqlatayn'],No Cluster,No Cluster,959,987
['0845Maqrizi.MusawwadatMawaciz'],['0617IbnTuwayr.NuzhatMuqlatayn'],No Cluster,No Cluster,959,988
['0845Maqrizi.MusawwadatMawaciz'],['0821Qalqashandi.SubhAcsha'],No Cluster,No Cluster,959,989
['0617IbnTuwayr.NuzhatMuqlatayn'],['0617IbnTuwayr.NuzhatMuqlatayn'],No Cluster,No Cluster,959,990
['0845Maqrizi.MusawwadatMawaciz'],['0692IbnCabdZahir.RawdaBahiyya'],No Cluster,No Cluster,960,991
['0314IbnActhamKufi.Futuh'],"['0157AbuMikhnafAzdi.MaqtalHusayn', '0157AbuMikhnafAzdi.WaqcatTaff']",['0413ShaykhMufid.Irshad'],"['0157AbuMikhnafAzdi.MaqtalHusayn', '0157AbuMikhnafAzdi.WaqcatTaff']",966,1000
['0499MurshidYahyaIbnShajari.Amali'],['0499MurshidYahyaIbnShajari.Amali'],No Cluster,No Cluster,969,1005
['0499MurshidYahyaIbnShajari.Amali'],['0571IbnCasakir.TarikhDimashq'],No Cluster,No Cluster,969,1006
['0845Maqrizi.MusawwadatMawaciz'],['0845Maqrizi.MusawwadatMawaciz'],No Cluster,No Cluster,971,1008
['0845Maqrizi.MusawwadatMawaciz'],['0845Maqrizi.ItticazHunafa'],No Cluster,No Cluster,971,1009
['0845Maqrizi.MusawwadatMawaciz'],['0588IbnMamun.AkhbarMisr'],No Cluster,No Cluster,971,1010
['0845Maqrizi.MusawwadatMawaciz'],['0588IbnMamun.AkhbarMisr'],No Cluster,No Cluster,971,1011
['0617IbnTuwayr.NuzhatMuqlatayn'],['0617IbnTuwayr.NuzhatMuqlatayn'],No Cluster,No Cluster,972,1012
['0845Maqrizi.MusawwadatMawaciz'],['0617IbnTuwayr.NuzhatMuqlatayn'],No Cluster,No Cluster,972,1013
['0588IbnMamun.AkhbarMisr'],['0588IbnMamun.AkhbarMisr'],No Cluster,No Cluster,974,1014
['0821Qalqashandi.SubhAcsha'],['0617IbnTuwayr.NuzhatMuqlatayn'],No Cluster,No Cluster,975,1015
['0845Maqrizi.MusawwadatMawaciz'],No Cluster,No Cluster,No Cluster,979,1016
['0588IbnMamun.AkhbarMisr'],['0588IbnMamun.AkhbarMisr'],No Cluster,No Cluster,983,1020
['0845Maqrizi.MusawwadatMawaciz'],['0588IbnMamun.AkhbarMisr'],No Cluster,No Cluster,983,1021
['0821Qalqashandi.SubhAcsha'],['0617IbnTuwayr.NuzhatMuqlatayn'],No Cluster,No Cluster,984,1022
['0845Maqrizi.MusawwadatMawaciz'],No Cluster,No Cluster,No Cluster,988,1024
['0845Maqrizi.MusawwadatMawaciz'],['0588IbnMamun.AkhbarMisr'],No Cluster,No Cluster,992,1025
['0588IbnMamun.AkhbarMisr'],['0588IbnMamun.AkhbarMisr'],['0588IbnMamun.AkhbarMisr'],No Cluster,993,1026
['0588IbnMamun.AkhbarMisr'],['0588IbnMamun.AkhbarMisr'],No Cluster,No Cluster,995,1030
['0733Nuwayri.NihayatArab'],['0677IbnMuyassar.AkhbarMisr'],No Cluster,No Cluster,995,1031
['0733Nuwayri.NihayatArab'],['0677IbnMuyassar.AkhbarMisr'],No Cluster,No Cluster,995,1032
['0733Nuwayri.NihayatArab'],['0677IbnMuyassar.AkhbarMisr'],['0588IbnMamun.AkhbarMisr'],No Cluster,996,1033
['0733Nuwayri.NihayatArab'],['0588IbnMamun.AkhbarMisr'],No Cluster,No Cluster,996,1034
"['0845Maqrizi.Muqaffa', '0845Maqrizi.MusawwadatMawaciz']",['0588IbnMamun.AkhbarMisr'],No Cluster,No Cluster,997,1035
['0617IbnTuwayr.NuzhatMuqlatayn'],['0617IbnTuwayr.NuzhatMuqlatayn'],No Cluster,No Cluster,1000,1039
['0845Maqrizi.MusawwadatMawaciz'],['0588IbnMamun.AkhbarMisr'],No Cluster,No Cluster,1004,1040
['0588IbnMamun.AkhbarMisr'],['0588IbnMamun.AkhbarMisr'],No Cluster,No Cluster,1004,1041
['0617IbnTuwayr.NuzhatMuqlatayn'],['0845Maqrizi.MusawwadatMawaciz'],No Cluster,No Cluster,1005,1042
['0874IbnTaghribirdi.NujumZahira'],['0617IbnTuwayr.NuzhatMuqlatayn'],No Cluster,No Cluster,1005,1043
['0874IbnTaghribirdi.NujumZahira'],['0617IbnTuwayr.NuzhatMuqlatayn'],No Cluster,No Cluster,1005,1044
['0874IbnTaghribirdi.NujumZahira'],['0617IbnTuwayr.NuzhatMuqlatayn'],No Cluster,No Cluster,1005,1045
['0874IbnTaghribirdi.NujumZahira'],['0845Maqrizi.MusawwadatMawaciz'],No Cluster,No Cluster,1005,1046
['0874IbnTaghribirdi.NujumZahira'],['0845Maqrizi.MusawwadatMawaciz'],['0617IbnTuwayr.NuzhatMuqlatayn'],No Cluster,1006,1047
['0874IbnTaghribirdi.NujumZahira'],['0617IbnTuwayr.NuzhatMuqlatayn'],No Cluster,No Cluster,1006,1048
['0874IbnTaghribirdi.NujumZahira'],['0845Maqrizi.MusawwadatMawaciz'],No Cluster,No Cluster,1006,1049
['0617IbnTuwayr.NuzhatMuqlatayn'],['0845Maqrizi.MusawwadatMawaciz'],No Cluster,No Cluster,1007,1050
['0617IbnTuwayr.NuzhatMuqlatayn'],['0874IbnTaghribirdi.NujumZahira'],No Cluster,No Cluster,1007,1051
['0617IbnTuwayr.NuzhatMuqlatayn'],['0617IbnTuwayr.NuzhatMuqlatayn'],No Cluster,No Cluster,1007,1052
['0874IbnTaghribirdi.NujumZahira'],['0617IbnTuwayr.NuzhatMuqlatayn'],No Cluster,No Cluster,1008,1053
['0874IbnTaghribirdi.NujumZahira'],['0617IbnTuwayr.NuzhatMuqlatayn'],No Cluster,No Cluster,1008,1054
['0874IbnTaghribirdi.NujumZahira'],['0617IbnTuwayr.NuzhatMuqlatayn'],No Cluster,No Cluster,1008,1055
['0617IbnTuwayr.NuzhatMuqlatayn'],['0874IbnTaghribirdi.NujumZahira'],No Cluster,No Cluster,1008,1056
['0874IbnTaghribirdi.NujumZahira'],['0617IbnTuwayr.NuzhatMuqlatayn'],No Cluster,No Cluster,1009,1057
['0874IbnTaghribirdi.NujumZahira'],['0821Qalqashandi.SubhAcsha'],No Cluster,No Cluster,1009,1058
['0874IbnTaghribirdi.NujumZahira'],['0845Maqrizi.MusawwadatMawaciz'],['0617IbnTuwayr.NuzhatMuqlatayn'],No Cluster,1009,1059
['0617IbnTuwayr.NuzhatMuqlatayn'],['0617IbnTuwayr.NuzhatMuqlatayn'],No Cluster,No Cluster,1009,1060
['0617IbnTuwayr.NuzhatMuqlatayn'],['0617IbnTuwayr.NuzhatMuqlatayn'],No Cluster,No Cluster,1011,1064
['0821Qalqashandi.SubhAcsha'],['0845Maqrizi.MusawwadatMawaciz'],No Cluster,No Cluster,1011,1065
['0821Qalqashandi.SubhAcsha'],['0617IbnTuwayr.NuzhatMuqlatayn'],['0617IbnTuwayr.NuzhatMuqlatayn'],No Cluster,1011,1066
['0617IbnTuwayr.NuzhatMuqlatayn'],['0617IbnTuwayr.NuzhatMuqlatayn'],No Cluster,No Cluster,1012,1067
['0617IbnTuwayr.NuzhatMuqlatayn'],['0845Maqrizi.MusawwadatMawaciz'],No Cluster,No Cluster,1012,1068
['0821Qalqashandi.SubhAcsha'],['0874IbnTaghribirdi.NujumZahira'],No Cluster,No Cluster,1012,1069
['0821Qalqashandi.SubhAcsha'],['0617IbnTuwayr.NuzhatMuqlatayn'],No Cluster,No Cluster,1013,1070
['0874IbnTaghribirdi.NujumZahira'],['0617IbnTuwayr.NuzhatMuqlatayn'],No Cluster,No Cluster,1013,1071
['0588IbnMamun.AkhbarMisr'],['0588IbnMamun.AkhbarMisr'],No Cluster,No Cluster,1016,1074
['0588IbnMamun.AkhbarMisr'],['0588IbnMamun.AkhbarMisr'],No Cluster,No Cluster,1017,1075
['0588IbnMamun.AkhbarMisr'],['0845Maqrizi.MusawwadatMawaciz'],No Cluster,No Cluster,1020,1076
['0588IbnMamun.AkhbarMisr'],['0588IbnMamun.AkhbarMisr'],No Cluster,No Cluster,1020,1077
['0845Maqrizi.MusawwadatMawaciz'],['0588IbnMamun.AkhbarMisr'],No Cluster,No Cluster,1020,1078
['0588IbnMamun.AkhbarMisr'],['0845Maqrizi.MusawwadatMawaciz'],No Cluster,No Cluster,1021,1079
['0588IbnMamun.AkhbarMisr'],['0845Maqrizi.MusawwadatMawaciz'],No Cluster,No Cluster,1021,1080
['0845Maqrizi.MusawwadatMawaciz'],['0588IbnMamun.AkhbarMisr'],No Cluster,No Cluster,1021,1081
['0588IbnMamun.AkhbarMisr'],['0845Maqrizi.MusawwadatMawaciz'],No Cluster,No Cluster,1022,1082
['0845Maqrizi.MusawwadatMawaciz'],['0588IbnMamun.AkhbarMisr'],No Cluster,No Cluster,1022,1083
['0588IbnMamun.AkhbarMisr'],['0845Maqrizi.MusawwadatMawaciz'],No Cluster,No Cluster,1023,1084
['0588IbnMamun.AkhbarMisr'],['0588IbnMamun.AkhbarMisr'],No Cluster,No Cluster,1023,1085
['0874IbnTaghribirdi.NujumZahira'],['0617IbnTuwayr.NuzhatMuqlatayn'],['0617IbnTuwayr.NuzhatMuqlatayn'],No Cluster,1024,1086
['0874IbnTaghribirdi.NujumZahira'],['0845Maqrizi.MusawwadatMawaciz'],['0617IbnTuwayr.NuzhatMuqlatayn'],No Cluster,1024,1087
['0874IbnTaghribirdi.NujumZahira'],['0617IbnTuwayr.NuzhatMuqlatayn'],No Cluster,No Cluster,1024,1088
['0821Qalqashandi.SubhAcsha'],No Cluster,No Cluster,No Cluster,1027,1092
['0588IbnMamun.AkhbarMisr'],['0588IbnMamun.AkhbarMisr'],No Cluster,No Cluster,1032,1094
['0845Maqrizi.MusawwadatMawaciz'],['0588IbnMamun.AkhbarMisr'],No Cluster,No Cluster,1032,1095
['0588IbnMamun.AkhbarMisr'],['0845Maqrizi.MusawwadatMawaciz'],['0588IbnMamun.AkhbarMisr'],No Cluster,1033,1096
['0588IbnMamun.AkhbarMisr'],['0845Maqrizi.Muqaffa'],No Cluster,No Cluster,1033,1097
['0845Maqrizi.MusawwadatMawaciz'],['0588IbnMamun.AkhbarMisr'],No Cluster,No Cluster,1033,1098
"['0845Maqrizi.Muqaffa', '0845Maqrizi.ItticazHunafa']",['0845Maqrizi.MusawwadatMawaciz'],['0588IbnMamun.AkhbarMisr'],No Cluster,1040,1103
['0617IbnTuwayr.NuzhatMuqlatayn'],['0617IbnTuwayr.NuzhatMuqlatayn'],No Cluster,No Cluster,1042,1104
['0617IbnTuwayr.NuzhatMuqlatayn'],['0617IbnTuwayr.NuzhatMuqlatayn'],No Cluster,No Cluster,1044,1105
['0845Maqrizi.MusawwadatMawaciz'],['0617IbnTuwayr.NuzhatMuqlatayn'],No Cluster,No Cluster,1045,1106
['0845Maqrizi.MusawwadatMawaciz'],['0588IbnMamun.AkhbarMisr'],No Cluster,No Cluster,1045,1107
['0588IbnMamun.AkhbarMisr'],['0588IbnMamun.AkhbarMisr'],No Cluster,No Cluster,1048,1109
['0617IbnTuwayr.NuzhatMuqlatayn'],['0617IbnTuwayr.NuzhatMuqlatayn'],No Cluster,No Cluster,1050,1110
['0588IbnMamun.AkhbarMisr'],['0588IbnMamun.AkhbarMisr'],No Cluster,No Cluster,1051,1111
['0588IbnMamun.AkhbarMisr'],['0588IbnMamun.AkhbarMisr'],No Cluster,No Cluster,1051,1112
['0617IbnTuwayr.NuzhatMuqlatayn'],['0617IbnTuwayr.NuzhatMuqlatayn'],No Cluster,No Cluster,1055,1117
['0845Maqrizi.MusawwadatMawaciz'],No Cluster,No Cluster,No Cluster,1058,1119
['0588IbnMamun.AkhbarMisr'],['0588IbnMamun.AkhbarMisr'],No Cluster,No Cluster,1061,1120
['0588IbnMamun.AkhbarMisr'],No Cluster,No Cluster,No Cluster,1062,1121
['0617IbnTuwayr.NuzhatMuqlatayn'],['0617IbnTuwayr.NuzhatMuqlatayn'],No Cluster,No Cluster,1073,1122
['0845Maqrizi.MusawwadatMawaciz'],['0617IbnTuwayr.NuzhatMuqlatayn'],No Cluster,No Cluster,1078,1123
['0845Maqrizi.MusawwadatMawaciz'],['0617IbnTuwayr.NuzhatMuqlatayn'],No Cluster,No Cluster,1078,1124
['0588IbnMamun.AkhbarMisr'],"['0845Maqrizi.Muqaffa', '0845Maqrizi.MusawwadatMawaciz']",No Cluster,No Cluster,1079,1125
['0617IbnTuwayr.NuzhatMuqlatayn'],['0845Maqrizi.MusawwadatMawaciz'],No Cluster,No Cluster,1084,1128
['0588IbnMamun.AkhbarMisr'],['0588IbnMamun.AkhbarMisr'],No Cluster,No Cluster,1086,1129
['0874IbnTaghribirdi.NujumZahira'],['0617IbnTuwayr.NuzhatMuqlatayn'],No Cluster,No Cluster,1087,1130
['0874IbnTaghribirdi.NujumZahira'],['0617IbnTuwayr.NuzhatMuqlatayn'],No Cluster,No Cluster,1087,1131
['0874IbnTaghribirdi.NujumZahira'],['0617IbnTuwayr.NuzhatMuqlatayn'],No Cluster,No Cluster,1087,1132
['0845Maqrizi.MusawwadatMawaciz'],['0692IbnCabdZahir.RawdaBahiyya'],No Cluster,No Cluster,1093,1134
['0588IbnMamun.AkhbarMisr'],['0588IbnMamun.AkhbarMisr'],['0588IbnMamun.AkhbarMisr'],['0692IbnCabdZahir.RawdaBahiyya'],1094,1135
['0845Maqrizi.ItticazHunafa'],"['0764Safadi.WafiBiWafayat', '0764IbnShakirKutubi.FawatWafayat']",No Cluster,No Cluster,1097,1137
['0588IbnMamun.AkhbarMisr'],['0677IbnMuyassar.AkhbarMisr'],No Cluster,No Cluster,1105,1139
['0588IbnMamun.AkhbarMisr'],['0588IbnMamun.AkhbarMisr'],No Cluster,No Cluster,1105,1140
['0654SibtIbnJawzi.MiratZaman'],['0654SibtIbnJawzi.MiratZaman'],['0665AbuShama.Rawdatayn'],No Cluster,1110,1145
['0654SibtIbnJawzi.MiratZaman'],['0665AbuShama.Rawdatayn'],['0697IbnWasil.MufarrijKurub'],['0845Maqrizi.ItticazHunafa'],1110,1146
['0749IbnFadlAllahCumari.MasalikAbsar'],No Cluster,No Cluster,No Cluster,1111,1147
['0845Maqrizi.ItticazHunafa'],No Cluster,No Cluster,No Cluster,1117,1148
['0845Maqrizi.ItticazHunafa'],"['0845Maqrizi.Muqaffa', '0845Maqrizi.MusawwadatMawaciz']",No Cluster,No Cluster,1118,1149
['0845Maqrizi.Muqaffa'],['0845Maqrizi.MusawwadatMawaciz'],No Cluster,No Cluster,1118,1150
['0845Maqrizi.Muqaffa'],"['0845Maqrizi.Muqaffa', '0845Maqrizi.MusawwadatMawaciz']",No Cluster,No Cluster,1119,1151
['0692IbnCabdZahir.RawdaBahiyya'],['0845Maqrizi.MusawwadatMawaciz'],No Cluster,No Cluster,1121,1152
['0692IbnCabdZahir.RawdaBahiyya'],['0845Maqrizi.MusawwadatMawaciz'],No Cluster,No Cluster,1121,1153
['0845Maqrizi.MusawwadatMawaciz'],['0677IbnMuyassar.AkhbarMisr'],No Cluster,No Cluster,1122,1154
['0845Maqrizi.MusawwadatMawaciz'],['0677IbnMuyassar.AkhbarMisr'],No Cluster,No Cluster,1123,1155
['0845Maqrizi.MusawwadatMawaciz'],['0677IbnMuyassar.AkhbarMisr'],No Cluster,No Cluster,1123,1156
['0845Maqrizi.MusawwadatMawaciz'],['0677IbnMuyassar.AkhbarMisr'],No Cluster,No Cluster,1123,1157
['0947BamakhramaHimyari.QiladatNahr'],['0488ZahirDin.DhaylTajaribUmam'],No Cluster,No Cluster,1126,1158
['0845Maqrizi.Muqaffa'],['0845Maqrizi.ItticazHunafa'],No Cluster,No Cluster,1131,1161
['0845Maqrizi.ItticazHunafa'],No Cluster,No Cluster,No Cluster,1132,1162
['0677IbnMuyassar.AkhbarMisr'],No Cluster,No Cluster,No Cluster,1143,1167
['0845Maqrizi.ItticazHunafa'],['0692IbnCabdZahir.RawdaBahiyya'],No Cluster,No Cluster,1150,1168
['0697IbnWasil.MufarrijKurub'],['0597CimadDinKatibIsfahani.Diwan'],No Cluster,No Cluster,1154,1170
['0697IbnWasil.MufarrijKurub'],['0597CimadDinKatibIsfahani.Diwan'],No Cluster,No Cluster,1154,1171
['0845Maqrizi.MusawwadatMawaciz'],No Cluster,No Cluster,No Cluster,1160,1174
['0845Maqrizi.Suluk'],No Cluster,No Cluster,No Cluster,1164,1177
['0850ShihabDinIbshihi.Mustatraf'],No Cluster,No Cluster,No Cluster,1169,1180
['0764Safadi.WafiBiWafayat'],No Cluster,No Cluster,No Cluster,1176,1183
['0845Maqrizi.ItticazHunafa'],No Cluster,No Cluster,No Cluster,1177,1184
['0845Maqrizi.Suluk'],No Cluster,No Cluster,No Cluster,1181,1185
['0889IbnAhmadSakhawi.TuhfatAhbab'],No Cluster,No Cluster,No Cluster,1183,1186
['0845Maqrizi.Muqaffa'],No Cluster,No Cluster,No Cluster,1185,1187
"['0764Safadi.WafiBiWafayat', '0764Safadi.AcyanCasr']",No Cluster,No Cluster,No Cluster,1187,1188
['0764Safadi.AcyanCasr'],['0874IbnTaghribirdi.ManhalSafi'],No Cluster,No Cluster,1188,1189
['0764Safadi.WafiBiWafayat'],['0874IbnTaghribirdi.NujumZahira'],No Cluster,No Cluster,1188,1190
['0764Safadi.WafiBiWafayat'],"['0764Safadi.WafiBiWafayat', '0764Safadi.AcyanCasr']",['0764Safadi.AcyanCasr'],No Cluster,1188,1191
['0764Safadi.WafiBiWafayat'],"['0764Safadi.WafiBiWafayat', '0764Safadi.AcyanCasr']",No Cluster,No Cluster,1188,1192
"['0845Maqrizi.Muqaffa', '0845Maqrizi.ItticazHunafa']",['0845Maqrizi.Muqaffa'],No Cluster,No Cluster,1192,1193
['0845Maqrizi.Muqaffa'],No Cluster,No Cluster,No Cluster,1193,1194
['0832TaqiFasi.CiqdThamin'],['0845Maqrizi.DhahabMasbuk'],No Cluster,No Cluster,1194,1195
['0845Maqrizi.DhahabMasbuk'],['0832TaqiFasi.CiqdThamin'],No Cluster,No Cluster,1195,1196
['0681IbnKhallikan.WafayatAcyan'],No Cluster,No Cluster,No Cluster,1196,1197
['0845Maqrizi.DurarCuqud'],No Cluster,No Cluster,No Cluster,1206,1198
['0764Safadi.AcyanCasr'],No Cluster,No Cluster,No Cluster,1208,1199
['0764Safadi.AcyanCasr'],No Cluster,No Cluster,No Cluster,1210,1200
['0764Safadi.AcyanCasr'],No Cluster,No Cluster,No Cluster,1212,1201
['0874IbnTaghribirdi.NujumZahira'],['0845Maqrizi.ItticazHunafa'],No Cluster,No Cluster,1214,1202
['0889IbnAhmadSakhawi.TuhfatAhbab'],No Cluster,No Cluster,No Cluster,1222,1203
['0845Maqrizi.Muqaffa'],No Cluster,No Cluster,No Cluster,1223,1204
['0764Safadi.AcyanCasr'],"['0764Safadi.WafiBiWafayat', '0764Safadi.AcyanCasr', '0764IbnShakirKutubi.FawatWafayat']",No Cluster,No Cluster,1233,1206
['0764IbnShakirKutubi.FawatWafayat'],No Cluster,No Cluster,No Cluster,1234,1207
['0677IbnMuyassar.AkhbarMisr'],No Cluster,No Cluster,No Cluster,1237,1208
['0845Maqrizi.DurarCuqud'],['0807IbnFurat.TarikhDuwal'],['0807IbnFurat.TarikhDuwal'],No Cluster,1242,1209
['0845Maqrizi.Muqaffa'],['0821Qalqashandi.SubhAcsha'],No Cluster,No Cluster,1243,1210
['0845Maqrizi.Muqaffa'],['0821Qalqashandi.SubhAcsha'],No Cluster,No Cluster,1243,1211
['0845Maqrizi.Suluk'],No Cluster,No Cluster,No Cluster,1247,1213
"['0845Maqrizi.Suluk', '0845Maqrizi.Muqaffa']",No Cluster,No Cluster,No Cluster,1248,1214
['0845Maqrizi.MusawwadatMawaciz'],No Cluster,No Cluster,No Cluster,1263,1220
['0845Maqrizi.MusawwadatMawaciz'],No Cluster,No Cluster,No Cluster,1268,1222
['0845Maqrizi.MusawwadatMawaciz'],No Cluster,No Cluster,No Cluster,1270,1223
['0845Maqrizi.MusawwadatMawaciz'],No Cluster,No Cluster,No Cluster,1271,1224
['0845Maqrizi.MusawwadatMawaciz'],No Cluster,No Cluster,No Cluster,1272,1225
['0845Maqrizi.MusawwadatMawaciz'],No Cluster,No Cluster,No Cluster,1274,1226
['0845Maqrizi.Suluk'],No Cluster,No Cluster,No Cluster,1276,1227
"['0764Safadi.WafiBiWafayat', '0764Safadi.AcyanCasr']",No Cluster,No Cluster,No Cluster,1277,1228
"['0764Safadi.WafiBiWafayat', '0764Safadi.AcyanCasr']",No Cluster,No Cluster,No Cluster,1278,1229
['0845Maqrizi.MusawwadatMawaciz'],No Cluster,No Cluster,No Cluster,1279,1230
['0845Maqrizi.DurarCuqud'],['0845Maqrizi.Suluk'],No Cluster,No Cluster,1282,1231
['0845Maqrizi.MusawwadatMawaciz'],No Cluster,No Cluster,No Cluster,1283,1232
['0845Maqrizi.Muqaffa'],No Cluster,No Cluster,No Cluster,1303,1237
['0927Culaymi.UnsJalil'],No Cluster,No Cluster,No Cluster,1307,1238
['0845Maqrizi.MusawwadatMawaciz'],No Cluster,No Cluster,No Cluster,1321,1241
['0845Maqrizi.MusawwadatMawaciz'],No Cluster,No Cluster,No Cluster,1327,1242
['0855BadrDinCayni.CiqdJuman'],No Cluster,No Cluster,No Cluster,1336,1243
['0845Maqrizi.ItticazHunafa'],No Cluster,No Cluster,No Cluster,1358,1247
['0692IbnCabdZahir.RawdZahir'],No Cluster,No Cluster,No Cluster,1365,1248
['0458IbnSidaMursi.MuhkamWaMuhit'],No Cluster,No Cluster,No Cluster,1377,1250
['0692IbnCabdZahir.RawdaBahiyya'],No Cluster,No Cluster,No Cluster,1396,1258
['0650JamalDinJawbari.MukhtarFiKashfAsrar'],['0650JamalDinJawbari.MukhtarFiKashfAsrar'],No Cluster,No Cluster,1400,1259
['0321IbnDuraydAzdi.JamharatLugha'],No Cluster,No Cluster,No Cluster,1405,1262
['0889IbnAhmadSakhawi.TuhfatAhbab'],No Cluster,No Cluster,No Cluster,1414,1263
['0816AbuBakrMaraghi.TahqiqNusra'],No Cluster,No Cluster,No Cluster,1416,1264
['0845Maqrizi.Muqaffa'],['0764Safadi.AcyanCasr'],No Cluster,No Cluster,1417,1265
['0845Maqrizi.KhabarCanBashar'],['0736IbnDawadari.KanzDurar'],No Cluster,No Cluster,1430,1275
['0257IbnCabdHakam.FutuhMisr'],['0733Nuwayri.NihayatArab'],['0257IbnCabdHakam.FutuhMisr'],['0257IbnCabdHakam.FutuhMisr'],1433,1280
['0257IbnCabdHakam.FutuhMisr'],['0257IbnCabdHakam.FutuhMisr'],No Cluster,No Cluster,1433,1281
['0257IbnCabdHakam.FutuhMisr'],['0257IbnCabdHakam.FutuhMisr'],['0257IbnCabdHakam.FutuhMisr'],['0257IbnCabdHakam.FutuhMisr'],1433,1282
['0257IbnCabdHakam.FutuhMisr'],['0257IbnCabdHakam.FutuhMisr'],No Cluster,No Cluster,1435,1288
['0257IbnCabdHakam.FutuhMisr'],['0257IbnCabdHakam.FutuhMisr'],['0257IbnCabdHakam.FutuhMisr'],No Cluster,1435,1289
['0911Suyuti.HusnMuhadara'],No Cluster,No Cluster,No Cluster,1459,1300
['0733Nuwayri.NihayatArab'],['0255Jahiz.Hayawan'],No Cluster,No Cluster,1460,1301
['0615MuwaffaqDinShafici.MurshidZuwwar'],No Cluster,No Cluster,No Cluster,1464,1303
['0845Maqrizi.Muqaffa'],No Cluster,No Cluster,No Cluster,1466,1305
['0845Maqrizi.Muqaffa'],No Cluster,No Cluster,No Cluster,1468,1306
['0542IbnBassamShantarini.Dhakhira'],['0660IbnCadim.BughyatTalab'],No Cluster,No Cluster,1469,1307
['0660IbnCadim.BughyatTalab'],['0660IbnCadim.BughyatTalab'],No Cluster,No Cluster,1469,1308
['0660IbnCadim.BughyatTalab'],['0420Musabbihi.AkhbarMisr'],['0845Maqrizi.Muqaffa'],No Cluster,1470,1309
['0470MuayyadFiDinShirazi.Sira'],['0542IbnMunjibTajRiyasaIbnSayrafi.Ishara'],No Cluster,No Cluster,1471,1310
"['0764Safadi.WafiBiWafayat', '0764Safadi.AcyanCasr']",No Cluster,No Cluster,No Cluster,1499,1318
"['0764Safadi.WafiBiWafayat', '0764Safadi.AcyanCasr']",No Cluster,No Cluster,No Cluster,1500,1319
['0732AbuFida.MukhtasarFiAkhbar'],['0821Qalqashandi.SubhAcsha'],No Cluster,No Cluster,1502,1320
['0749ZaynDinIbnWardi.Tarikh'],['0732AbuFida.MukhtasarFiAkhbar'],No Cluster,No Cluster,1503,1321
['0749ZaynDinIbnWardi.Tarikh'],['0732AbuFida.MukhtasarFiAkhbar'],['0690IbnMujawirDimashqi.TarikhMustabsir'],No Cluster,1503,1322
['0749IbnFadlAllahCumari.MasalikAbsar'],['0732AbuFida.MukhtasarFiAkhbar'],No Cluster,No Cluster,1504,1323
['0732AbuFida.MukhtasarFiAkhbar'],['0749IbnFadlAllahCumari.MasalikAbsar'],No Cluster,No Cluster,1504,1324
['0749IbnFadlAllahCumari.MasalikAbsar'],['0749IbnFadlAllahCumari.MasalikAbsar'],No Cluster,No Cluster,1507,1325
['0749IbnFadlAllahCumari.MasalikAbsar'],['0821Qalqashandi.SubhAcsha'],No Cluster,No Cluster,1508,1326
['0749IbnFadlAllahCumari.MasalikAbsar'],['0749IbnFadlAllahCumari.MasalikAbsar'],No Cluster,No Cluster,1509,1327
['0845Maqrizi.Muqaffa'],['0350Balawi.SiratAhmadIbnTulun'],No Cluster,No Cluster,1517,1330
['0845Maqrizi.Muqaffa'],['0350Balawi.SiratAhmadIbnTulun'],No Cluster,No Cluster,1517,1331
['0350Balawi.SiratAhmadIbnTulun'],['0845Maqrizi.Muqaffa'],No Cluster,No Cluster,1518,1332
['0350Balawi.SiratAhmadIbnTulun'],['0845Maqrizi.Muqaffa'],No Cluster,No Cluster,1519,1333
['0350Balawi.SiratAhmadIbnTulun'],"['0350Balawi.SiratAhmadIbnTulun', '0350MuhammadKindi.WulatMisr']",No Cluster,No Cluster,1519,1334
['0350Balawi.SiratAhmadIbnTulun'],No Cluster,No Cluster,No Cluster,1520,1335
['0911Suyuti.HusnMuhadara'],No Cluster,No Cluster,No Cluster,1523,1340
['0911Suyuti.HusnMuhadara'],['0845Maqrizi.Suluk'],No Cluster,No Cluster,1526,1342
['0911Suyuti.HusnMuhadara'],['0685IbnSacidMaghribi.Muqtataf'],No Cluster,No Cluster,1529,1343
['0911Suyuti.HusnMuhadara'],['0692IbnCabdZahir.RawdZahir'],No Cluster,No Cluster,1529,1344
['0911Suyuti.HusnMuhadara'],['0911Suyuti.HusnMuhadara'],No Cluster,No Cluster,1530,1345
['0257IbnCabdHakam.FutuhMisr'],No Cluster,No Cluster,No Cluster,1537,1346
['0617IbnTuwayr.NuzhatMuqlatayn'],No Cluster,No Cluster,No Cluster,1538,1347
['0845Maqrizi.MusawwadatMawaciz'],No Cluster,No Cluster,No Cluster,1539,1348
['0421Miskawayh.Tajarib'],['0634AbuRabicHimyari.Iktifa'],['0310Tabari.Tarikh'],No Cluster,1540,1349
['0310Tabari.Tarikh'],['0630IbnAthirCizzDin.Kamil'],No Cluster,No Cluster,1540,1350
['0634AbuRabicHimyari.Iktifa'],['0310Tabari.Tarikh'],['0310Tabari.Tarikh'],No Cluster,1541,1351
['0774IbnKathir.Bidaya'],['0310Tabari.Tarikh'],['0310Tabari.Tarikh'],['0310Tabari.Tarikh'],1541,1352
['0310Tabari.Tarikh'],['0310Tabari.Tarikh'],No Cluster,No Cluster,1542,1353
['0310Tabari.Tarikh'],['0310Tabari.Tarikh'],No Cluster,No Cluster,1542,1354
['0310Tabari.Tarikh'],No Cluster,No Cluster,No Cluster,1543,1355
['0346Mascudi.TanbihWaIshraf'],['0346Mascudi.TanbihWaIshraf'],['0310Tabari.Tarikh'],No Cluster,1545,1356
['0617IbnTuwayr.NuzhatMuqlatayn'],['0617IbnTuwayr.NuzhatMuqlatayn'],No Cluster,No Cluster,1549,1357
['0845Maqrizi.MusawwadatMawaciz'],['0617IbnTuwayr.NuzhatMuqlatayn'],No Cluster,No Cluster,1550,1358
['0749IbnFadlAllahCumari.MasalikAbsar'],['0749IbnFadlAllahCumari.MasalikAbsar'],No Cluster,No Cluster,1566,1360
['0749IbnFadlAllahCumari.MasalikAbsar'],No Cluster,No Cluster,No Cluster,1567,1361
['0692IbnCabdZahir.RawdZahir'],No Cluster,No Cluster,No Cluster,1578,1372
['0807IbnFurat.TarikhDuwal'],No Cluster,No Cluster,No Cluster,1580,1374
['0697IbnWasil.MufarrijKurub'],['0414AbuHayyanTawhidi.Basair'],No Cluster,No Cluster,1583,1375
['0725BaybarsMansuri.TuhfaMulukiyya'],No Cluster,No Cluster,No Cluster,1587,1377
['0749IbnFadlAllahCumari.MasalikAbsar'],['0749IbnFadlAllahCumari.MasalikAbsar'],No Cluster,No Cluster,1588,1378
['0749IbnFadlAllahCumari.MasalikAbsar'],['0749IbnFadlAllahCumari.MasalikAbsar'],No Cluster,No Cluster,1588,1379
['0749IbnFadlAllahCumari.MasalikAbsar'],No Cluster,No Cluster,No Cluster,1591,1380
['0749IbnFadlAllahCumari.MasalikAbsar'],No Cluster,No Cluster,No Cluster,1594,1381
['0749IbnFadlAllahCumari.MasalikAbsar'],['0821Qalqashandi.SubhAcsha'],No Cluster,No Cluster,1601,1383
['0749IbnFadlAllahCumari.MasalikAbsar'],No Cluster,No Cluster,No Cluster,1603,1384
['0749IbnFadlAllahCumari.MasalikAbsar'],No Cluster,No Cluster,No Cluster,1604,1385
['0749IbnFadlAllahCumari.MasalikAbsar'],No Cluster,No Cluster,No Cluster,1606,1386
['0749IbnFadlAllahCumari.MasalikAbsar'],No Cluster,No Cluster,No Cluster,1610,1387
['0970IbnIbrahimIbnNujaymMisri.BahrRaiq'],['0970IbnIbrahimIbnNujaymMisri.BahrRaiq'],No Cluster,No Cluster,1611,1388
['0749IbnFadlAllahCumari.MasalikAbsar'],['0821Qalqashandi.SubhAcsha'],No Cluster,No Cluster,1612,1389
['0845Maqrizi.Suluk'],No Cluster,No Cluster,No Cluster,1615,1390
['0749IbnFadlAllahCumari.MasalikAbsar'],No Cluster,No Cluster,No Cluster,1620,1391
['0749IbnFadlAllahCumari.MasalikAbsar'],No Cluster,No Cluster,No Cluster,1625,1393
['0749IbnFadlAllahCumari.MasalikAbsar'],['0749IbnFadlAllahCumari.MasalikAbsar'],No Cluster,No Cluster,1626,1394
['0845Maqrizi.Suluk'],No Cluster,No Cluster,No Cluster,1633,1395
['0845Maqrizi.DurarCuqud'],"['0845Maqrizi.Suluk', '0845Maqrizi.DurarCuqud']",No Cluster,No Cluster,1641,1397
['0845Maqrizi.Suluk'],No Cluster,No Cluster,No Cluster,1643,1398
['0845Maqrizi.Suluk'],No Cluster,No Cluster,No Cluster,1644,1399
['0845Maqrizi.DurarCuqud'],No Cluster,No Cluster,No Cluster,1648,1400
['0845Maqrizi.DurarCuqud'],['0821Qalqashandi.SubhAcsha'],['0845Maqrizi.Suluk'],No Cluster,1649,1401
['0845Maqrizi.Suluk'],No Cluster,No Cluster,No Cluster,1651,1402
['0845Maqrizi.DurarCuqud'],No Cluster,No Cluster,No Cluster,1652,1403
['0845Maqrizi.Muqaffa'],No Cluster,No Cluster,No Cluster,1657,1404
['0911Suyuti.HusnMuhadara'],['0928MujirDinCulaymi.TarikhMuctabar'],No Cluster,No Cluster,1658,1405
['0845Maqrizi.Suluk'],No Cluster,No Cluster,No Cluster,1660,1406
['0845Maqrizi.DurarCuqud'],['0845Maqrizi.Muqaffa'],['0759MufaddalIbnAbiFadail.NahjSadid'],No Cluster,1663,1407
['0845Maqrizi.DurarCuqud'],"['0845Maqrizi.Suluk', '0845Maqrizi.Muqaffa']",No Cluster,No Cluster,1663,1408
['0845Maqrizi.DurarCuqud'],['0821Qalqashandi.SubhAcsha'],No Cluster,No Cluster,1664,1409
"['0821Qalqashandi.SubhAcsha', '0821Qalqashandi.Maathir']",No Cluster,No Cluster,No Cluster,1665,1410
['0845Maqrizi.Suluk'],No Cluster,No Cluster,No Cluster,1666,1411
['0889IbnAhmadSakhawi.TuhfatAhbab'],No Cluster,No Cluster,No Cluster,1668,1412
['0874IbnTaghribirdi.NujumZahira'],No Cluster,No Cluster,No Cluster,1678,1417
['0911Suyuti.HusnMuhadara'],['0852IbnHajarCasqalani.RafcIsr'],No Cluster,No Cluster,1680,1418
['0911Suyuti.HusnMuhadara'],['0845Maqrizi.Muqaffa'],No Cluster,No Cluster,1680,1419
['0911Suyuti.HusnMuhadara'],['0626YaqutHamawi.MucjamBuldan'],No Cluster,No Cluster,1681,1420
['0257IbnCabdHakam.FutuhMisr'],['0852IbnHajarCasqalani.RafcIsr'],No Cluster,No Cluster,1690,1423
['0257IbnCabdHakam.FutuhMisr'],['0257IbnCabdHakam.FutuhMisr'],No Cluster,No Cluster,1690,1424
['0911Suyuti.HusnMuhadara'],No Cluster,No Cluster,No Cluster,1691,1425
['0911Suyuti.HusnMuhadara'],No Cluster,No Cluster,No Cluster,1694,1426
['0311IbnBajirBajiri.JamicMusnad'],No Cluster,No Cluster,No Cluster,1702,1428
['0257IbnCabdHakam.FutuhMisr'],['0725HasanCabbasi.AtharUwal'],No Cluster,No Cluster,1703,1429
['0257IbnCabdHakam.FutuhMisr'],['0257IbnCabdHakam.FutuhMisr'],['0911Suyuti.JamicKabir'],No Cluster,1703,1430
['0350MuhammadKindi.WulatMisr'],['0845Maqrizi.Muqaffa'],No Cluster,No Cluster,1708,1438
['0350Balawi.SiratAhmadIbnTulun'],['0845Maqrizi.Muqaffa'],No Cluster,No Cluster,1721,1441
['0911Suyuti.HusnMuhadara'],No Cluster,No Cluster,No Cluster,1726,1443
['0874IbnTaghribirdi.NujumZahira'],No Cluster,No Cluster,No Cluster,1729,1446
['0692IbnCabdZahir.RawdaBahiyya'],['0261Khassaf.Hiyal'],No Cluster,No Cluster,1738,1448
['0692IbnCabdZahir.RawdaBahiyya'],['0692IbnCabdZahir.RawdaBahiyya'],No Cluster,No Cluster,1739,1449
['0845Maqrizi.Suluk'],No Cluster,No Cluster,No Cluster,1744,1451
['0692IbnCabdZahir.RawdaBahiyya'],"['0692IbnCabdZahir.RawdZahir', '0692IbnCabdZahir.RawdaBahiyya']",No Cluster,No Cluster,1747,1453
['0692IbnCabdZahir.RawdaBahiyya'],['0692IbnCabdZahir.RawdZahir'],No Cluster,No Cluster,1747,1454
['0617IbnTuwayr.NuzhatMuqlatayn'],['0617IbnTuwayr.NuzhatMuqlatayn'],No Cluster,No Cluster,1754,1456
['0617IbnTuwayr.NuzhatMuqlatayn'],['0617IbnTuwayr.NuzhatMuqlatayn'],No Cluster,No Cluster,1754,1457
['0845Maqrizi.ItticazHunafa'],['0845Maqrizi.ItticazHunafa'],No Cluster,No Cluster,1761,1460
['0677IbnMuyassar.AkhbarMisr'],['0677IbnMuyassar.AkhbarMisr'],['0845Maqrizi.ItticazHunafa'],No Cluster,1762,1461
['0677IbnMuyassar.AkhbarMisr'],['0845Maqrizi.ItticazHunafa'],No Cluster,No Cluster,1762,1462
['0677IbnMuyassar.AkhbarMisr'],['0845Maqrizi.ItticazHunafa'],No Cluster,No Cluster,1763,1463
['0677IbnMuyassar.AkhbarMisr'],['0845Maqrizi.ItticazHunafa'],No Cluster,No Cluster,1763,1464
['0845Maqrizi.ItticazHunafa'],No Cluster,No Cluster,No Cluster,1765,1465
['0808IbnKhaldun.Tarikh'],No Cluster,No Cluster,No Cluster,1768,1466
['0458YahyaIbnSacidAntaki.Tarikh'],No Cluster,No Cluster,No Cluster,1769,1467
['0677IbnMuyassar.AkhbarMisr'],['0677IbnMuyassar.AkhbarMisr'],['0677IbnMuyassar.AkhbarMisr'],No Cluster,1777,1469
['0874IbnTaghribirdi.NujumZahira'],No Cluster,No Cluster,No Cluster,1780,1470
['0889IbnAhmadSakhawi.TuhfatAhbab'],No Cluster,No Cluster,No Cluster,1784,1471
['0615MuwaffaqDinShafici.MurshidZuwwar'],No Cluster,No Cluster,No Cluster,1789,1472
['0749IbnFadlAllahCumari.MasalikAbsar'],['0749IbnFadlAllahCumari.MasalikAbsar'],['0749IbnFadlAllahCumari.MasalikAbsar'],No Cluster,1795,1473
['0692IbnCabdZahir.RawdZahir'],['0692IbnCabdZahir.RawdZahir'],['0845Maqrizi.Muqaffa'],No Cluster,1800,1476
['0692IbnCabdZahir.RawdZahir'],['0692IbnCabdZahir.RawdZahir'],No Cluster,No Cluster,1800,1477
['0726Yunini.DhaylMiratZaman'],"['0726Yunini.DhaylMiratZaman', '0726IbnSuqaci.TaliWafayat']",No Cluster,No Cluster,1801,1478
['0684IbnShaddad.TarikhMalikZahir'],No Cluster,No Cluster,No Cluster,1803,1479
['0845Maqrizi.DhahabMasbuk'],['0832TaqiFasi.CiqdThamin'],No Cluster,No Cluster,1806,1480
['0832TaqiFasi.CiqdThamin'],['0845Maqrizi.Suluk'],['0832TaqiFasi.Muqnic'],No Cluster,1806,1481
['0874IbnTaghribirdi.ManhalSafi'],['0764Safadi.AcyanCasr'],No Cluster,No Cluster,1812,1482
['0874IbnTaghribirdi.ManhalSafi'],"['0764Safadi.WafiBiWafayat', '0764Safadi.AcyanCasr']",['0845Maqrizi.Muqaffa'],No Cluster,1812,1483
['0764Safadi.AcyanCasr'],No Cluster,No Cluster,No Cluster,1815,1484
"['0764Safadi.WafiBiWafayat', '0764Safadi.AcyanCasr']",['0764Safadi.AcyanCasr'],No Cluster,No Cluster,1820,1485
"['0764Safadi.WafiBiWafayat', '0764Safadi.AcyanCasr']",No Cluster,No Cluster,No Cluster,1822,1486
['0764Safadi.AcyanCasr'],['0764Safadi.WafiBiWafayat'],No Cluster,No Cluster,1824,1487
"['0764Safadi.WafiBiWafayat', '0764Safadi.AcyanCasr']",No Cluster,No Cluster,No Cluster,1826,1488
['0764Safadi.AcyanCasr'],No Cluster,No Cluster,No Cluster,1828,1489
['0911Suyuti.HusnMuhadara'],No Cluster,No Cluster,No Cluster,1831,1490
"['0874IbnTaghribirdi.NujumZahira', '0874IbnTaghribirdi.ManhalSafi', '0874IbnTaghribirdi.MawridLatafa']",No Cluster,No Cluster,No Cluster,1834,1492
['0874IbnTaghribirdi.NujumZahira'],No Cluster,No Cluster,No Cluster,1835,1493
['0626YaqutHamawi.MucjamUdaba'],['0764Safadi.WafiBiWafayat'],No Cluster,No Cluster,1839,1494
['0626YaqutHamawi.MucjamUdaba'],['0626YaqutHamawi.MucjamUdaba'],No Cluster,No Cluster,1839,1495
['0764Safadi.WafiBiWafayat'],['0626YaqutHamawi.MucjamUdaba'],No Cluster,No Cluster,1839,1496
['0775IbnAbiWafa.JawahirMudiya'],No Cluster,No Cluster,No Cluster,1840,1497
['0845Maqrizi.DurarCuqud'],No Cluster,No Cluster,No Cluster,1841,1498
['0845Maqrizi.DurarCuqud'],No Cluster,No Cluster,No Cluster,1842,1499
['0845Maqrizi.DurarCuqud'],No Cluster,No Cluster,No Cluster,1844,1500
['0845Maqrizi.DurarCuqud'],No Cluster,No Cluster,No Cluster,1845,1501
['0845Maqrizi.DurarCuqud'],No Cluster,No Cluster,No Cluster,1846,1502
['0845Maqrizi.DurarCuqud'],No Cluster,No Cluster,No Cluster,1847,1503
['0889IbnAhmadSakhawi.TuhfatAhbab'],No Cluster,No Cluster,No Cluster,1857,1504
['0456IbnHazm.IhkamFiUsulAhkam'],No Cluster,No Cluster,No Cluster,1863,1506
['0456IbnHazm.IhkamFiUsulAhkam'],['0456IbnHazm.IhkamFiUsulAhkam'],No Cluster,No Cluster,1864,1507
['0456IbnHazm.IhkamFiUsulAhkam'],['0456IbnHazm.IhkamFiUsulAhkam'],No Cluster,No Cluster,1864,1508
['0456IbnHazm.IhkamFiUsulAhkam'],['0726CallamaHilli.NihayatWusul'],No Cluster,No Cluster,1864,1509
['0456IbnHazm.IhkamFiUsulAhkam'],['0456IbnHazm.IhkamFiUsulAhkam'],No Cluster,No Cluster,1864,1510
['0456IbnHazm.IhkamFiUsulAhkam'],['0360Ramhurmuzi.MuhaddithFasil'],No Cluster,No Cluster,1866,1511
['0456IbnHazm.IhkamFiUsulAhkam'],['0488IbnFutuhHumaydi.JamcBaynaSahihayn'],No Cluster,No Cluster,1866,1512
['0456IbnHazm.IhkamFiUsulAhkam'],No Cluster,No Cluster,No Cluster,1867,1513
['0347IbnYunusSadafi.Tarikh'],No Cluster,No Cluster,No Cluster,1868,1514
['0350MuhammadKindi.WulatMisr'],['0262CumarIbnShabba.TarikhMadina'],No Cluster,No Cluster,1872,1518
['0845Maqrizi.Muqaffa'],['0571IbnCasakir.TarikhDimashq'],No Cluster,No Cluster,1872,1519
['0845Maqrizi.Muqaffa'],['0350MuhammadKindi.WulatMisr'],No Cluster,No Cluster,1872,1520
['0310Tabari.Tarikh'],['0211CabdRazzaqSancani.Musannaf'],No Cluster,No Cluster,1874,1523
['0350MuhammadKindi.WulatMisr'],['0350MuhammadKindi.WulatMisr'],No Cluster,No Cluster,1881,1524
['0350MuhammadKindi.WulatMisr'],['0350MuhammadKindi.WulatMisr'],No Cluster,No Cluster,1882,1525
['0845Maqrizi.ItticazHunafa'],No Cluster,No Cluster,No Cluster,1884,1526
['0845Maqrizi.Muqaffa'],['0845Maqrizi.Muqaffa'],No Cluster,No Cluster,1885,1527
['0845Maqrizi.Muqaffa'],No Cluster,No Cluster,No Cluster,1886,1528
['0845Maqrizi.ItticazHunafa'],No Cluster,No Cluster,No Cluster,1887,1529
['0808IbnKhaldun.Tarikh'],No Cluster,No Cluster,No Cluster,1888,1530
['0808IbnKhaldun.Tarikh'],No Cluster,No Cluster,No Cluster,1889,1531
['0845Maqrizi.ItticazHunafa'],No Cluster,No Cluster,No Cluster,1890,1532
['0845Maqrizi.ItticazHunafa'],['0821Qalqashandi.Maathir'],['0845Maqrizi.Muqaffa'],No Cluster,1891,1533
['0726CallamaHilli.NihayatWusul'],No Cluster,No Cluster,No Cluster,1892,1534
['0415QadiCabdJabbar.ManiyyaWaAmal'],['0548Shahrastani.MilalWaNihal'],No Cluster,No Cluster,1901,1537
['0606FakhrDinRazi.Ictiqadat'],No Cluster,No Cluster,No Cluster,1902,1538
['0764Safadi.WafiBiWafayat'],No Cluster,No Cluster,No Cluster,1906,1540
['0324Ashcari.MaqalatIslamiyyin'],['0324Ashcari.MaqalatIslamiyyin'],No Cluster,No Cluster,1911,1544
['0324Ashcari.MaqalatIslamiyyin'],['0548Shahrastani.MilalWaNihal'],No Cluster,No Cluster,1911,1545
['0429IbnTahirBaghdadi.FarqBaynaFiraq'],No Cluster,No Cluster,No Cluster,1917,1548
['0630IbnAthirCizzDin.Kamil'],No Cluster,No Cluster,No Cluster,1924,1549
['0334Azdi.TarikhMawsil'],No Cluster,No Cluster,No Cluster,1927,1550
['0656IbnCabdQawiMundhiri.TakmilaLiWafayatNaqala'],No Cluster,No Cluster,No Cluster,1941,1561
['0845Maqrizi.Muqaffa'],No Cluster,No Cluster,No Cluster,1948,1567
['0845Maqrizi.Suluk'],No Cluster,No Cluster,No Cluster,1951,1568
['0726Yunini.DhaylMiratZaman'],No Cluster,No Cluster,No Cluster,1953,1570
['0656IbnCabdQawiMundhiri.TakmilaLiWafayatNaqala'],['0656IbnCabdQawiMundhiri.TakmilaLiWafayatNaqala'],['0733Nuwayri.NihayatArab'],No Cluster,1954,1571
['0845Maqrizi.Muqaffa'],['0748Dhahabi.TarikhIslam'],No Cluster,No Cluster,1956,1572
['0845Maqrizi.Muqaffa'],"['0764Safadi.WafiBiWafayat', '0764IbnShakirKutubi.FawatWafayat']",No Cluster,No Cluster,1957,1573
['0748Dhahabi.TarikhIslam'],No Cluster,No Cluster,No Cluster,1964,1574
['0845Maqrizi.Suluk'],No Cluster,No Cluster,No Cluster,1965,1575
['0845Maqrizi.Suluk'],['0809IbnDuqmaq.NuzhatAnam'],No Cluster,No Cluster,1967,1576
['0597IbnJawzi.Muntazam'],No Cluster,No Cluster,No Cluster,1971,1579
['0733Nuwayri.NihayatArab'],No Cluster,No Cluster,No Cluster,1975,1580
['0845Maqrizi.Suluk'],No Cluster,No Cluster,No Cluster,1976,1581
['0845Maqrizi.Muqaffa'],No Cluster,No Cluster,No Cluster,1979,1582
['0807IbnFurat.TarikhDuwal'],No Cluster,No Cluster,No Cluster,1985,1583
['0845Maqrizi.Suluk'],['0733Nuwayri.NihayatArab'],['0807IbnFurat.TarikhDuwal'],No Cluster,1986,1584
['0845Maqrizi.Suluk'],['0733Nuwayri.NihayatArab'],No Cluster,No Cluster,1986,1585
['0845Maqrizi.Suluk'],No Cluster,No Cluster,No Cluster,1990,1586
['0845Maqrizi.Suluk'],No Cluster,No Cluster,No Cluster,1993,1587
['0889IbnAhmadSakhawi.TuhfatAhbab'],No Cluster,No Cluster,No Cluster,2002,1588
['0845Maqrizi.DurarCuqud'],No Cluster,No Cluster,No Cluster,2014,1589
['0733Nuwayri.NihayatArab'],['0911Suyuti.HusnMuhadara'],No Cluster,No Cluster,2015,1590
['0889IbnAhmadSakhawi.TuhfatAhbab'],No Cluster,No Cluster,No Cluster,2016,1591
['0845Maqrizi.Suluk'],No Cluster,No Cluster,No Cluster,2017,1592
['0764Safadi.AcyanCasr'],No Cluster,No Cluster,No Cluster,2023,1594
['0889IbnAhmadSakhawi.TuhfatAhbab'],No Cluster,No Cluster,No Cluster,2026,1596
['0733Nuwayri.NihayatArab'],No Cluster,No Cluster,No Cluster,2027,1597
['0845Maqrizi.KhabarCanBashar'],No Cluster,No Cluster,No Cluster,2033,1599
['0843IbnKhatibNasiriyya.DurrMuntakhab'],['0843IbnKhatibNasiriyya.DurrMuntakhab'],No Cluster,No Cluster,2034,1600
['0845Maqrizi.Muqaffa'],No Cluster,No Cluster,No Cluster,2039,1604
['0911Suyuti.HusnMuhadara'],No Cluster,No Cluster,No Cluster,2044,1607
['0911Suyuti.HusnMuhadara'],No Cluster,No Cluster,No Cluster,2047,1608
['0759MufaddalIbnAbiFadail.NahjSadid'],No Cluster,No Cluster,No Cluster,2051,1609
['0845Maqrizi.DurarCuqud'],['0852IbnHajarCasqalani.InbaGhumr'],No Cluster,No Cluster,2055,1610
['0845Maqrizi.Muqaffa'],No Cluster,No Cluster,No Cluster,2058,1611
['0772IbnHasanJamalDinIsnawi.TabaqatShaficiyya'],No Cluster,No Cluster,No Cluster,2062,1612
['0764Safadi.AcyanCasr'],['0764Safadi.AcyanCasr'],['0764Safadi.WafiBiWafayat'],No Cluster,2064,1613
"['0764Safadi.WafiBiWafayat', '0764Safadi.AcyanCasr']",No Cluster,No Cluster,No Cluster,2066,1614
"['0748Dhahabi.CibarFiKhabar', '0748Dhahabi.DhaylCibar']",No Cluster,No Cluster,No Cluster,2071,1617
['0739ShamsDinJazari.HawadithZaman'],No Cluster,No Cluster,No Cluster,2075,1618
['0726Yunini.DhaylMiratZaman'],['0748Dhahabi.TarikhIslam'],No Cluster,No Cluster,2076,1619
['0889IbnAhmadSakhawi.TuhfatAhbab'],No Cluster,No Cluster,No Cluster,2079,1620
['0864Jazairi.IbtisamGhurus'],['0864Jazairi.IbtisamGhurus'],No Cluster,No Cluster,2080,1621
['0874IbnTaghribirdi.NujumZahira'],No Cluster,No Cluster,No Cluster,2082,1622
['0562Samcani.Ansab'],['0631SayfDinAmidi.AbkarAfkar'],No Cluster,No Cluster,2084,1623
['0562Samcani.Ansab'],['0562Samcani.Ansab'],No Cluster,No Cluster,2084,1624
['0889IbnAhmadSakhawi.TuhfatAhbab'],['0749IbnFadlAllahCumari.MasalikAbsar'],No Cluster,No Cluster,2085,1625
['0630IbnAthirCizzDin.Kamil'],['0630IbnAthirCizzDin.Kamil'],['0279Baladhuri.AnsabAshraf'],No Cluster,2089,1630
['0630IbnAthirCizzDin.Kamil'],['0630IbnAthirCizzDin.Kamil'],No Cluster,No Cluster,2089,1631
['0630IbnAthirCizzDin.Kamil'],['0310Tabari.Tarikh'],No Cluster,No Cluster,2089,1632
['0630IbnAthirCizzDin.Kamil'],['0630IbnAthirCizzDin.Kamil'],No Cluster,No Cluster,2089,1633
['0310Tabari.Tarikh'],['0630IbnAthirCizzDin.Kamil'],No Cluster,No Cluster,2091,1636
['0341AbuNasrBukhari.SirrSilsilaCalawiyya'],['0310Tabari.Tarikh'],No Cluster,No Cluster,2091,1637
['0733Nuwayri.NihayatArab'],['0001CantaraIbnShaddad.Diwan'],['0310Tabari.Tarikh'],No Cluster,2091,1638
['0421Miskawayh.Tajarib'],['0310Tabari.Tarikh'],No Cluster,No Cluster,2094,1645
['0310Tabari.Tarikh'],['0310Tabari.Tarikh'],No Cluster,No Cluster,2094,1646
['0310Tabari.Tarikh'],['0310Tabari.Tarikh'],No Cluster,No Cluster,2094,1647
['0310Tabari.Tarikh'],['0310Tabari.Tarikh'],['0362AbuFarajIsbahani.MaqatilTalibiyyin'],No Cluster,2094,1648
['0733Nuwayri.NihayatArab'],['0279Baladhuri.AnsabAshraf'],No Cluster,No Cluster,2095,1649
['0279Baladhuri.AnsabAshraf'],['0630IbnAthirCizzDin.Kamil'],['0310Tabari.Tarikh'],No Cluster,2095,1650
['0279Baladhuri.AnsabAshraf'],['0421Miskawayh.Tajarib'],['0310Tabari.Tarikh'],No Cluster,2095,1651
['0214IbnCabdHakamMisri.SiratCumarIbnCabdCaziz'],['0277IbnSufyanFasawi.MacrifaWaTarikh'],No Cluster,No Cluster,2098,1656
['0889IbnAhmadSakhawi.TuhfatAhbab'],No Cluster,No Cluster,No Cluster,2100,1659
['0615MuwaffaqDinShafici.MurshidZuwwar'],['0310Tabari.Tarikh'],No Cluster,No Cluster,2101,1660
['0814IbnZayyat.KawakibSayyara'],['0889IbnAhmadSakhawi.TuhfatAhbab'],No Cluster,No Cluster,2108,1668
['0889IbnAhmadSakhawi.TuhfatAhbab'],No Cluster,No Cluster,No Cluster,2109,1669
"['0845Maqrizi.Muqaffa', '0845Maqrizi.ItticazHunafa']",No Cluster,No Cluster,No Cluster,2112,1670
['0257IbnCabdHakam.FutuhMisr'],No Cluster,No Cluster,No Cluster,2124,1673
['0889IbnAhmadSakhawi.TuhfatAhbab'],No Cluster,No Cluster,No Cluster,2133,1679
['0528HakamIbnAbiSalt.Diwan'],No Cluster,No Cluster,No Cluster,2136,1680
['0615MuwaffaqDinShafici.MurshidZuwwar'],No Cluster,No Cluster,No Cluster,2139,1681
['0889IbnAhmadSakhawi.TuhfatAhbab'],No Cluster,No Cluster,No Cluster,2143,1683
['0845Maqrizi.KhabarCanBashar'],No Cluster,No Cluster,No Cluster,2145,1684
['0845Maqrizi.KhabarCanBashar'],['0487AbuCubaydBakri.MasalikWaMamalik'],No Cluster,No Cluster,2147,1685
['0845Maqrizi.KhabarCanBashar'],['0596IbnWasifShah.MukhtasarCajaibDunya'],No Cluster,No Cluster,2147,1686
['0845Maqrizi.KhabarCanBashar'],['0600PseudoMascudi.AkhbarZaman'],['0487AbuCubaydBakri.MasalikWaMamalik'],No Cluster,2148,1687
['0845Maqrizi.KhabarCanBashar'],['0808IbnKhaldun.Tarikh'],['0600PseudoMascudi.AkhbarZaman'],No Cluster,2149,1688
['0845Maqrizi.KhabarCanBashar'],['0808IbnKhaldun.Tarikh'],No Cluster,No Cluster,2150,1689
['0600PseudoMascudi.AkhbarZaman'],['0596IbnWasifShah.MukhtasarCajaibDunya'],No Cluster,No Cluster,2151,1690
['0600PseudoMascudi.AkhbarZaman'],['0845Maqrizi.KhabarCanBashar'],No Cluster,No Cluster,2151,1691
['0845Maqrizi.KhabarCanBashar'],['0808IbnKhaldun.Tarikh'],No Cluster,No Cluster,2153,1692
['0845Maqrizi.KhabarCanBashar'],['0440AbuRayhanBiruni.AtharBaqiya'],No Cluster,No Cluster,2162,1695
['0845Maqrizi.KhabarCanBashar'],['0440AbuRayhanBiruni.AtharBaqiya'],No Cluster,No Cluster,2163,1696
['0400IbnTahirMaqdisi.BadWaTarikh'],No Cluster,No Cluster,No Cluster,2176,1697
['0400IbnTahirMaqdisi.BadWaTarikh'],No Cluster,No Cluster,No Cluster,2179,1698
"['0845Maqrizi.KhabarCanBashar', '0845Maqrizi.DawSari']",['0845Maqrizi.DawSari'],No Cluster,No Cluster,2180,1699
['0487AbuCubaydBakri.MasalikWaMamalik'],No Cluster,No Cluster,No Cluster,2183,1701
['0338AbuJacfarNahhas.MacaniQuran'],"['0328AbuBakrIbnAnbari.ZahirFiMacani', '0328AbuBakrIbnAnbari.Addad']",No Cluster,No Cluster,2184,1702
['0808IbnKhaldun.Tarikh'],No Cluster,No Cluster,No Cluster,2200,1704
['0821Qalqashandi.SubhAcsha'],No Cluster,No Cluster,No Cluster,2207,1705
['0845Maqrizi.Muqaffa'],No Cluster,No Cluster,No Cluster,2208,1706
['0310Tabari.Tarikh'],['0630IbnAthirCizzDin.Kamil'],No Cluster,No Cluster,2211,1707
['0310Tabari.Tarikh'],['0310Tabari.Tarikh'],No Cluster,No Cluster,2211,1708
['0821Qalqashandi.SubhAcsha'],No Cluster,No Cluster,No Cluster,2212,1709
['0821Qalqashandi.SubhAcsha'],No Cluster,No Cluster,No Cluster,2213,1710
['0821Qalqashandi.SubhAcsha'],No Cluster,No Cluster,No Cluster,2215,1711
['0821Qalqashandi.SubhAcsha'],No Cluster,No Cluster,No Cluster,2216,1712
['0855BadrDinCayni.CiqdJuman'],No Cluster,No Cluster,No Cluster,2220,1713
['0400IbnTahirMaqdisi.BadWaTarikh'],No Cluster,No Cluster,No Cluster,2225,1715
['0400IbnTahirMaqdisi.BadWaTarikh'],['0400IbnTahirMaqdisi.BadWaTarikh'],No Cluster,No Cluster,2226,1716
['0400IbnTahirMaqdisi.BadWaTarikh'],['0400IbnTahirMaqdisi.BadWaTarikh'],No Cluster,No Cluster,2226,1717
['0400IbnTahirMaqdisi.BadWaTarikh'],No Cluster,No Cluster,No Cluster,2227,1718
['0388Shabushti.Diyarat'],No Cluster,No Cluster,No Cluster,2231,1721
['0388Shabushti.Diyarat'],['0388Shabushti.Diyarat'],No Cluster,No Cluster,2234,1722
['0388Shabushti.Diyarat'],['0388Shabushti.Diyarat'],No Cluster,No Cluster,2234,1723
['0388Shabushti.Diyarat'],No Cluster,No Cluster,No Cluster,2240,1725
['0732AbuFida.TaqwimBuldan'],No Cluster,No Cluster,No Cluster,2243,1726
['0350MuhammadKindi.WulatMisr'],No Cluster,No Cluster,No Cluster,2247,1729
['0350MuhammadKindi.WulatMisr'],No Cluster,No Cluster,No Cluster,2248,1730
['0845Maqrizi.Suluk'],No Cluster,No Cluster,No Cluster,2250,1731
['0902Sakhawi.AjwibaMurdiyya'],No Cluster,No Cluster,No Cluster,2251,1732
['0845Maqrizi.Suluk'],No Cluster,No Cluster,No Cluster,2254,1733
['0845Maqrizi.Suluk'],['0874IbnTaghribirdi.NujumZahira'],No Cluster,No Cluster,2255,1734
['0845Maqrizi.Suluk'],No Cluster,No Cluster,No Cluster,2258,1735
['0845Maqrizi.Suluk'],No Cluster,No Cluster,No Cluster,2259,1736
['0845Maqrizi.MusawwadatMawaciz'],No Cluster,No Cluster,No Cluster,2265,1737
