,Unnamed: 0.1,Unnamed: 0,uri,ms,origin,origin_prev_ms
10,10,10.0,0151IbnIshaq.Sira,51,self,False
1059,0,,0151IbnIshaq.Sira,51,0213IbnHisham.SiraNabawiyya.3,False
1060,1,,0151IbnIshaq.Sira,51,0257IbnCabdHakam.FutuhMisr.2,False
1062,3,,0151IbnIshaq.Sira,51,0581AbuQasimSuhayli.RawdUnuf.21,False
1064,5,,0151IbnIshaq.Sira,51,0783IbnHadida.MisbahMudi.215,False
1065,6,,0151IbnIshaq.Sira,51,0845Maqrizi.KhabarCanBashar.2593,False
1066,7,,0151IbnIshaq.Sira,51,0213IbnHisham.SiraNabawiyya.2,True
1067,8,,0151IbnIshaq.Sira,51,0257IbnCabdHakam.FutuhMisr.2,True
1069,10,,0151IbnIshaq.Sira,51,0581AbuQasimSuhayli.RawdUnuf.20,True
1070,11,,0151IbnIshaq.Sira,51,0654SibtIbnJawzi.MiratZaman.268,True
12,12,12.0,0151IbnIshaq.Sira,424,self,False
1672,0,,0151IbnIshaq.Sira,424,0449IbnBattalQurtubi.SharhSahihBukhari.1739,False
1673,1,,0151IbnIshaq.Sira,424,0458Bayhaqi.DalailNubuwwa.1161,False
1674,2,,0151IbnIshaq.Sira,424,0571IbnCasakir.TarikhDimashq.379,False
1675,3,,0151IbnIshaq.Sira,424,0711IbnManzurIfriqi.MukhtasarTarikhDimashq.102,False
1676,4,,0151IbnIshaq.Sira,424,0733Nuwayri.NihayatArab.3670,False
1677,5,,0151IbnIshaq.Sira,424,0733Nuwayri.NihayatArab.3671,False
1678,6,,0151IbnIshaq.Sira,424,0748Dhahabi.SiyarAclamNubala.549,False
1679,7,,0151IbnIshaq.Sira,424,0748Dhahabi.TarikhIslam.365,False
1680,8,,0151IbnIshaq.Sira,424,0751IbnQayyimJawziyya.ZadMacad.894,False
1681,9,,0151IbnIshaq.Sira,424,0774IbnKathir.Bidaya.2078,False
1683,11,,0151IbnIshaq.Sira,424,0844IbnHusaynIbnRaslanRamli.SharhSunanAbiDawud.4226,False
1684,12,,0151IbnIshaq.Sira,424,0852IbnHajarCasqalani.IntiqadIctirad.335,False
1685,13,,0151IbnIshaq.Sira,424,0855BadrDinCayni.CumdatQari.5573,False
1686,14,,0151IbnIshaq.Sira,424,0900IbnCabdMuncimHimyari.RawdMictar.130,False
1689,17,,0151IbnIshaq.Sira,424,0213IbnHisham.SiraNabawiyya.815,True
1690,18,,0151IbnIshaq.Sira,424,0224QasimIbnSallam.Amwal.133,True
1691,19,,0151IbnIshaq.Sira,424,0251IbnZanjawayh.Amwal.174,True
1692,20,,0151IbnIshaq.Sira,424,0581AbuQasimSuhayli.RawdUnuf.1615,True
1693,21,,0151IbnIshaq.Sira,424,0733Nuwayri.NihayatArab.3670,True
1694,22,,0151IbnIshaq.Sira,424,0748Dhahabi.SiyarAclamNubala.548,True
1695,23,,0151IbnIshaq.Sira,424,0748Dhahabi.TarikhIslam.364,True
847,847,897.0,0180Sibawayhi,1292,self,False
3161,0,,0180Sibawayhi,1292,0458IbnSidaMursi.MuhkamWaMuhit.641,False
3166,5,,0180Sibawayhi,1292,0711IbnManzurIfriqi.LisanCarab.7418,False
3167,6,,0180Sibawayhi,1292,0762MughultayIbnQilij.SharhSunanIbnMaja.1087,False
3169,8,,0180Sibawayhi,1292,0458IbnSidaMursi.MuhkamWaMuhit.641,True
3172,11,,0180Sibawayhi,1292,0711IbnManzurIfriqi.LisanCarab.7418,True
3163,2,,0458IbnSidaMursi.MuhkamWaMuhit,1292,0711IbnManzurIfriqi.LisanCarab.7417,False
3164,3,,0458IbnSidaMursi.MuhkamWaMuhit,1292,0711IbnManzurIfriqi.LisanCarab.7418,False
3165,4,,0458IbnSidaMursi.MuhkamWaMuhit,1292,0711IbnManzurIfriqi.LisanCarab.7419,False
3168,7,,0458IbnSidaMursi.MuhkamWaMuhit,1292,0762MughultayIbnQilij.SharhSunanIbnMaja.1087,False
3170,9,,0458IbnSidaMursi.MuhkamWaMuhit,1292,0711IbnManzurIfriqi.LisanCarab.7417,True
3171,10,,0458IbnSidaMursi.MuhkamWaMuhit,1292,0711IbnManzurIfriqi.LisanCarab.7418,True
21,21,21.0,0588IbnMamun.AkhbarMisr,484,self,False
2817,0,,0588IbnMamun.AkhbarMisr,484,0588IbnMamun.AkhbarMisr.16,False
2820,3,,0588IbnMamun.AkhbarMisr,484,0930IbnIyas.NuzhatUmam.176,False
2822,5,,0588IbnMamun.AkhbarMisr,484,0588IbnMamun.AkhbarMisr.15,True
2826,9,,0588IbnMamun.AkhbarMisr,484,0930IbnIyas.NuzhatUmam.176,True
22,22,22.0,0588IbnMamun.AkhbarMisr,485,self,False
4132,0,,0588IbnMamun.AkhbarMisr,485,0588IbnMamun.AkhbarMisr.16,False
4133,1,,0588IbnMamun.AkhbarMisr,485,0588IbnMamun.AkhbarMisr.17,False
4134,2,,0588IbnMamun.AkhbarMisr,485,0588IbnMamun.AkhbarMisr.15,True
4135,3,,0588IbnMamun.AkhbarMisr,485,0588IbnMamun.AkhbarMisr.16,True
32,32,32.0,0588IbnMamun.AkhbarMisr,903,self,False
3324,0,,0588IbnMamun.AkhbarMisr,903,0588IbnMamun.AkhbarMisr.75,False
3325,1,,0588IbnMamun.AkhbarMisr,903,0588IbnMamun.AkhbarMisr.107,False
3327,3,,0588IbnMamun.AkhbarMisr,903,0845Maqrizi.MusawwadatMawaciz.308,False
3329,5,,0588IbnMamun.AkhbarMisr,903,0588IbnMamun.AkhbarMisr.74,True
3330,6,,0588IbnMamun.AkhbarMisr,903,0588IbnMamun.AkhbarMisr.106,True
33,33,33.0,0588IbnMamun.AkhbarMisr,904,self,False
3926,0,,0588IbnMamun.AkhbarMisr,904,0588IbnMamun.AkhbarMisr.75,False
3927,1,,0588IbnMamun.AkhbarMisr,904,0588IbnMamun.AkhbarMisr.76,False
3928,2,,0588IbnMamun.AkhbarMisr,904,0588IbnMamun.AkhbarMisr.70,True
3929,3,,0588IbnMamun.AkhbarMisr,904,0588IbnMamun.AkhbarMisr.74,True
3930,4,,0588IbnMamun.AkhbarMisr,904,0588IbnMamun.AkhbarMisr.75,True
40,40,40.0,0588IbnMamun.AkhbarMisr,925,self,False
1925,0,,0588IbnMamun.AkhbarMisr,925,0588IbnMamun.AkhbarMisr.53,False
1927,2,,0588IbnMamun.AkhbarMisr,925,0845Maqrizi.MusawwadatMawaciz.207,False
1928,3,,0588IbnMamun.AkhbarMisr,925,0845Maqrizi.MusawwadatMawaciz.209,False
1931,6,,0588IbnMamun.AkhbarMisr,925,0845Maqrizi.MusawwadatMawaciz.207,True
1932,7,,0588IbnMamun.AkhbarMisr,925,0845Maqrizi.MusawwadatMawaciz.254,True
46,46,46.0,0588IbnMamun.AkhbarMisr,931,self,False
2959,0,,0588IbnMamun.AkhbarMisr,931,0588IbnMamun.AkhbarMisr.60,False
2960,1,,0588IbnMamun.AkhbarMisr,931,0588IbnMamun.AkhbarMisr.87,False
2961,2,,0588IbnMamun.AkhbarMisr,931,0588IbnMamun.AkhbarMisr.86,True
2962,3,,0588IbnMamun.AkhbarMisr,931,0845Maqrizi.MusawwadatMawaciz.254,True
49,49,49.0,0588IbnMamun.AkhbarMisr,947,self,False
2667,0,,0588IbnMamun.AkhbarMisr,947,0588IbnMamun.AkhbarMisr.96,False
2669,2,,0588IbnMamun.AkhbarMisr,947,0692IbnCabdZahir.RawdaBahiyya.50,False
2670,3,,0588IbnMamun.AkhbarMisr,947,0845Maqrizi.MusawwadatMawaciz.210,False
2671,4,,0588IbnMamun.AkhbarMisr,947,0845Maqrizi.MusawwadatMawaciz.212,False
2673,6,,0588IbnMamun.AkhbarMisr,947,0845Maqrizi.Muqaffa.2752,True
2676,9,,0588IbnMamun.AkhbarMisr,947,0845Maqrizi.MusawwadatMawaciz.209,True
50,50,50.0,0588IbnMamun.AkhbarMisr,948,self,False
1717,0,,0588IbnMamun.AkhbarMisr,948,0588IbnMamun.AkhbarMisr.96,False
1718,1,,0588IbnMamun.AkhbarMisr,948,0588IbnMamun.AkhbarMisr.96,True
1719,2,,0588IbnMamun.AkhbarMisr,948,0845Maqrizi.Muqaffa.2752,True
1720,3,,0588IbnMamun.AkhbarMisr,948,0845Maqrizi.MusawwadatMawaciz.212,True
53,53,53.0,0588IbnMamun.AkhbarMisr,951,self,False
910,0,,0588IbnMamun.AkhbarMisr,951,0588IbnMamun.AkhbarMisr.100,False
911,1,,0588IbnMamun.AkhbarMisr,951,0692IbnCabdZahir.RawdaBahiyya.50,False
913,3,,0588IbnMamun.AkhbarMisr,951,0845Maqrizi.MusawwadatMawaciz.212,False
54,54,54.0,0588IbnMamun.AkhbarMisr,952,self,False
1763,0,,0588IbnMamun.AkhbarMisr,952,0588IbnMamun.AkhbarMisr.101,False
1767,4,,0588IbnMamun.AkhbarMisr,952,0845Maqrizi.MusawwadatMawaciz.209,False
1768,5,,0588IbnMamun.AkhbarMisr,952,0588IbnMamun.AkhbarMisr.100,True
1771,8,,0588IbnMamun.AkhbarMisr,952,0845Maqrizi.MusawwadatMawaciz.210,True
647,647,696.0,0617IbnTuwayr.NuzhatMuqlatayn,952,self,False
1764,1,,0617IbnTuwayr.NuzhatMuqlatayn,952,0617IbnTuwayr.NuzhatMuqlatayn.192,False
1769,6,,0617IbnTuwayr.NuzhatMuqlatayn,952,0617IbnTuwayr.NuzhatMuqlatayn.191,True
1770,7,,0617IbnTuwayr.NuzhatMuqlatayn,952,0617IbnTuwayr.NuzhatMuqlatayn.192,True
1772,9,,0617IbnTuwayr.NuzhatMuqlatayn,952,0845Maqrizi.MusawwadatMawaciz.210,True
55,55,55.0,0588IbnMamun.AkhbarMisr,971,self,False
3555,0,,0588IbnMamun.AkhbarMisr,971,0588IbnMamun.AkhbarMisr.17,False
3556,1,,0588IbnMamun.AkhbarMisr,971,0588IbnMamun.AkhbarMisr.38,False
3560,5,,0588IbnMamun.AkhbarMisr,971,0845Maqrizi.MusawwadatMawaciz.330,False
3561,6,,0588IbnMamun.AkhbarMisr,971,0588IbnMamun.AkhbarMisr.16,True
3562,7,,0588IbnMamun.AkhbarMisr,971,0588IbnMamun.AkhbarMisr.17,True
3566,11,,0588IbnMamun.AkhbarMisr,971,0845Maqrizi.MusawwadatMawaciz.330,True
58,58,58.0,0588IbnMamun.AkhbarMisr,974,self,False
3757,0,,0588IbnMamun.AkhbarMisr,974,0588IbnMamun.AkhbarMisr.39,False
3758,1,,0588IbnMamun.AkhbarMisr,974,0588IbnMamun.AkhbarMisr.65,False
3759,2,,0588IbnMamun.AkhbarMisr,974,0588IbnMamun.AkhbarMisr.67,False
3760,3,,0588IbnMamun.AkhbarMisr,974,0588IbnMamun.AkhbarMisr.38,True
60,60,60.0,0588IbnMamun.AkhbarMisr,982,self,False
1002,0,,0588IbnMamun.AkhbarMisr,982,0588IbnMamun.AkhbarMisr.29,False
1003,1,,0588IbnMamun.AkhbarMisr,982,0845Maqrizi.Muqaffa.2752,False
1005,3,,0588IbnMamun.AkhbarMisr,982,0845Maqrizi.MusawwadatMawaciz.222,False
1006,4,,0588IbnMamun.AkhbarMisr,982,0845Maqrizi.MusawwadatMawaciz.225,False
1007,5,,0588IbnMamun.AkhbarMisr,982,0845Maqrizi.MusawwadatMawaciz.252,False
1009,7,,0588IbnMamun.AkhbarMisr,982,0588IbnMamun.AkhbarMisr.28,True
1010,8,,0588IbnMamun.AkhbarMisr,982,0588IbnMamun.AkhbarMisr.29,True
1011,9,,0588IbnMamun.AkhbarMisr,982,0588IbnMamun.AkhbarMisr.43,True
1012,10,,0588IbnMamun.AkhbarMisr,982,0845Maqrizi.Muqaffa.2751,True
1013,11,,0588IbnMamun.AkhbarMisr,982,0845Maqrizi.Muqaffa.2752,True
1016,14,,0588IbnMamun.AkhbarMisr,982,0845Maqrizi.MusawwadatMawaciz.222,True
1017,15,,0588IbnMamun.AkhbarMisr,982,0845Maqrizi.MusawwadatMawaciz.251,True
63,63,63.0,0588IbnMamun.AkhbarMisr,993,self,False
2499,0,,0588IbnMamun.AkhbarMisr,993,0588IbnMamun.AkhbarMisr.25,False
2500,1,,0588IbnMamun.AkhbarMisr,993,0845Maqrizi.Muqaffa.2751,False
2501,2,,0588IbnMamun.AkhbarMisr,993,0845Maqrizi.MusawwadatMawaciz.288,False
2503,4,,0588IbnMamun.AkhbarMisr,993,0845Maqrizi.MusawwadatMawaciz.288,True
64,64,64.0,0588IbnMamun.AkhbarMisr,994,self,False
3885,0,,0588IbnMamun.AkhbarMisr,994,0588IbnMamun.AkhbarMisr.25,False
3886,1,,0588IbnMamun.AkhbarMisr,994,0588IbnMamun.AkhbarMisr.26,False
3887,2,,0588IbnMamun.AkhbarMisr,994,0845Maqrizi.ItticazHunafa.446,False
3888,3,,0588IbnMamun.AkhbarMisr,994,0845Maqrizi.Muqaffa.2751,False
3889,4,,0588IbnMamun.AkhbarMisr,994,0845Maqrizi.Muqaffa.2752,False
3890,5,,0588IbnMamun.AkhbarMisr,994,0588IbnMamun.AkhbarMisr.25,True
3891,6,,0588IbnMamun.AkhbarMisr,994,0845Maqrizi.Muqaffa.2751,True
65,65,65.0,0588IbnMamun.AkhbarMisr,995,self,False
2851,0,,0588IbnMamun.AkhbarMisr,995,0588IbnMamun.AkhbarMisr.26,False
2852,1,,0588IbnMamun.AkhbarMisr,995,0588IbnMamun.AkhbarMisr.27,False
2853,2,,0588IbnMamun.AkhbarMisr,995,0845Maqrizi.ItticazHunafa.446,False
2854,3,,0588IbnMamun.AkhbarMisr,995,0845Maqrizi.Muqaffa.2752,False
2856,5,,0588IbnMamun.AkhbarMisr,995,0588IbnMamun.AkhbarMisr.25,True
2857,6,,0588IbnMamun.AkhbarMisr,995,0588IbnMamun.AkhbarMisr.26,True
2858,7,,0588IbnMamun.AkhbarMisr,995,0588IbnMamun.AkhbarMisr.29,True
2859,8,,0588IbnMamun.AkhbarMisr,995,0845Maqrizi.Muqaffa.2751,True
2860,9,,0588IbnMamun.AkhbarMisr,995,0845Maqrizi.MusawwadatMawaciz.288,True
67,67,67.0,0588IbnMamun.AkhbarMisr,997,self,False
1561,0,,0588IbnMamun.AkhbarMisr,997,0588IbnMamun.AkhbarMisr.86,False
1562,1,,0588IbnMamun.AkhbarMisr,997,0588IbnMamun.AkhbarMisr.87,False
1564,3,,0588IbnMamun.AkhbarMisr,997,0588IbnMamun.AkhbarMisr.86,True
1565,4,,0588IbnMamun.AkhbarMisr,997,0845Maqrizi.MusawwadatMawaciz.291,True
69,69,69.0,0588IbnMamun.AkhbarMisr,999,self,False
2544,0,,0588IbnMamun.AkhbarMisr,999,0588IbnMamun.AkhbarMisr.102,False
2547,3,,0588IbnMamun.AkhbarMisr,999,0845Maqrizi.MusawwadatMawaciz.294,False
2550,6,,0588IbnMamun.AkhbarMisr,999,0588IbnMamun.AkhbarMisr.101,True
2552,8,,0588IbnMamun.AkhbarMisr,999,0845Maqrizi.MusawwadatMawaciz.291,True
2553,9,,0588IbnMamun.AkhbarMisr,999,0845Maqrizi.MusawwadatMawaciz.294,True
71,71,71.0,0588IbnMamun.AkhbarMisr,1003,self,False
3273,0,,0588IbnMamun.AkhbarMisr,1003,0588IbnMamun.AkhbarMisr.63,False
3274,1,,0588IbnMamun.AkhbarMisr,1003,0692IbnCabdZahir.RawdaBahiyya.42,False
3275,2,,0588IbnMamun.AkhbarMisr,1003,0845Maqrizi.MusawwadatMawaciz.297,False
3276,3,,0588IbnMamun.AkhbarMisr,1003,0845Maqrizi.MusawwadatMawaciz.320,False
3277,4,,0588IbnMamun.AkhbarMisr,1003,0588IbnMamun.AkhbarMisr.62,True
3279,6,,0588IbnMamun.AkhbarMisr,1003,0845Maqrizi.MusawwadatMawaciz.319,True
72,72,72.0,0588IbnMamun.AkhbarMisr,1004,self,False
2221,0,,0588IbnMamun.AkhbarMisr,1004,0588IbnMamun.AkhbarMisr.63,False
2222,1,,0588IbnMamun.AkhbarMisr,1004,0845Maqrizi.MusawwadatMawaciz.297,False
2223,2,,0588IbnMamun.AkhbarMisr,1004,0588IbnMamun.AkhbarMisr.62,True
2224,3,,0588IbnMamun.AkhbarMisr,1004,0588IbnMamun.AkhbarMisr.63,True
2226,5,,0588IbnMamun.AkhbarMisr,1004,0845Maqrizi.MusawwadatMawaciz.297,True
73,73,73.0,0588IbnMamun.AkhbarMisr,1013,self,False
3093,0,,0588IbnMamun.AkhbarMisr,1013,0588IbnMamun.AkhbarMisr.101,False
3095,2,,0588IbnMamun.AkhbarMisr,1013,0845Maqrizi.MusawwadatMawaciz.300,False
3097,4,,0588IbnMamun.AkhbarMisr,1013,0588IbnMamun.AkhbarMisr.100,True
74,74,74.0,0588IbnMamun.AkhbarMisr,1014,self,False
3497,0,,0588IbnMamun.AkhbarMisr,1014,0588IbnMamun.AkhbarMisr.43,False
3498,1,,0588IbnMamun.AkhbarMisr,1014,0588IbnMamun.AkhbarMisr.101,False
3503,6,,0588IbnMamun.AkhbarMisr,1014,0845Maqrizi.MusawwadatMawaciz.300,False
3504,7,,0588IbnMamun.AkhbarMisr,1014,0588IbnMamun.AkhbarMisr.100,True
750,750,799.0,0387IbnZulaq,1014,self,False
3499,2,,0387IbnZulaq,1014,0677IbnMuyassar.AkhbarMisr.90,False
3500,3,,0387IbnZulaq,1014,0845Maqrizi.ItticazHunafa.79,False
3502,5,,0387IbnZulaq,1014,0845Maqrizi.MusawwadatMawaciz.228,False
75,75,75.0,0588IbnMamun.AkhbarMisr,1016,self,False
2714,0,,0588IbnMamun.AkhbarMisr,1016,0588IbnMamun.AkhbarMisr.27,False
2715,1,,0588IbnMamun.AkhbarMisr,1016,0588IbnMamun.AkhbarMisr.28,False
2716,2,,0588IbnMamun.AkhbarMisr,1016,0588IbnMamun.AkhbarMisr.29,False
2717,3,,0588IbnMamun.AkhbarMisr,1016,0845Maqrizi.Muqaffa.2752,False
2719,5,,0588IbnMamun.AkhbarMisr,1016,0845Maqrizi.MusawwadatMawaciz.222,False
2720,6,,0588IbnMamun.AkhbarMisr,1016,0845Maqrizi.MusawwadatMawaciz.229,False
2721,7,,0588IbnMamun.AkhbarMisr,1016,0845Maqrizi.MusawwadatMawaciz.230,False
2722,8,,0588IbnMamun.AkhbarMisr,1016,0845Maqrizi.MusawwadatMawaciz.251,False
2723,9,,0588IbnMamun.AkhbarMisr,1016,0845Maqrizi.MusawwadatMawaciz.252,False
2724,10,,0588IbnMamun.AkhbarMisr,1016,0588IbnMamun.AkhbarMisr.26,True
2725,11,,0588IbnMamun.AkhbarMisr,1016,0588IbnMamun.AkhbarMisr.27,True
2726,12,,0588IbnMamun.AkhbarMisr,1016,0588IbnMamun.AkhbarMisr.28,True
2727,13,,0588IbnMamun.AkhbarMisr,1016,0845Maqrizi.Muqaffa.2751,True
2729,15,,0588IbnMamun.AkhbarMisr,1016,0845Maqrizi.MusawwadatMawaciz.229,True
2730,16,,0588IbnMamun.AkhbarMisr,1016,0845Maqrizi.MusawwadatMawaciz.251,True
79,79,79.0,0588IbnMamun.AkhbarMisr,1020,self,False
2888,0,,0588IbnMamun.AkhbarMisr,1020,0845Maqrizi.MusawwadatMawaciz.230,False
2889,1,,0588IbnMamun.AkhbarMisr,1020,0588IbnMamun.AkhbarMisr.91,True
2890,2,,0588IbnMamun.AkhbarMisr,1020,0845Maqrizi.MusawwadatMawaciz.229,True
2891,3,,0588IbnMamun.AkhbarMisr,1020,0845Maqrizi.MusawwadatMawaciz.265,True
84,84,84.0,0588IbnMamun.AkhbarMisr,1032,self,False
1434,0,,0588IbnMamun.AkhbarMisr,1032,0588IbnMamun.AkhbarMisr.48,False
1435,1,,0588IbnMamun.AkhbarMisr,1032,0845Maqrizi.MusawwadatMawaciz.320,False
1436,2,,0588IbnMamun.AkhbarMisr,1032,0588IbnMamun.AkhbarMisr.48,True
1438,4,,0588IbnMamun.AkhbarMisr,1032,0845Maqrizi.MusawwadatMawaciz.319,True
1439,5,,0588IbnMamun.AkhbarMisr,1032,0845Maqrizi.MusawwadatMawaciz.320,True
87,87,87.0,0588IbnMamun.AkhbarMisr,1035,self,False
3152,0,,0588IbnMamun.AkhbarMisr,1035,0588IbnMamun.AkhbarMisr.51,False
3153,1,,0588IbnMamun.AkhbarMisr,1035,0692IbnCabdZahir.RawdaBahiyya.42,False
3155,3,,0588IbnMamun.AkhbarMisr,1035,0845Maqrizi.MusawwadatMawaciz.319,False
3156,4,,0588IbnMamun.AkhbarMisr,1035,0845Maqrizi.MusawwadatMawaciz.320,False
3158,6,,0588IbnMamun.AkhbarMisr,1035,0845Maqrizi.MusawwadatMawaciz.319,True
90,90,90.0,0588IbnMamun.AkhbarMisr,1047,self,False
4024,0,,0588IbnMamun.AkhbarMisr,1047,0588IbnMamun.AkhbarMisr.39,False
4025,1,,0588IbnMamun.AkhbarMisr,1047,0588IbnMamun.AkhbarMisr.40,False
4026,2,,0588IbnMamun.AkhbarMisr,1047,0588IbnMamun.AkhbarMisr.68,False
4027,3,,0588IbnMamun.AkhbarMisr,1047,0588IbnMamun.AkhbarMisr.38,True
4028,4,,0588IbnMamun.AkhbarMisr,1047,0588IbnMamun.AkhbarMisr.39,True
4029,5,,0588IbnMamun.AkhbarMisr,1047,0588IbnMamun.AkhbarMisr.67,True
91,91,91.0,0588IbnMamun.AkhbarMisr,1048,self,False
977,0,,0588IbnMamun.AkhbarMisr,1048,0588IbnMamun.AkhbarMisr.68,False
978,1,,0588IbnMamun.AkhbarMisr,1048,0588IbnMamun.AkhbarMisr.70,False
979,2,,0588IbnMamun.AkhbarMisr,1048,0588IbnMamun.AkhbarMisr.74,False
980,3,,0588IbnMamun.AkhbarMisr,1048,0588IbnMamun.AkhbarMisr.110,False
981,4,,0588IbnMamun.AkhbarMisr,1048,0588IbnMamun.AkhbarMisr.67,True
982,5,,0588IbnMamun.AkhbarMisr,1048,0588IbnMamun.AkhbarMisr.68,True
93,93,93.0,0588IbnMamun.AkhbarMisr,1052,self,False
1449,0,,0588IbnMamun.AkhbarMisr,1052,0588IbnMamun.AkhbarMisr.62,False
1450,1,,0588IbnMamun.AkhbarMisr,1052,0588IbnMamun.AkhbarMisr.106,False
1451,2,,0588IbnMamun.AkhbarMisr,1052,0588IbnMamun.AkhbarMisr.61,True
1452,3,,0588IbnMamun.AkhbarMisr,1052,0588IbnMamun.AkhbarMisr.105,True
94,94,94.0,0588IbnMamun.AkhbarMisr,1054,self,False
1204,0,,0588IbnMamun.AkhbarMisr,1054,0588IbnMamun.AkhbarMisr.75,False
1205,1,,0588IbnMamun.AkhbarMisr,1054,0588IbnMamun.AkhbarMisr.107,False
1207,3,,0588IbnMamun.AkhbarMisr,1054,0845Maqrizi.MusawwadatMawaciz.308,False
1209,5,,0588IbnMamun.AkhbarMisr,1054,0588IbnMamun.AkhbarMisr.74,True
1210,6,,0588IbnMamun.AkhbarMisr,1054,0588IbnMamun.AkhbarMisr.106,True
1212,8,,0588IbnMamun.AkhbarMisr,1054,0845Maqrizi.MusawwadatMawaciz.303,True
95,95,95.0,0588IbnMamun.AkhbarMisr,1056,self,False
1782,0,,0588IbnMamun.AkhbarMisr,1056,0588IbnMamun.AkhbarMisr.107,False
1784,2,,0588IbnMamun.AkhbarMisr,1056,0845Maqrizi.MusawwadatMawaciz.311,False
1785,3,,0588IbnMamun.AkhbarMisr,1056,0588IbnMamun.AkhbarMisr.106,True
1788,6,,0588IbnMamun.AkhbarMisr,1056,0845Maqrizi.MusawwadatMawaciz.303,True
341,341,375.0,0692IbnCabdZahir.RawdaBahiyya,1077,self,False
2509,3,,0692IbnCabdZahir.RawdaBahiyya,1077,0821Qalqashandi.SubhAcsha.934,False
2510,4,,0692IbnCabdZahir.RawdaBahiyya,1077,0845Maqrizi.MusawwadatMawaciz.324,False
2512,6,,0692IbnCabdZahir.RawdaBahiyya,1077,0821Qalqashandi.SubhAcsha.933,True
98,98,98.0,0588IbnMamun.AkhbarMisr,1078,self,False
2464,0,,0588IbnMamun.AkhbarMisr,1078,0588IbnMamun.AkhbarMisr.74,False
2465,1,,0588IbnMamun.AkhbarMisr,1078,0617IbnTuwayr.NuzhatMuqlatayn.158,False
2466,2,,0588IbnMamun.AkhbarMisr,1078,0845Maqrizi.MusawwadatMawaciz.338,False
2467,3,,0588IbnMamun.AkhbarMisr,1078,0617IbnTuwayr.NuzhatMuqlatayn.158,True
102,102,102.0,0588IbnMamun.AkhbarMisr,1082,self,False
3361,0,,0588IbnMamun.AkhbarMisr,1082,0845Maqrizi.MusawwadatMawaciz.338,False
3362,1,,0588IbnMamun.AkhbarMisr,1082,0588IbnMamun.AkhbarMisr.65,True
3363,2,,0588IbnMamun.AkhbarMisr,1082,0845Maqrizi.MusawwadatMawaciz.336,True
109,109,109.0,0588IbnMamun.AkhbarMisr,1102,self,False
1097,0,,0588IbnMamun.AkhbarMisr,1102,0588IbnMamun.AkhbarMisr.87,False
1099,2,,0588IbnMamun.AkhbarMisr,1102,0588IbnMamun.AkhbarMisr.86,True
1100,3,,0588IbnMamun.AkhbarMisr,1102,0588IbnMamun.AkhbarMisr.87,True
1101,4,,0588IbnMamun.AkhbarMisr,1102,0845Maqrizi.MusawwadatMawaciz.252,True
115,115,115.0,0588IbnMamun.AkhbarMisr,1165,self,False
2580,0,,0588IbnMamun.AkhbarMisr,1165,0588IbnMamun.AkhbarMisr.62,False
2581,1,,0588IbnMamun.AkhbarMisr,1165,0845Maqrizi.MusawwadatMawaciz.303,False
2582,2,,0588IbnMamun.AkhbarMisr,1165,0588IbnMamun.AkhbarMisr.61,True
2585,5,,0588IbnMamun.AkhbarMisr,1165,0845Maqrizi.MusawwadatMawaciz.303,True
434,434,468.0,0350MuhammadKindi.WulatMisr,1570,self,False
1950,0,,0350MuhammadKindi.WulatMisr,1570,0544QadiCiyad.TartibMadarik.411,False
1953,3,,0350MuhammadKindi.WulatMisr,1570,0544QadiCiyad.TartibMadarik.410,True
1954,4,,0350MuhammadKindi.WulatMisr,1570,0845Maqrizi.Muqaffa.1090,True
118,118,118.0,0588IbnMamun.AkhbarMisr,1571,self,False
2520,0,,0588IbnMamun.AkhbarMisr,1571,0544QadiCiyad.TartibMadarik.412,False
2522,2,,0588IbnMamun.AkhbarMisr,1571,0748Dhahabi.SiyarAclamNubala.4118,False
2523,3,,0588IbnMamun.AkhbarMisr,1571,0748Dhahabi.TarikhIslam.3992,False
2524,4,,0588IbnMamun.AkhbarMisr,1571,0845Maqrizi.Muqaffa.1092,False
122,122,122.0,0588IbnMamun.AkhbarMisr,1756,self,False
2677,0,,0588IbnMamun.AkhbarMisr,1756,0588IbnMamun.AkhbarMisr.60,False
2678,1,,0588IbnMamun.AkhbarMisr,1756,0588IbnMamun.AkhbarMisr.87,False
2680,3,,0588IbnMamun.AkhbarMisr,1756,0588IbnMamun.AkhbarMisr.86,True
2681,4,,0588IbnMamun.AkhbarMisr,1756,0845Maqrizi.MusawwadatMawaciz.254,True
124,124,124.0,0588IbnMamun.AkhbarMisr,2037,self,False
2344,0,,0588IbnMamun.AkhbarMisr,2037,0588IbnMamun.AkhbarMisr.40,False
2345,1,,0588IbnMamun.AkhbarMisr,2037,0588IbnMamun.AkhbarMisr.39,True
2346,2,,0588IbnMamun.AkhbarMisr,2037,0588IbnMamun.AkhbarMisr.51,True
399,399,433.0,0692IbnCabdZahir.RawdaBahiyya,2038,self,False
2754,1,,0692IbnCabdZahir.RawdaBahiyya,2038,0736IbnDawadari.KanzDurar.1418,False
2755,2,,0692IbnCabdZahir.RawdaBahiyya,2038,0845Maqrizi.MusawwadatMawaciz.366,False
2756,3,,0692IbnCabdZahir.RawdaBahiyya,2038,0845Maqrizi.MusawwadatMawaciz.367,False
2759,6,,0692IbnCabdZahir.RawdaBahiyya,2038,0845Maqrizi.MusawwadatMawaciz.366,True
737,737,786.0,0681IbnKhallikan.WafayatAcyan,1944,self,False
2766,1,,0681IbnKhallikan.WafayatAcyan,1944,0768Yafici.MiratJinan.1125,False
2767,2,,0681IbnKhallikan.WafayatAcyan,1944,0832TaqiFasi.CiqdThamin.1589,False
2768,3,,0681IbnKhallikan.WafayatAcyan,1944,0832TaqiFasi.CiqdThamin.1590,False
2769,4,,0681IbnKhallikan.WafayatAcyan,1944,0832TaqiFasi.CiqdThamin.1592,False
2770,5,,0681IbnKhallikan.WafayatAcyan,1944,0837IbnHijjaHamawi.ThamaratAwraq.208,False
2771,6,,0681IbnKhallikan.WafayatAcyan,1944,0874IbnTaghribirdi.NujumZahira.1270,False
2772,7,,0681IbnKhallikan.WafayatAcyan,1944,0927Nucaymi.DarisFiMadaris.49,False
2775,10,,0681IbnKhallikan.WafayatAcyan,1944,0748Dhahabi.SiyarAclamNubala.6816,True
2776,11,,0681IbnKhallikan.WafayatAcyan,1944,0748Dhahabi.TarikhIslam.8813,True
2777,12,,0681IbnKhallikan.WafayatAcyan,1944,0768Yafici.MiratJinan.1125,True
2778,13,,0681IbnKhallikan.WafayatAcyan,1944,0832TaqiFasi.CiqdThamin.1589,True
2779,14,,0681IbnKhallikan.WafayatAcyan,1944,0874IbnTaghribirdi.NujumZahira.1270,True
145,145,154.0,0346Mascudi,111,self,False
2827,0,,0346Mascudi,111,0874IbnTaghribirdi.NujumZahira.38,False
2829,2,,0346Mascudi,111,0930IbnIyas.BadaicZuhur.6,False
2831,4,,0346Mascudi,111,0930IbnIyas.NuzhatUmam.25,False
147,147,157.0,0346Mascudi,113,self,False
1539,3,,0346Mascudi,113,0808IbnCimadDinShihabDinAqfahsi.AkhbarNilMisr.5,False
1541,5,,0346Mascudi,113,0874IbnTaghribirdi.NujumZahira.24,False
1545,9,,0346Mascudi,113,0930IbnIyas.NuzhatUmam.52,False
1552,16,,0346Mascudi,113,0874IbnTaghribirdi.NujumZahira.24,True
1543,7,,0257IbnCabdHakam.FutuhMisr,113,0911Suyuti.HusnMuhadara.641,False
1547,11,,0257IbnCabdHakam.FutuhMisr,113,0977KhatibShirbini.SirajMunir.3241,False
1550,14,,0257IbnCabdHakam.FutuhMisr,113,0634AbuRabicHimyari.Iktifa.1005,True
1551,15,,0257IbnCabdHakam.FutuhMisr,113,0874IbnTaghribirdi.NujumZahira.23,True
1553,17,,0257IbnCabdHakam.FutuhMisr,113,0911Suyuti.HusnMuhadara.641,True
148,148,158.0,0346Mascudi.MurujDhahab,134,self,False
2096,1,,0346Mascudi.MurujDhahab,134,0930IbnIyas.NuzhatUmam.72,False
2097,2,,0346Mascudi.MurujDhahab,134,0346Mascudi.MurujDhahab.262,True
2099,4,,0346Mascudi.MurujDhahab,134,0808IbnCimadDinShihabDinAqfahsi.AkhbarNilMisr.15,True
2101,6,,0346Mascudi.MurujDhahab,134,0930IbnIyas.NuzhatUmam.72,True
3603,1,,0346Mascudi,135,0808IbnCimadDinShihabDinAqfahsi.AkhbarNilMisr.6,False
3606,4,,0346Mascudi,135,0874IbnTaghribirdi.NujumZahira.40,False
3608,6,,0346Mascudi,135,0808IbnCimadDinShihabDinAqfahsi.AkhbarNilMisr.5,True
3609,7,,0346Mascudi,135,0808IbnCimadDinShihabDinAqfahsi.AkhbarNilMisr.6,True
3613,11,,0346Mascudi,135,0821Qalqashandi.SubhAcsha.888,True
2572,1,,0346Mascudi,148,0808IbnCimadDinShihabDinAqfahsi.AkhbarNilMisr.11,False
2574,3,,0346Mascudi,148,0930IbnIyas.NuzhatUmam.85,False
2575,4,,0346Mascudi,148,0930IbnIyas.NuzhatUmam.86,False
2577,6,,0346Mascudi,148,0808IbnCimadDinShihabDinAqfahsi.AkhbarNilMisr.10,True
2578,7,,0346Mascudi,148,0930IbnIyas.NuzhatUmam.85,True
155,155,169.0,0346Mascudi.MurujDhahab,340,self,False
4061,1,,0346Mascudi.MurujDhahab,340,0565AbuHamidGharnati.TuhfatAlbab.39,False
4063,3,,0346Mascudi.MurujDhahab,340,0930IbnIyas.NuzhatUmam.147,False
4065,5,,0346Mascudi.MurujDhahab,340,0346Mascudi.MurujDhahab.286,True
2007,2,,0346Mascudi,428,0832TaqiFasi.CiqdThamin.219,False
2009,4,,0346Mascudi,428,0832TaqiFasi.ShifaGharam.442,False
2010,5,,0346Mascudi,428,0832TaqiFasi.ZuhurMuqtatafa.67,False
2011,6,,0346Mascudi,428,0911Suyuti.MuzhirFiCulumLugha.537,False
2017,12,,0346Mascudi,428,0832TaqiFasi.CiqdThamin.219,True
2012,7,,0151IbnIshaq.Sira,428,0310Tabari.JamicBayan.4143,True
2013,8,,0151IbnIshaq.Sira,428,0427AbuIshaqThaclabi.KashfWaBayan.1241,True
2014,9,,0151IbnIshaq.Sira,428,0460ShaykhTusi.Tibyan.1565,True
2015,10,,0151IbnIshaq.Sira,428,0487AbuCubaydBakri.MasalikWaMamalik.44,True
2018,13,,0151IbnIshaq.Sira,428,0900IbnCabdMuncimHimyari.RawdMictar.130,True
2415,0,,0528HakamIbnAbiSalt,278,0613CaliIbnZafir.GharaibTanbihat.60,False
2417,2,,0528HakamIbnAbiSalt,278,0626YaqutHamawi.MucjamBuldan.3253,False
2418,3,,0528HakamIbnAbiSalt,278,0649MuhammadIdrisi.Anwar.182,False
2421,6,,0528HakamIbnAbiSalt,278,0911Suyuti.TuhfatKiram.7,False
2430,15,,0528HakamIbnAbiSalt,278,0911Suyuti.TuhfatKiram.7,True
1021,0,,0209AbuCubayda,339,0244IbnSikkit.Alfaz.9,False
1022,1,,0209AbuCubayda,339,0395IbnFarisQazwini.MutakhayyarAlfaz.24,False
1026,5,,0209AbuCubayda,339,0769IbnCaqilBahaDinMisri.Musacid.821,False
1029,8,,0209AbuCubayda,339,0244IbnSikkit.Alfaz.8,True
1263,0,,0151IbnIshaq.Sira,646,0213IbnHisham.SiraNabawiyya.25,False
1268,5,,0151IbnIshaq.Sira,646,0475IbnMakula.IkmalFiRafcIrtiyab.935,False
1272,9,,0151IbnIshaq.Sira,646,0581AbuQasimSuhayli.RawdUnuf.90,False
1273,10,,0151IbnIshaq.Sira,646,0608IbnCutyaQudaciTurtushi.TahrirMaqal.222,False
1274,11,,0151IbnIshaq.Sira,646,0774IbnKathir.Bidaya.801,False
1275,12,,0151IbnIshaq.Sira,646,0845Maqrizi.ImtacAsmac.3352,False
1276,13,,0151IbnIshaq.Sira,646,0845Maqrizi.KhabarCanBashar.1684,False
1278,15,,0151IbnIshaq.Sira,646,0581AbuQasimSuhayli.RawdUnuf.89,True
1279,16,,0151IbnIshaq.Sira,646,0645TilimsaniBurri.Jawhara.105,True
1280,17,,0151IbnIshaq.Sira,646,0774IbnKathir.Bidaya.800,True
1281,18,,0151IbnIshaq.Sira,646,0832TaqiFasi.CiqdThamin.226,True
1282,19,,0151IbnIshaq.Sira,646,0832TaqiFasi.ShifaGharam.529,True
1284,21,,0151IbnIshaq.Sira,646,0845Maqrizi.KhabarCanBashar.1683,True
196,196,230.0,0257IbnCabdHakam.FutuhMisr,63,self,False
2929,2,,0257IbnCabdHakam.FutuhMisr,63,0705SharafDinDimyati.NisaRasul.17,False
2934,7,,0257IbnCabdHakam.FutuhMisr,63,0911Suyuti.HusnMuhadara.65,False
2943,16,,0257IbnCabdHakam.FutuhMisr,63,0783IbnHadida.MisbahMudi.200,True
2946,19,,0257IbnCabdHakam.FutuhMisr,63,0911Suyuti.HusnMuhadara.65,True
476,476,513.0,0230IbnSacd.TabaqatKubra,63,self,False
2928,1,,0230IbnSacd.TabaqatKubra,63,0597IbnJawzi.Muntazam.740,False
2930,3,,0230IbnSacd.TabaqatKubra,63,0728IbnTaymiyya.JawabSahih.67,False
2935,8,,0230IbnSacd.TabaqatKubra,63,0930IbnIyas.NuzhatUmam.20,False
2941,14,,0230IbnSacd.TabaqatKubra,63,0762IbnYusufZaylaci.TakhrijAhadith.661,True
2944,17,,0230IbnSacd.TabaqatKubra,63,0845Maqrizi.ImtacAsmac.1427,True
2932,5,,0207Waqidi,63,0842IbnNasirDinDimashqi.JamicAthar.1715,False
2933,6,,0207Waqidi,63,0852IbnHajarCasqalani.IsabaFiTamyiz.2281,False
2936,9,,0207Waqidi,63,0966HusaynDiyarbakri.TarikhKhamis.1153,False
2939,12,,0207Waqidi,63,0597IbnJawzi.Muntazam.739,True
2942,15,,0207Waqidi,63,0762IbnYusufZaylaci.TakhrijAhadith.661,True
197,197,231.0,0257IbnCabdHakam.FutuhMisr,64,self,False
4138,2,,0257IbnCabdHakam.FutuhMisr,64,0911Suyuti.HusnMuhadara.67,False
4140,4,,0257IbnCabdHakam.FutuhMisr,64,0783IbnHadida.MisbahMudi.200,True
4141,5,,0257IbnCabdHakam.FutuhMisr,64,0911Suyuti.HusnMuhadara.65,True
206,206,240.0,0257IbnCabdHakam.FutuhMisr,131,self,False
1145,2,,0257IbnCabdHakam.FutuhMisr,131,0634AbuRabicHimyari.Iktifa.1007,False
1148,5,,0257IbnCabdHakam.FutuhMisr,131,0911Suyuti.HusnMuhadara.652,False
1152,9,,0257IbnCabdHakam.FutuhMisr,131,0930IbnIyas.BadaicZuhur.89,False
1155,12,,0257IbnCabdHakam.FutuhMisr,131,0930IbnIyas.NuzhatUmam.69,False
1159,16,,0257IbnCabdHakam.FutuhMisr,131,0634AbuRabicHimyari.Iktifa.1005,True
1163,20,,0257IbnCabdHakam.FutuhMisr,131,0930IbnIyas.BadaicZuhur.87,True
1165,22,,0257IbnCabdHakam.FutuhMisr,131,0930IbnIyas.NuzhatUmam.69,True
1146,3,,0454Qudaci,131,0682ZakariyaQazwini.AtharBilad.202,False
1154,11,,0454Qudaci,131,0930IbnIyas.NuzhatUmam.70,False
1157,14,,0454Qudaci,131,0626YaqutHamawi.MucjamBuldan.3164,True
1160,17,,0454Qudaci,131,0682ZakariyaQazwini.AtharBilad.201,True
1164,21,,0454Qudaci,131,0930IbnIyas.NuzhatUmam.68,True
2555,0,,0454Qudaci,132,0821Qalqashandi.SubhAcsha.888,False
2561,6,,0454Qudaci,132,0930IbnIyas.NuzhatUmam.70,False
2562,7,,0454Qudaci,132,0930IbnIyas.NuzhatUmam.71,False
2563,8,,0454Qudaci,132,0821Qalqashandi.SubhAcsha.887,True
2569,14,,0454Qudaci,132,0930IbnIyas.NuzhatUmam.70,True
209,209,243.0,0257IbnCabdHakam.FutuhMisr,160,self,False
3812,1,,0257IbnCabdHakam.FutuhMisr,160,0626YaqutHamawi.MucjamBuldan.1696,False
3816,5,,0257IbnCabdHakam.FutuhMisr,160,0911Suyuti.HusnMuhadara.28,False
3817,6,,0257IbnCabdHakam.FutuhMisr,160,0930IbnIyas.NuzhatUmam.94,False
3821,10,,0257IbnCabdHakam.FutuhMisr,160,0911Suyuti.HusnMuhadara.26,True
3822,11,,0257IbnCabdHakam.FutuhMisr,160,0930IbnIyas.NuzhatUmam.93,True
3823,12,,0257IbnCabdHakam.FutuhMisr,160,0930IbnIyas.NuzhatUmam.94,True
214,214,248.0,0257IbnCabdHakam.FutuhMisr,173,self,False
3080,1,,0257IbnCabdHakam.FutuhMisr,173,0634AbuRabicHimyari.Iktifa.1005,False
3081,2,,0257IbnCabdHakam.FutuhMisr,173,0911Suyuti.HusnMuhadara.85,False
3082,3,,0257IbnCabdHakam.FutuhMisr,173,0911Suyuti.HusnMuhadara.98,False
3083,4,,0257IbnCabdHakam.FutuhMisr,173,0911Suyuti.HusnMuhadara.380,False
3088,9,,0257IbnCabdHakam.FutuhMisr,173,0911Suyuti.HusnMuhadara.97,True
216,216,250.0,0257IbnCabdHakam.FutuhMisr,175,self,False
2281,1,,0257IbnCabdHakam.FutuhMisr,175,0634AbuRabicHimyari.Iktifa.1010,False
2283,3,,0257IbnCabdHakam.FutuhMisr,175,0911Suyuti.HusnMuhadara.108,False
2284,4,,0257IbnCabdHakam.FutuhMisr,175,0911Suyuti.HusnMuhadara.98,True
2285,5,,0257IbnCabdHakam.FutuhMisr,175,0911Suyuti.HusnMuhadara.107,True
3389,0,,0151IbnIshaq.Sira,307,0427AbuIshaqThaclabi.KashfWaBayan.2351,False
3390,1,,0151IbnIshaq.Sira,307,0437MakkiIbnHammushQaysi.Hidaya.1904,False
3391,2,,0151IbnIshaq.Sira,307,0510IbnMascudBaghawi.Tafsir.1921,False
3396,7,,0151IbnIshaq.Sira,307,0880IbnCadilHanbali.LubabFiCulumKitab.7078,False
3401,12,,0151IbnIshaq.Sira,307,0977KhatibShirbini.SirajMunir.2355,False
3403,14,,0151IbnIshaq.Sira,307,0783IbnHadida.MisbahMudi.215,True
1037,0,,0151IbnIshaq.Sira,337,0213IbnHisham.SiraNabawiyya.178,False
1038,1,,0151IbnIshaq.Sira,337,0338AbuJacfarNahhas.MacaniQuran.479,False
1039,2,,0151IbnIshaq.Sira,337,0369AbuShaykhIsbahani.Cuzma.284,False
1040,3,,0151IbnIshaq.Sira,337,0535QawwamSunna.DalailNubuwwa.216,False
1041,4,,0151IbnIshaq.Sira,337,0581AbuQasimSuhayli.RawdUnuf.465,False
1043,6,,0151IbnIshaq.Sira,337,0213IbnHisham.SiraNabawiyya.177,True
1046,9,,0151IbnIshaq.Sira,337,0845Maqrizi.KhabarCanBashar.924,True
1047,10,,0151IbnIshaq.Sira,337,0845Maqrizi.KhabarCanBashar.927,True
1048,11,,0151IbnIshaq.Sira,337,0845Maqrizi.KhabarCanBashar.2245,True
229,229,263.0,0257IbnCabdHakam.FutuhMisr,338,self,False
1971,0,,0257IbnCabdHakam.FutuhMisr,338,0911Suyuti.HusnMuhadara.57,False
1972,1,,0257IbnCabdHakam.FutuhMisr,338,0930IbnIyas.NuzhatUmam.146,False
1978,7,,0257IbnCabdHakam.FutuhMisr,338,0911Suyuti.HusnMuhadara.56,True
235,235,269.0,0257IbnCabdHakam.FutuhMisr,364,self,False
3194,0,,0257IbnCabdHakam.FutuhMisr,364,0911Suyuti.HusnMuhadara.63,False
3195,1,,0257IbnCabdHakam.FutuhMisr,364,0930IbnIyas.BadaicZuhur.73,False
3198,4,,0257IbnCabdHakam.FutuhMisr,364,0634AbuRabicHimyari.Iktifa.973,True
1744,3,,0230IbnSacd.TabaqatKubra,375,0748Dhahabi.TarikhIslam.1237,False
1745,4,,0230IbnSacd.TabaqatKubra,375,0748Dhahabi.TarikhIslam.1396,False
1753,12,,0230IbnSacd.TabaqatKubra,375,0654SibtIbnJawzi.MiratZaman.3234,True
1757,16,,0230IbnSacd.TabaqatKubra,375,0748Dhahabi.TarikhIslam.1395,True
240,240,274.0,0257IbnCabdHakam.FutuhMisr,377,self,False
2534,0,,0257IbnCabdHakam.FutuhMisr,377,0911Suyuti.HusnMuhadara.81,False
2535,1,,0257IbnCabdHakam.FutuhMisr,377,0911Suyuti.HusnMuhadara.82,False
2536,2,,0257IbnCabdHakam.FutuhMisr,377,0930IbnIyas.BadaicZuhur.79,False
2538,4,,0257IbnCabdHakam.FutuhMisr,377,0911Suyuti.HusnMuhadara.81,True
241,241,275.0,0257IbnCabdHakam.FutuhMisr,378,self,False
933,0,,0257IbnCabdHakam.FutuhMisr,378,0733Nuwayri.NihayatArab.4148,False
934,1,,0257IbnCabdHakam.FutuhMisr,378,0911Suyuti.HusnMuhadara.82,False
935,2,,0257IbnCabdHakam.FutuhMisr,378,0911Suyuti.HusnMuhadara.81,True
246,246,280.0,0257IbnCabdHakam.FutuhMisr,383,self,False
1224,1,,0257IbnCabdHakam.FutuhMisr,383,0911Suyuti.HusnMuhadara.89,False
1225,2,,0257IbnCabdHakam.FutuhMisr,383,0911Suyuti.HusnMuhadara.109,False
1227,4,,0257IbnCabdHakam.FutuhMisr,383,0634AbuRabicHimyari.Iktifa.1005,True
1228,5,,0257IbnCabdHakam.FutuhMisr,383,0634AbuRabicHimyari.Iktifa.1008,True
1230,7,,0257IbnCabdHakam.FutuhMisr,383,0911Suyuti.HusnMuhadara.88,True
1231,8,,0257IbnCabdHakam.FutuhMisr,383,0911Suyuti.HusnMuhadara.108,True
1232,9,,0257IbnCabdHakam.FutuhMisr,383,0911Suyuti.HusnMuhadara.110,True
247,247,281.0,0257IbnCabdHakam.FutuhMisr,384,self,False
3579,0,,0257IbnCabdHakam.FutuhMisr,384,0634AbuRabicHimyari.Iktifa.1010,False
3580,1,,0257IbnCabdHakam.FutuhMisr,384,0911Suyuti.HusnMuhadara.109,False
3581,2,,0257IbnCabdHakam.FutuhMisr,384,0911Suyuti.HusnMuhadara.110,False
3582,3,,0257IbnCabdHakam.FutuhMisr,384,0634AbuRabicHimyari.Iktifa.1008,True
3584,5,,0257IbnCabdHakam.FutuhMisr,384,0911Suyuti.HusnMuhadara.108,True
3585,6,,0257IbnCabdHakam.FutuhMisr,384,0911Suyuti.HusnMuhadara.109,True
248,248,282.0,0257IbnCabdHakam.FutuhMisr,385,self,False
2085,1,,0257IbnCabdHakam.FutuhMisr,385,0634AbuRabicHimyari.Iktifa.1010,False
2086,2,,0257IbnCabdHakam.FutuhMisr,385,0634AbuRabicHimyari.Iktifa.1011,False
2088,4,,0257IbnCabdHakam.FutuhMisr,385,0911Suyuti.HusnMuhadara.108,False
2089,5,,0257IbnCabdHakam.FutuhMisr,385,0911Suyuti.HusnMuhadara.109,False
2090,6,,0257IbnCabdHakam.FutuhMisr,385,0634AbuRabicHimyari.Iktifa.1010,True
2092,8,,0257IbnCabdHakam.FutuhMisr,385,0911Suyuti.HusnMuhadara.107,True
2093,9,,0257IbnCabdHakam.FutuhMisr,385,0911Suyuti.HusnMuhadara.108,True
2094,10,,0257IbnCabdHakam.FutuhMisr,385,0911Suyuti.HusnMuhadara.110,True
249,249,283.0,0257IbnCabdHakam.FutuhMisr,386,self,False
2182,0,,0257IbnCabdHakam.FutuhMisr,386,0634AbuRabicHimyari.Iktifa.1020,False
2183,1,,0257IbnCabdHakam.FutuhMisr,386,0911Suyuti.HusnMuhadara.110,False
2184,2,,0257IbnCabdHakam.FutuhMisr,386,0911Suyuti.HusnMuhadara.109,True
250,250,284.0,0257IbnCabdHakam.FutuhMisr,387,self,False
2953,0,,0257IbnCabdHakam.FutuhMisr,387,0634AbuRabicHimyari.Iktifa.1011,False
2954,1,,0257IbnCabdHakam.FutuhMisr,387,0634AbuRabicHimyari.Iktifa.1020,False
2955,2,,0257IbnCabdHakam.FutuhMisr,387,0634AbuRabicHimyari.Iktifa.1010,True
2956,3,,0257IbnCabdHakam.FutuhMisr,387,0911Suyuti.HusnMuhadara.110,True
251,251,285.0,0257IbnCabdHakam.FutuhMisr,388,self,False
1423,1,,0257IbnCabdHakam.FutuhMisr,388,0911Suyuti.HusnMuhadara.57,False
1426,4,,0257IbnCabdHakam.FutuhMisr,388,0930IbnIyas.NuzhatUmam.156,False
1430,8,,0257IbnCabdHakam.FutuhMisr,388,0911Suyuti.HusnMuhadara.56,True
266,266,300.0,0257IbnCabdHakam.FutuhMisr,563,self,False
1084,0,,0257IbnCabdHakam.FutuhMisr,563,0911Suyuti.HusnMuhadara.26,False
1085,1,,0257IbnCabdHakam.FutuhMisr,563,0930IbnIyas.NuzhatUmam.205,False
1087,3,,0257IbnCabdHakam.FutuhMisr,563,0911Suyuti.HusnMuhadara.25,True
272,272,306.0,0257IbnCabdHakam.FutuhMisr,659,self,False
3715,1,,0257IbnCabdHakam.FutuhMisr,659,0634AbuRabicHimyari.Iktifa.978,False
3716,2,,0257IbnCabdHakam.FutuhMisr,659,0733Nuwayri.NihayatArab.4137,False
3719,5,,0257IbnCabdHakam.FutuhMisr,659,0911Suyuti.HusnMuhadara.87,False
3720,6,,0257IbnCabdHakam.FutuhMisr,659,0911Suyuti.HusnMuhadara.70,True
3721,7,,0257IbnCabdHakam.FutuhMisr,659,0911Suyuti.HusnMuhadara.86,True
3722,8,,0257IbnCabdHakam.FutuhMisr,659,0930IbnIyas.BadaicZuhur.73,True
283,283,317.0,0257IbnCabdHakam.FutuhMisr,670,self,False
2431,0,,0257IbnCabdHakam.FutuhMisr,670,0634AbuRabicHimyari.Iktifa.978,False
2432,1,,0257IbnCabdHakam.FutuhMisr,670,0911Suyuti.HusnMuhadara.88,False
2435,4,,0257IbnCabdHakam.FutuhMisr,670,0911Suyuti.HusnMuhadara.87,True
284,284,318.0,0257IbnCabdHakam.FutuhMisr,671,self,False
2910,3,,0257IbnCabdHakam.FutuhMisr,671,0874IbnTaghribirdi.NujumZahira.15,False
2912,5,,0257IbnCabdHakam.FutuhMisr,671,0733Nuwayri.NihayatArab.4148,True
2913,6,,0257IbnCabdHakam.FutuhMisr,671,0911Suyuti.HusnMuhadara.82,True
285,285,319.0,0257IbnCabdHakam.FutuhMisr,672,self,False
2454,3,,0257IbnCabdHakam.FutuhMisr,672,0911Suyuti.HusnMuhadara.85,False
2455,4,,0257IbnCabdHakam.FutuhMisr,672,0911Suyuti.HusnMuhadara.86,False
2457,6,,0257IbnCabdHakam.FutuhMisr,672,0930IbnIyas.NuzhatUmam.175,False
2459,8,,0257IbnCabdHakam.FutuhMisr,672,0733Nuwayri.NihayatArab.4148,True
2461,10,,0257IbnCabdHakam.FutuhMisr,672,0911Suyuti.HusnMuhadara.85,True
287,287,321.0,0257IbnCabdHakam.FutuhMisr,674,self,False
1323,1,,0257IbnCabdHakam.FutuhMisr,674,0874IbnTaghribirdi.NujumZahira.15,False
1325,3,,0257IbnCabdHakam.FutuhMisr,674,0911Suyuti.HusnMuhadara.86,False
1326,4,,0257IbnCabdHakam.FutuhMisr,674,0911Suyuti.HusnMuhadara.91,False
1327,5,,0257IbnCabdHakam.FutuhMisr,674,0911Suyuti.HusnMuhadara.85,True
1328,6,,0257IbnCabdHakam.FutuhMisr,674,0911Suyuti.HusnMuhadara.90,True
288,288,322.0,0257IbnCabdHakam.FutuhMisr,675,self,False
3107,0,,0257IbnCabdHakam.FutuhMisr,675,0634AbuRabicHimyari.Iktifa.1008,False
3108,1,,0257IbnCabdHakam.FutuhMisr,675,0658IbnAbbar.HullaSiyara.6,False
3109,2,,0257IbnCabdHakam.FutuhMisr,675,0911Suyuti.HusnMuhadara.90,False
3110,3,,0257IbnCabdHakam.FutuhMisr,675,0911Suyuti.HusnMuhadara.91,False
3112,5,,0257IbnCabdHakam.FutuhMisr,675,0634AbuRabicHimyari.Iktifa.1007,True
3116,9,,0257IbnCabdHakam.FutuhMisr,675,0874IbnTaghribirdi.NujumZahira.15,True
3118,11,,0257IbnCabdHakam.FutuhMisr,675,0911Suyuti.HusnMuhadara.89,True
3119,12,,0257IbnCabdHakam.FutuhMisr,675,0911Suyuti.HusnMuhadara.90,True
294,294,328.0,0257IbnCabdHakam.FutuhMisr,1434,self,False
1912,9,,0257IbnCabdHakam.FutuhMisr,1434,0911Suyuti.HusnMuhadara.107,False
1913,10,,0257IbnCabdHakam.FutuhMisr,1434,0911Suyuti.HusnMuhadara.108,False
1914,11,,0257IbnCabdHakam.FutuhMisr,1434,0911Suyuti.HusnMuhadara.106,True
1915,12,,0257IbnCabdHakam.FutuhMisr,1434,0911Suyuti.HusnMuhadara.107,True
296,296,330.0,0257IbnCabdHakam.FutuhMisr,1436,self,False
1116,9,,0257IbnCabdHakam.FutuhMisr,1436,0911Suyuti.HusnMuhadara.107,False
1117,10,,0257IbnCabdHakam.FutuhMisr,1436,0911Suyuti.HusnMuhadara.108,False
1118,11,,0257IbnCabdHakam.FutuhMisr,1436,0911Suyuti.HusnMuhadara.106,True
1119,12,,0257IbnCabdHakam.FutuhMisr,1436,0911Suyuti.HusnMuhadara.107,True
428,428,462.0,0350MuhammadKindi.WulatMisr,1436,self,False
1108,1,,0350MuhammadKindi.WulatMisr,1436,0626YaqutHamawi.MucjamBuldan.1214,False
1110,3,,0350MuhammadKindi.WulatMisr,1436,0821Qalqashandi.SubhAcsha.890,False
1114,7,,0350MuhammadKindi.WulatMisr,1436,0874IbnTaghribirdi.NujumZahira.777,False
297,297,331.0,0257IbnCabdHakam.FutuhMisr,1515,self,False
2682,0,,0257IbnCabdHakam.FutuhMisr,1515,0634AbuRabicHimyari.Iktifa.980,False
2684,2,,0257IbnCabdHakam.FutuhMisr,1515,0911Suyuti.HusnMuhadara.668,False
2687,5,,0257IbnCabdHakam.FutuhMisr,1515,0733Nuwayri.NihayatArab.4137,True
2689,7,,0257IbnCabdHakam.FutuhMisr,1515,0911Suyuti.HusnMuhadara.668,True
300,300,334.0,0257IbnCabdHakam.FutuhMisr,2230,self,False
3541,0,,0257IbnCabdHakam.FutuhMisr,2230,0626YaqutHamawi.MucjamBuldan.2530,False
3542,1,,0257IbnCabdHakam.FutuhMisr,2230,0911Suyuti.HusnMuhadara.93,False
3545,4,,0257IbnCabdHakam.FutuhMisr,2230,0911Suyuti.HusnMuhadara.92,True
1406,1,,0151IbnIshaq.Sira,350,0597IbnJawzi.Muntazam.179,False
1407,2,,0151IbnIshaq.Sira,350,0630IbnAthirCizzDin.Kamil.98,False
1408,3,,0151IbnIshaq.Sira,350,0804IbnMulaqqin.Tawdih.462,False
1409,4,,0151IbnIshaq.Sira,350,0845Maqrizi.KhabarCanBashar.927,False
1410,5,,0151IbnIshaq.Sira,350,0845Maqrizi.KhabarCanBashar.2686,False
1411,6,,0151IbnIshaq.Sira,350,0852IbnHajarCasqalani.ZahrNadirFiHalKhadir.32,False
1412,7,,0151IbnIshaq.Sira,350,0942IbnYusufShami.SubulHuda.847,False
1413,8,,0151IbnIshaq.Sira,350,0966HusaynDiyarbakri.TarikhKhamis.211,False
1419,14,,0151IbnIshaq.Sira,350,0845Maqrizi.KhabarCanBashar.2684,True
1421,16,,0151IbnIshaq.Sira,350,0966HusaynDiyarbakri.TarikhKhamis.210,True
626,626,675.0,0617IbnTuwayr.NuzhatMuqlatayn,884,self,False
2131,1,,0617IbnTuwayr.NuzhatMuqlatayn,884,0821Qalqashandi.SubhAcsha.1026,False
2133,3,,0617IbnTuwayr.NuzhatMuqlatayn,884,0617IbnTuwayr.NuzhatMuqlatayn.166,True
2134,4,,0617IbnTuwayr.NuzhatMuqlatayn,884,0821Qalqashandi.SubhAcsha.1025,True
1857,0,,0588IbnMamun.AkhbarMisr,985,0588IbnMamun.AkhbarMisr.29,False
1859,2,,0588IbnMamun.AkhbarMisr,985,0845Maqrizi.MusawwadatMawaciz.225,False
1861,4,,0588IbnMamun.AkhbarMisr,985,0588IbnMamun.AkhbarMisr.28,True
1864,7,,0588IbnMamun.AkhbarMisr,985,0845Maqrizi.MusawwadatMawaciz.222,True
678,678,727.0,0617IbnTuwayr.NuzhatMuqlatayn,1038,self,False
2987,0,,0617IbnTuwayr.NuzhatMuqlatayn,1038,0617IbnTuwayr.NuzhatMuqlatayn.250,False
2988,1,,0617IbnTuwayr.NuzhatMuqlatayn,1038,0617IbnTuwayr.NuzhatMuqlatayn.251,False
2989,2,,0617IbnTuwayr.NuzhatMuqlatayn,1038,0821Qalqashandi.SubhAcsha.1054,False
2990,3,,0617IbnTuwayr.NuzhatMuqlatayn,1038,0617IbnTuwayr.NuzhatMuqlatayn.250,True
2991,4,,0617IbnTuwayr.NuzhatMuqlatayn,1038,0821Qalqashandi.SubhAcsha.1054,True
348,348,382.0,0692IbnCabdZahir.RawdaBahiyya,1120,self,False
2997,0,,0692IbnCabdZahir.RawdaBahiyya,1120,0845Maqrizi.Muqaffa.965,False
2999,2,,0692IbnCabdZahir.RawdaBahiyya,1120,0845Maqrizi.MusawwadatMawaciz.356,False
3000,3,,0692IbnCabdZahir.RawdaBahiyya,1120,0845Maqrizi.MusawwadatMawaciz.355,True
349,349,383.0,0692IbnCabdZahir.RawdaBahiyya,1121,self,False
2159,0,,0692IbnCabdZahir.RawdaBahiyya,1121,0845Maqrizi.MusawwadatMawaciz.357,False
2160,1,,0692IbnCabdZahir.RawdaBahiyya,1121,0845Maqrizi.MusawwadatMawaciz.358,False
2164,5,,0692IbnCabdZahir.RawdaBahiyya,1121,0845Maqrizi.MusawwadatMawaciz.356,True
2165,6,,0692IbnCabdZahir.RawdaBahiyya,1121,0845Maqrizi.MusawwadatMawaciz.357,True
449,449,483.0,0346Mascudi.MurujDhahab,405,self,False
2376,1,,0346Mascudi.MurujDhahab,405,0845Maqrizi.KhabarCanBashar.3009,False
2380,5,,0346Mascudi.MurujDhahab,405,0930IbnIyas.NuzhatUmam.158,False
2382,7,,0346Mascudi.MurujDhahab,405,0346Mascudi.MurujDhahab.268,True
2233,0,,0387IbnZulaq,1015,0677IbnMuyassar.AkhbarMisr.90,False
2234,1,,0387IbnZulaq,1015,0677IbnMuyassar.AkhbarMisr.91,False
2235,2,,0387IbnZulaq,1015,0845Maqrizi.ItticazHunafa.79,False
2236,3,,0387IbnZulaq,1015,0845Maqrizi.MusawwadatMawaciz.228,False
2238,5,,0387IbnZulaq,1015,0677IbnMuyassar.AkhbarMisr.90,True
2240,7,,0387IbnZulaq,1015,0845Maqrizi.MusawwadatMawaciz.228,True
849,849,899.0,0180Sibawayhi,2032,self,False
2874,0,,0180Sibawayhi,2032,0458IbnSidaMursi.MuhkamWaMuhit.2123,False
2875,1,,0180Sibawayhi,2032,0711IbnManzurIfriqi.LisanCarab.1943,False
2876,2,,0180Sibawayhi,2032,0762MughultayIbnQilij.SharhSunanIbnMaja.1065,False
478,478,515.0,0230IbnSacd.TabaqatKubra,1728,self,False
1355,0,,0230IbnSacd.TabaqatKubra,1728,0230IbnSacd.TabaqatKubra.932,False
1359,4,,0230IbnSacd.TabaqatKubra,1728,0571IbnCasakir.TarikhDimashq.3738,False
1360,5,,0230IbnSacd.TabaqatKubra,1728,0654SibtIbnJawzi.MiratZaman.1829,False
1361,6,,0230IbnSacd.TabaqatKubra,1728,0654SibtIbnJawzi.MiratZaman.1830,False
1365,10,,0230IbnSacd.TabaqatKubra,1728,0654SibtIbnJawzi.MiratZaman.1829,True
1357,2,,0207Waqidi,1728,0279Baladhuri.AnsabAshraf.147,False
1358,3,,0207Waqidi,1728,0279Baladhuri.AnsabAshraf.447,False
1363,8,,0207Waqidi,1728,0279Baladhuri.AnsabAshraf.146,True
1364,9,,0207Waqidi,1728,0279Baladhuri.AnsabAshraf.445,True
536,536,573.0,0630IbnAbiTayyi,924,self,False
3355,0,,0630IbnAbiTayyi,924,0845Maqrizi.MusawwadatMawaciz.194,False
3356,1,,0630IbnAbiTayyi,924,0845Maqrizi.MusawwadatMawaciz.208,False
3357,2,,0630IbnAbiTayyi,924,0665AbuShama.Rawdatayn.359,True
554,554,591.0,0454Qudaci,2126,self,False
3289,0,,0454Qudaci,2126,0615MuwaffaqDinShafici.MurshidZuwwar.8,False
3290,1,,0454Qudaci,2126,0814IbnZayyat.KawakibSayyara.16,False
3291,2,,0454Qudaci,2126,0814IbnZayyat.KawakibSayyara.15,True
557,557,594.0,0375AnonymousTranslator.TarikhCalamUrusiyus,19,self,False
2383,0,,0375AnonymousTranslator.TarikhCalamUrusiyus,19,0375AnonymousTranslator.TarikhCalamUrusiyus.20,False
2384,1,,0375AnonymousTranslator.TarikhCalamUrusiyus,19,0845Maqrizi.KhabarCanBashar.90,False
2385,2,,0375AnonymousTranslator.TarikhCalamUrusiyus,19,0930IbnIyas.NuzhatUmam.3,False
558,558,595.0,0375AnonymousTranslator.TarikhCalamUrusiyus,20,self,False
4122,0,,0375AnonymousTranslator.TarikhCalamUrusiyus,20,0375AnonymousTranslator.TarikhCalamUrusiyus.20,False
4123,1,,0375AnonymousTranslator.TarikhCalamUrusiyus,20,0845Maqrizi.KhabarCanBashar.90,False
4124,2,,0375AnonymousTranslator.TarikhCalamUrusiyus,20,0930IbnIyas.NuzhatUmam.3,False
4125,3,,0375AnonymousTranslator.TarikhCalamUrusiyus,20,0845Maqrizi.KhabarCanBashar.90,True
4126,4,,0375AnonymousTranslator.TarikhCalamUrusiyus,20,0930IbnIyas.NuzhatUmam.3,True
562,562,599.0,0375AnonymousTranslator.TarikhCalamUrusiyus,353,self,False
4042,0,,0375AnonymousTranslator.TarikhCalamUrusiyus,353,0375AnonymousTranslator.TarikhCalamUrusiyus.202,False
4043,1,,0375AnonymousTranslator.TarikhCalamUrusiyus,353,0375AnonymousTranslator.TarikhCalamUrusiyus.251,False
4044,2,,0375AnonymousTranslator.TarikhCalamUrusiyus,353,0375AnonymousTranslator.TarikhCalamUrusiyus.201,True
582,582,629.0,0255Jahiz.Hayawan,66,self,False
2120,3,,0255Jahiz.Hayawan,66,0911Suyuti.HusnMuhadara.42,False
2122,5,,0255Jahiz.Hayawan,66,0930IbnIyas.NuzhatUmam.28,False
2125,8,,0255Jahiz.Hayawan,66,0930IbnIyas.BadaicZuhur.9,True
2128,11,,0255Jahiz.Hayawan,66,0930IbnIyas.NuzhatUmam.28,True
589,589,636.0,0388Shabushti.Diyarat,2232,self,False
4113,0,,0388Shabushti.Diyarat,2232,0626YaqutHamawi.Khazal.74,False
4114,1,,0388Shabushti.Diyarat,2232,0682ZakariyaQazwini.AtharBilad.149,False
4116,3,,0388Shabushti.Diyarat,2232,0626YaqutHamawi.Khazal.73,True
703,703,752.0,0617IbnTuwayr.NuzhatMuqlatayn,1173,self,False
2744,0,,0617IbnTuwayr.NuzhatMuqlatayn,1173,0617IbnTuwayr.NuzhatMuqlatayn.250,False
2745,1,,0617IbnTuwayr.NuzhatMuqlatayn,1173,0617IbnTuwayr.NuzhatMuqlatayn.251,False
2746,2,,0617IbnTuwayr.NuzhatMuqlatayn,1173,0821Qalqashandi.SubhAcsha.1054,False
2747,3,,0617IbnTuwayr.NuzhatMuqlatayn,1173,0617IbnTuwayr.NuzhatMuqlatayn.250,True
2748,4,,0617IbnTuwayr.NuzhatMuqlatayn,1173,0821Qalqashandi.SubhAcsha.1054,True
620,620,669.0,0617IbnTuwayr.NuzhatMuqlatayn,876,self,False
2797,0,,0617IbnTuwayr.NuzhatMuqlatayn,876,0617IbnTuwayr.NuzhatMuqlatayn.251,False
2798,1,,0617IbnTuwayr.NuzhatMuqlatayn,876,0617IbnTuwayr.NuzhatMuqlatayn.252,False
2799,2,,0617IbnTuwayr.NuzhatMuqlatayn,876,0617IbnTuwayr.NuzhatMuqlatayn.250,True
2800,3,,0617IbnTuwayr.NuzhatMuqlatayn,876,0617IbnTuwayr.NuzhatMuqlatayn.251,True
748,748,797.0,0387IbnZulaq,880,self,False
3915,1,,0387IbnZulaq,880,0677IbnMuyassar.AkhbarMisr.92,False
3916,2,,0387IbnZulaq,880,0845Maqrizi.MusawwadatMawaciz.149,False
3919,5,,0387IbnZulaq,880,0677IbnMuyassar.AkhbarMisr.91,True
3921,7,,0387IbnZulaq,880,0845Maqrizi.MusawwadatMawaciz.149,True
636,636,685.0,0617IbnTuwayr.NuzhatMuqlatayn,910,self,False
1989,0,,0617IbnTuwayr.NuzhatMuqlatayn,910,0617IbnTuwayr.NuzhatMuqlatayn.148,False
1990,1,,0617IbnTuwayr.NuzhatMuqlatayn,910,0821Qalqashandi.SubhAcsha.70,False
1991,2,,0617IbnTuwayr.NuzhatMuqlatayn,910,0821Qalqashandi.SubhAcsha.1027,True
639,639,688.0,0617IbnTuwayr.NuzhatMuqlatayn,913,self,False
1618,0,,0617IbnTuwayr.NuzhatMuqlatayn,913,0617IbnTuwayr.NuzhatMuqlatayn.165,False
1619,1,,0617IbnTuwayr.NuzhatMuqlatayn,913,0617IbnTuwayr.NuzhatMuqlatayn.166,False
1620,2,,0617IbnTuwayr.NuzhatMuqlatayn,913,0617IbnTuwayr.NuzhatMuqlatayn.164,True
1621,3,,0617IbnTuwayr.NuzhatMuqlatayn,913,0617IbnTuwayr.NuzhatMuqlatayn.165,True
643,643,692.0,0617IbnTuwayr.NuzhatMuqlatayn,941,self,False
3589,0,,0617IbnTuwayr.NuzhatMuqlatayn,941,0617IbnTuwayr.NuzhatMuqlatayn.185,False
3590,1,,0617IbnTuwayr.NuzhatMuqlatayn,941,0617IbnTuwayr.NuzhatMuqlatayn.184,True
3592,3,,0617IbnTuwayr.NuzhatMuqlatayn,941,0845Maqrizi.MusawwadatMawaciz.205,True
644,644,693.0,0617IbnTuwayr.NuzhatMuqlatayn,942,self,False
2079,0,,0617IbnTuwayr.NuzhatMuqlatayn,942,0617IbnTuwayr.NuzhatMuqlatayn.186,False
2081,2,,0617IbnTuwayr.NuzhatMuqlatayn,942,0845Maqrizi.MusawwadatMawaciz.204,False
2082,3,,0617IbnTuwayr.NuzhatMuqlatayn,942,0617IbnTuwayr.NuzhatMuqlatayn.185,True
2083,4,,0617IbnTuwayr.NuzhatMuqlatayn,942,0845Maqrizi.MusawwadatMawaciz.203,True
645,645,694.0,0617IbnTuwayr.NuzhatMuqlatayn,943,self,False
2631,0,,0617IbnTuwayr.NuzhatMuqlatayn,943,0617IbnTuwayr.NuzhatMuqlatayn.185,False
2633,2,,0617IbnTuwayr.NuzhatMuqlatayn,943,0845Maqrizi.MusawwadatMawaciz.205,False
2634,3,,0617IbnTuwayr.NuzhatMuqlatayn,943,0617IbnTuwayr.NuzhatMuqlatayn.184,True
2637,6,,0617IbnTuwayr.NuzhatMuqlatayn,943,0845Maqrizi.MusawwadatMawaciz.204,True
2638,7,,0617IbnTuwayr.NuzhatMuqlatayn,943,0845Maqrizi.MusawwadatMawaciz.205,True
657,657,706.0,0617IbnTuwayr.NuzhatMuqlatayn,990,self,False
1824,0,,0617IbnTuwayr.NuzhatMuqlatayn,990,0617IbnTuwayr.NuzhatMuqlatayn.164,False
1825,1,,0617IbnTuwayr.NuzhatMuqlatayn,990,0617IbnTuwayr.NuzhatMuqlatayn.163,True
1826,2,,0617IbnTuwayr.NuzhatMuqlatayn,990,0821Qalqashandi.SubhAcsha.1027,True
661,661,710.0,0617IbnTuwayr.NuzhatMuqlatayn,1000,self,False
1256,0,,0617IbnTuwayr.NuzhatMuqlatayn,1000,0617IbnTuwayr.NuzhatMuqlatayn.187,False
1257,1,,0617IbnTuwayr.NuzhatMuqlatayn,1000,0617IbnTuwayr.NuzhatMuqlatayn.192,False
1259,3,,0617IbnTuwayr.NuzhatMuqlatayn,1000,0845Maqrizi.MusawwadatMawaciz.278,False
1260,4,,0617IbnTuwayr.NuzhatMuqlatayn,1000,0617IbnTuwayr.NuzhatMuqlatayn.186,True
1261,5,,0617IbnTuwayr.NuzhatMuqlatayn,1000,0617IbnTuwayr.NuzhatMuqlatayn.187,True
1262,6,,0617IbnTuwayr.NuzhatMuqlatayn,1000,0617IbnTuwayr.NuzhatMuqlatayn.191,True
677,677,726.0,0617IbnTuwayr.NuzhatMuqlatayn,1037,self,False
3840,0,,0617IbnTuwayr.NuzhatMuqlatayn,1037,0821Qalqashandi.SubhAcsha.1027,False
3841,1,,0617IbnTuwayr.NuzhatMuqlatayn,1037,0821Qalqashandi.SubhAcsha.1026,True
3843,3,,0617IbnTuwayr.NuzhatMuqlatayn,1037,0845Maqrizi.MusawwadatMawaciz.278,True
684,684,733.0,0617IbnTuwayr.NuzhatMuqlatayn,1055,self,False
3661,0,,0617IbnTuwayr.NuzhatMuqlatayn,1055,0617IbnTuwayr.NuzhatMuqlatayn.161,False
3662,1,,0617IbnTuwayr.NuzhatMuqlatayn,1055,0617IbnTuwayr.NuzhatMuqlatayn.163,False
3664,3,,0617IbnTuwayr.NuzhatMuqlatayn,1055,0617IbnTuwayr.NuzhatMuqlatayn.160,True
3665,4,,0617IbnTuwayr.NuzhatMuqlatayn,1055,0617IbnTuwayr.NuzhatMuqlatayn.161,True
3667,6,,0617IbnTuwayr.NuzhatMuqlatayn,1055,0845Maqrizi.MusawwadatMawaciz.308,True
3675,0,,0454Qudaci,283,0626YaqutHamawi.MucjamBuldan.2943,False
3676,1,,0454Qudaci,283,0814IbnZayyat.KawakibSayyara.15,False
3677,2,,0454Qudaci,283,0821Qalqashandi.SubhAcsha.948,False
3687,12,,0454Qudaci,283,0626YaqutHamawi.MucjamBuldan.2943,True
3689,14,,0454Qudaci,283,0814IbnZayyat.KawakibSayyara.14,True
3678,3,,0350MuhammadKindi.WulatMisr,283,0821Qalqashandi.SubhAcsha.895,False
3679,4,,0350MuhammadKindi.WulatMisr,283,0874IbnTaghribirdi.NujumZahira.27,False
3682,7,,0350MuhammadKindi.WulatMisr,283,0911Suyuti.HusnMuhadara.94,False
3686,11,,0350MuhammadKindi.WulatMisr,283,0930IbnIyas.NuzhatUmam.134,False
3683,8,,0257IbnCabdHakam.FutuhMisr,283,0911Suyuti.HusnMuhadara.92,False
3684,9,,0257IbnCabdHakam.FutuhMisr,283,0911Suyuti.HusnMuhadara.93,False
3685,10,,0257IbnCabdHakam.FutuhMisr,283,0930IbnIyas.NuzhatUmam.133,False
3688,13,,0257IbnCabdHakam.FutuhMisr,283,0634AbuRabicHimyari.Iktifa.1005,True
3691,16,,0257IbnCabdHakam.FutuhMisr,283,0911Suyuti.HusnMuhadara.91,True
3692,17,,0257IbnCabdHakam.FutuhMisr,283,0911Suyuti.HusnMuhadara.92,True
3693,18,,0257IbnCabdHakam.FutuhMisr,283,0911Suyuti.HusnMuhadara.93,True
3694,19,,0257IbnCabdHakam.FutuhMisr,283,0930IbnIyas.NuzhatUmam.133,True
4095,1,,0350MuhammadKindi.WulatMisr,284,0692IbnCabdZahir.RawdaBahiyya.116,False
4097,3,,0350MuhammadKindi.WulatMisr,284,0911Suyuti.HusnMuhadara.94,False
4098,4,,0350MuhammadKindi.WulatMisr,284,0930IbnIyas.NuzhatUmam.134,False
4100,6,,0350MuhammadKindi.WulatMisr,284,0821Qalqashandi.SubhAcsha.895,True
4101,7,,0350MuhammadKindi.WulatMisr,284,0911Suyuti.HusnMuhadara.94,True
4104,10,,0350MuhammadKindi.WulatMisr,284,0930IbnIyas.NuzhatUmam.134,True
944,0,,0207Waqidi,964,0463IbnCabdBarr.IsticabFiMacrifatAshab.227,False
945,1,,0207Waqidi,964,0571IbnCasakir.TarikhDimashq.5244,False
947,3,,0207Waqidi,964,0571IbnCasakir.TarjamatHusayn.141,False
948,4,,0207Waqidi,964,0660IbnCadim.BughyatTalab.1990,False
949,5,,0207Waqidi,964,0660IbnCadim.BughyatTalab.2080,False
950,6,,0207Waqidi,964,0693IbnAbiFathIrbili.KashfGhumma.566,False
953,9,,0207Waqidi,964,0845Maqrizi.Muqaffa.1383,False
954,10,,0207Waqidi,964,0845Maqrizi.Muqaffa.1400,False
955,11,,0207Waqidi,964,0571IbnCasakir.TarikhDimashq.5242,True
956,12,,0207Waqidi,964,0571IbnCasakir.TarjamatHusayn.139,True
957,13,,0207Waqidi,964,0660IbnCadim.BughyatTalab.1990,True
958,14,,0207Waqidi,964,0660IbnCadim.BughyatTalab.2080,True
959,15,,0207Waqidi,964,0660IbnCadim.TarjamatHusayn.15,True
960,16,,0207Waqidi,964,0660IbnCadim.TarjamatHusayn.108,True
962,18,,0207Waqidi,964,0711IbnManzurIfriqi.MukhtasarTarikhDimashq.1865,True
963,19,,0207Waqidi,964,0845Maqrizi.Muqaffa.1400,True
2189,0,,0276IbnQutaybaDinawari,14,0654SibtIbnJawzi.MiratZaman.120,False
2190,1,,0276IbnQutaybaDinawari,14,0654SibtIbnJawzi.MiratZaman.125,False
2192,3,,0276IbnQutaybaDinawari,14,0736IbnDawadari.KanzDurar.35,False
2197,8,,0276IbnQutaybaDinawari,14,0597IbnJawzi.ZadMasir.972,True
2199,10,,0276IbnQutaybaDinawari,14,0654SibtIbnJawzi.MiratZaman.124,True
2215,0,,0387IbnZulaq,1123,0677IbnMuyassar.AkhbarMisr.93,False
2216,1,,0387IbnZulaq,1123,0677IbnMuyassar.AkhbarMisr.94,False
2218,3,,0387IbnZulaq,1123,0677IbnMuyassar.AkhbarMisr.92,True
2219,4,,0387IbnZulaq,1123,0677IbnMuyassar.AkhbarMisr.93,True
2220,5,,0387IbnZulaq,1123,0845Maqrizi.MusawwadatMawaciz.369,True
2242,1,,0454Qudaci,2104,0626YaqutHamawi.MucjamBuldan.2943,False
2243,2,,0454Qudaci,2104,0814IbnZayyat.KawakibSayyara.15,False
2244,3,,0454Qudaci,2104,0821Qalqashandi.SubhAcsha.948,False
2255,14,,0454Qudaci,2104,0814IbnZayyat.KawakibSayyara.14,True
2249,8,,0257IbnCabdHakam.FutuhMisr,2104,0911Suyuti.HusnMuhadara.92,False
2250,9,,0257IbnCabdHakam.FutuhMisr,2104,0911Suyuti.HusnMuhadara.93,False
2251,10,,0257IbnCabdHakam.FutuhMisr,2104,0930IbnIyas.BadaicZuhur.86,False
2252,11,,0257IbnCabdHakam.FutuhMisr,2104,0930IbnIyas.NuzhatUmam.133,False
2254,13,,0257IbnCabdHakam.FutuhMisr,2104,0634AbuRabicHimyari.Iktifa.1005,True
2257,16,,0257IbnCabdHakam.FutuhMisr,2104,0911Suyuti.HusnMuhadara.91,True
2258,17,,0257IbnCabdHakam.FutuhMisr,2104,0911Suyuti.HusnMuhadara.92,True
2259,18,,0257IbnCabdHakam.FutuhMisr,2104,0911Suyuti.HusnMuhadara.93,True
2260,19,,0257IbnCabdHakam.FutuhMisr,2104,0930IbnIyas.NuzhatUmam.133,True
2288,0,,0375AnonymousTranslator.TarikhCalamUrusiyus,120,0375AnonymousTranslator.TarikhCalamUrusiyus.21,False
2289,1,,0375AnonymousTranslator.TarikhCalamUrusiyus,120,0930IbnIyas.NuzhatUmam.58,False
2290,2,,0375AnonymousTranslator.TarikhCalamUrusiyus,120,0930IbnIyas.NuzhatUmam.59,False
2292,4,,0375AnonymousTranslator.TarikhCalamUrusiyus,120,0375AnonymousTranslator.TarikhCalamUrusiyus.20,True
2293,5,,0375AnonymousTranslator.TarikhCalamUrusiyus,120,0930IbnIyas.NuzhatUmam.58,True
2475,0,,0151IbnIshaq.Sira,645,0213IbnHisham.SiraNabawiyya.25,False
2481,6,,0151IbnIshaq.Sira,645,0581AbuQasimSuhayli.RawdUnuf.90,False
2482,7,,0151IbnIshaq.Sira,645,0608IbnCutyaQudaciTurtushi.TahrirMaqal.222,False
2483,8,,0151IbnIshaq.Sira,645,0774IbnKathir.Bidaya.801,False
2484,9,,0151IbnIshaq.Sira,645,0845Maqrizi.ImtacAsmac.3352,False
2485,10,,0151IbnIshaq.Sira,645,0845Maqrizi.KhabarCanBashar.1684,False
2487,12,,0151IbnIshaq.Sira,645,0581AbuQasimSuhayli.RawdUnuf.89,True
2488,13,,0151IbnIshaq.Sira,645,0645TilimsaniBurri.Jawhara.105,True
2489,14,,0151IbnIshaq.Sira,645,0774IbnKathir.Bidaya.800,True
2490,15,,0151IbnIshaq.Sira,645,0832TaqiFasi.CiqdThamin.226,True
2491,16,,0151IbnIshaq.Sira,645,0832TaqiFasi.ShifaGharam.529,True
2494,19,,0151IbnIshaq.Sira,645,0845Maqrizi.KhabarCanBashar.1683,True
2650,1,,0231IbnZiyadAcrabi,2184,0370AbuMansurAzhari.TahdhibLugha.1138,False
2651,2,,0231IbnZiyadAcrabi,2184,0468IbnAhmadWahidiNaysaburi.TafsirBasit.735,False
2653,4,,0231IbnZiyadAcrabi,2184,0544QadiCiyad.IkmalMuclim.325,False
2658,9,,0231IbnZiyadAcrabi,2184,0756IbnYusufSaminHalabi.CumdatHuffaz.1021,False
2659,10,,0231IbnZiyadAcrabi,2184,0845Maqrizi.KhabarCanBashar.2897,False
2660,11,,0231IbnZiyadAcrabi,2184,0370AbuMansurAzhari.TahdhibLugha.1137,True
2654,5,,0209AbuCubayda,2184,0606FakhrDinRazi.MafatihGhayb.2235,False
2655,6,,0209AbuCubayda,2184,0676Nawawi.TahrirAlfaz.108,False
2661,12,,0209AbuCubayda,2184,0538JarAllahZamakhshari.FaiqFiGharib.830,True
2665,16,,0209AbuCubayda,2184,0815IbnMuhammadShihabDinIbnHaim.TibyanFiTafsirGharib.43,True
2656,7,,0458IbnSidaMursi.MuhkamWaMuhit,2184,0711IbnManzurIfriqi.LisanCarab.1630,False
2657,8,,0458IbnSidaMursi.MuhkamWaMuhit,2184,0711IbnManzurIfriqi.LisanCarab.3436,False
2662,13,,0458IbnSidaMursi.MuhkamWaMuhit,2184,0711IbnManzurIfriqi.LisanCarab.1629,True
2663,14,,0458IbnSidaMursi.MuhkamWaMuhit,2184,0711IbnManzurIfriqi.LisanCarab.1630,True
2664,15,,0458IbnSidaMursi.MuhkamWaMuhit,2184,0711IbnManzurIfriqi.LisanCarab.3435,True
2666,17,,0458IbnSidaMursi.MuhkamWaMuhit,2184,0817MajdDinFiruzabadi.BasairDhawiTamyiz.290,True
2969,1,,0207Waqidi,965,0310Tabari.Tarikh.2349,True
2970,2,,0207Waqidi,965,0463IbnCabdBarr.IsticabFiMacrifatAshab.227,True
2971,3,,0207Waqidi,965,0597IbnJawzi.Muntazam.1363,True
2972,4,,0207Waqidi,965,0660IbnCadim.BughyatTalab.1990,True
2973,5,,0207Waqidi,965,0660IbnCadim.TarjamatHusayn.15,True
3213,0,,0528HakamIbnAbiSalt,277,0613CaliIbnZafir.GharaibTanbihat.60,False
3215,2,,0528HakamIbnAbiSalt,277,0626YaqutHamawi.MucjamBuldan.3253,False
3216,3,,0528HakamIbnAbiSalt,277,0649MuhammadIdrisi.Anwar.182,False
3219,6,,0528HakamIbnAbiSalt,277,0911Suyuti.TuhfatKiram.7,False
3228,15,,0528HakamIbnAbiSalt,277,0911Suyuti.TuhfatKiram.7,True
3369,0,,0454Qudaci,2103,0626YaqutHamawi.MucjamBuldan.2943,False
3370,1,,0454Qudaci,2103,0814IbnZayyat.KawakibSayyara.15,False
3371,2,,0454Qudaci,2103,0821Qalqashandi.SubhAcsha.948,False
3380,11,,0454Qudaci,2103,0814IbnZayyat.KawakibSayyara.14,True
3375,6,,0257IbnCabdHakam.FutuhMisr,2103,0911Suyuti.HusnMuhadara.92,False
3376,7,,0257IbnCabdHakam.FutuhMisr,2103,0911Suyuti.HusnMuhadara.93,False
3377,8,,0257IbnCabdHakam.FutuhMisr,2103,0930IbnIyas.NuzhatUmam.133,False
3379,10,,0257IbnCabdHakam.FutuhMisr,2103,0634AbuRabicHimyari.Iktifa.1005,True
3382,13,,0257IbnCabdHakam.FutuhMisr,2103,0911Suyuti.HusnMuhadara.91,True
3383,14,,0257IbnCabdHakam.FutuhMisr,2103,0911Suyuti.HusnMuhadara.92,True
3384,15,,0257IbnCabdHakam.FutuhMisr,2103,0930IbnIyas.NuzhatUmam.133,True
3406,1,,0528HakamIbnAbiSalt,271,0613CaliIbnZafir.GharaibTanbihat.60,False
3408,3,,0528HakamIbnAbiSalt,271,0626YaqutHamawi.MucjamBuldan.3253,False
3409,4,,0528HakamIbnAbiSalt,271,0649MuhammadIdrisi.Anwar.41,False
3410,5,,0528HakamIbnAbiSalt,271,0649MuhammadIdrisi.Anwar.182,False
3416,11,,0528HakamIbnAbiSalt,271,0911Suyuti.TuhfatKiram.7,False
3417,12,,0528HakamIbnAbiSalt,271,0930IbnIyas.NuzhatUmam.127,False
3424,19,,0528HakamIbnAbiSalt,271,0682ZakariyaQazwini.AtharBilad.203,True
3433,28,,0528HakamIbnAbiSalt,271,0911Suyuti.TuhfatKiram.7,True
3411,6,,0000AnonymousPlural,271,0681IbnKhallikan.WafayatAcyan.504,False
3413,8,,0000AnonymousPlural,271,0733Nuwayri.NihayatArab.217,False
3414,9,,0000AnonymousPlural,271,0749ZaynDinIbnWardi.FathRahim.79,False
3425,20,,0000AnonymousPlural,271,0733Nuwayri.NihayatArab.217,True
3434,29,,0000AnonymousPlural,271,0930IbnIyas.NuzhatUmam.126,True
3709,0,,0257IbnCabdHakam.FutuhMisr,1704,0634AbuRabicHimyari.Iktifa.1005,False
3710,1,,0257IbnCabdHakam.FutuhMisr,1704,0874IbnTaghribirdi.NujumZahira.54,False
3711,2,,0257IbnCabdHakam.FutuhMisr,1704,0911Suyuti.HusnMuhadara.104,False
3712,3,,0257IbnCabdHakam.FutuhMisr,1704,0911Suyuti.HusnMuhadara.106,False
3713,4,,0257IbnCabdHakam.FutuhMisr,1704,0911Suyuti.HusnMuhadara.103,True
3781,0,,0257IbnCabdHakam.FutuhMisr,1674,0634AbuRabicHimyari.Iktifa.1008,False
3782,1,,0257IbnCabdHakam.FutuhMisr,1674,0658IbnAbbar.HullaSiyara.6,False
3784,3,,0257IbnCabdHakam.FutuhMisr,1674,0911Suyuti.HusnMuhadara.90,False
3785,4,,0257IbnCabdHakam.FutuhMisr,1674,0911Suyuti.HusnMuhadara.91,False
3790,9,,0257IbnCabdHakam.FutuhMisr,1674,0634AbuRabicHimyari.Iktifa.1007,True
3796,15,,0257IbnCabdHakam.FutuhMisr,1674,0874IbnTaghribirdi.NujumZahira.15,True
3798,17,,0257IbnCabdHakam.FutuhMisr,1674,0911Suyuti.HusnMuhadara.89,True
3799,18,,0257IbnCabdHakam.FutuhMisr,1674,0911Suyuti.HusnMuhadara.90,True
3783,2,,0454Qudaci,1674,0821Qalqashandi.SubhAcsha.919,False
3787,6,,0454Qudaci,1674,0911Suyuti.HusnMuhadara.574,False
3793,12,,0454Qudaci,1674,0821Qalqashandi.SubhAcsha.918,True
3801,20,,0454Qudaci,1674,0911Suyuti.HusnMuhadara.89,True
3802,21,,0454Qudaci,1674,0911Suyuti.HusnMuhadara.574,True
3948,2,,0528HakamIbnAbiSalt,272,0626YaqutHamawi.MucjamBuldan.3253,False
3949,3,,0528HakamIbnAbiSalt,272,0649MuhammadIdrisi.Anwar.41,False
3952,6,,0528HakamIbnAbiSalt,272,0930IbnIyas.NuzhatUmam.127,False
3955,9,,0528HakamIbnAbiSalt,272,0626YaqutHamawi.MucjamBuldan.3253,True
3957,11,,0528HakamIbnAbiSalt,272,0649MuhammadIdrisi.Anwar.182,True
3961,15,,0528HakamIbnAbiSalt,272,0874IbnTaghribirdi.NujumZahira.28,True
4031,1,,0255Jahiz.Hayawan,1460,0429AbuMansurThacalibi.ThimarQulub.297,False
4033,3,,0255Jahiz.Hayawan,1460,0682ZakariyaQazwini.AtharBilad.237,False
4034,4,,0255Jahiz.Hayawan,1460,0710IbnAydamurMustacsimi.DurrFarid.1189,False
4038,8,,0255Jahiz.Hayawan,1460,0429AbuMansurThacalibi.ThimarQulub.296,True
4041,11,,0255Jahiz.Hayawan,1460,0911Suyuti.HusnMuhadara.634,True
